race_id,date,race_no,stadium,track,title,race_name,grade,class,lane_no,rider_id,rider_name,age,prefecture,score,style,backs,homes,starts,win_rate,quinella_rate,top3_rate,kimarite_nige,kimarite_makuri,kimarite_sashi,kimarite_mark,line_id,line_pos,gear,bank_code,source,field_size,line_count,line_pattern,term
20251015CL1301,2025-10-15,01,,いわき平チャリロト レース結果 （2025年10月15日）,,,,Ａ３,1,,桜井　大地,31,静岡,,,S  B,0,S  B,0,0,0,1,0,0,0,,,,13,chariloto,,,,
20251015CL1301,2025-10-15,01,,いわき平チャリロト レース結果 （2025年10月15日）,,,,Ａ３,3,,岡嵜　浩一,57,神奈,,,0,0,0,0,0,0,0,0,0,0,,,,13,chariloto,,,,
20251015CL1301,2025-10-15,01,,いわき平チャリロト レース結果 （2025年10月15日）,,,,Ａ３,6,,亀井　道佳,47,宮城,,,0,0,0,0,0,0,0,0,0,0,,,,13,chariloto,,,,
20251015CL1301,2025-10-15,01,,いわき平チャリロト レース結果 （2025年10月15日）,,,,Ａ３,2,,増成　富夫,55,岡山,,,0,0,0,0,0,0,0,0,0,0,,,,13,chariloto,,,,
20251015CL1301,2025-10-15,01,,いわき平チャリロト レース結果 （2025年10月15日）,,,,Ａ３,4,,龍門慎太郎,40,岡山,,,0,0,0,0,0,0,0,0,0,0,,,,13,chariloto,,,,
20251015CL1301,2025-10-15,01,,いわき平チャリロト レース結果 （2025年10月15日）,,,,Ａ３,5,,邊見 斎,40,福島,,,0,0,0,0,0,0,0,0,0,0,,,,13,chariloto,,,,
20251015CL1301,2025-10-15,01,,いわき平チャリロト レース結果 （2025年10月15日）,,,,Ａ３,7,,澤亀　浩司,57,福岡,,,0,0,0,0,0,0,0,0,0,0,,,,13,chariloto,,,,
20251015CL1302,2025-10-15,02,,いわき平チャリロト レース結果 （2025年10月15日）,,,,Ａ３,1,,松田　安綱,24,大阪,,,S  B,0,S  B,0,0,0,1,0,0,0,,,,13,chariloto,,,,
20251015CL1302,2025-10-15,02,,いわき平チャリロト レース結果 （2025年10月15日）,,,,Ａ３,2,,山崎　光展,38,京都,,,0,0,0,0,0,0,0,0,0,0,,,,13,chariloto,,,,
20251015CL1302,2025-10-15,02,,いわき平チャリロト レース結果 （2025年10月15日）,,,,Ａ３,6,,松本　琢也,41,兵庫,,,0,0,0,0,0,0,0,0,0,0,,,,13,chariloto,,,,
20251015CL1302,2025-10-15,02,,いわき平チャリロト レース結果 （2025年10月15日）,,,,Ａ３,3,,相樂 修,52,千葉,,,0,0,0,0,0,0,0,0,0,0,,,,13,chariloto,,,,
20251015CL1302,2025-10-15,02,,いわき平チャリロト レース結果 （2025年10月15日）,,,,Ａ３,4,,藤田　和彦,55,神奈,,,0,0,0,0,0,0,0,0,0,0,,,,13,chariloto,,,,
20251015CL1302,2025-10-15,02,,いわき平チャリロト レース結果 （2025年10月15日）,,,,Ａ３,5,,河合　康晴,55,静岡,,,0,0,0,0,0,0,0,0,0,0,,,,13,chariloto,,,,
20251015CL1302,2025-10-15,02,,いわき平チャリロト レース結果 （2025年10月15日）,,,,Ａ３,7,,松木　竜也,56,愛媛,,,0,0,0,0,0,0,0,0,0,0,,,,13,chariloto,,,,
20251015CL1303,2025-10-15,03,,いわき平チャリロト レース結果 （2025年10月15日）,,,,Ａ３,1,,池田　充槻,19,秋田,,,S  B,0,S  B,0,0,0,1,0,0,0,,,,13,chariloto,,,,
20251015CL1303,2025-10-15,03,,いわき平チャリロト レース結果 （2025年10月15日）,,,,Ａ３,3,,鈴木　規純,50,福島,,,0,0,0,0,0,0,0,0,0,0,,,,13,chariloto,,,,
20251015CL1303,2025-10-15,03,,いわき平チャリロト レース結果 （2025年10月15日）,,,,Ａ３,4,,長田　彰人,39,宮城,,,0,0,0,0,0,0,0,0,0,0,,,,13,chariloto,,,,
20251015CL1303,2025-10-15,03,,いわき平チャリロト レース結果 （2025年10月15日）,,,,Ａ３,6,,松本　充生,47,愛媛,,,0,0,0,0,0,0,0,0,0,0,,,,13,chariloto,,,,
20251015CL1303,2025-10-15,03,,いわき平チャリロト レース結果 （2025年10月15日）,,,,Ａ３,2,,近藤　直幹,52,徳島,,,0,0,0,0,0,0,0,0,0,0,,,,13,chariloto,,,,
20251015CL1303,2025-10-15,03,,いわき平チャリロト レース結果 （2025年10月15日）,,,,Ａ３,5,,齋藤 仁,46,徳島,,,0,0,0,0,0,0,0,0,0,0,,,,13,chariloto,,,,
20251015CL1303,2025-10-15,03,,いわき平チャリロト レース結果 （2025年10月15日）,,,,Ａ３,7,,神田　宏行,57,埼玉,,,0,0,0,0,0,0,0,0,0,0,,,,13,chariloto,,,,
20251015CL1304,2025-10-15,04,,いわき平チャリロト レース結果 （2025年10月15日）,,,,Ａ３,2,,足達　重満,50,長崎,,,0,0,0,0,0,0,0,0,1,0,,,,13,chariloto,,,,
20251015CL1304,2025-10-15,04,,いわき平チャリロト レース結果 （2025年10月15日）,,,,Ａ３,1,,鶴 淳志,25,福岡,,,S  B,0,S  B,0,0,0,0,0,0,0,,,,13,chariloto,,,,
20251015CL1304,2025-10-15,04,,いわき平チャリロト レース結果 （2025年10月15日）,,,,Ａ３,5,,中野　功史,47,長崎,,,0,0,0,0,0,0,0,0,0,0,,,,13,chariloto,,,,
20251015CL1304,2025-10-15,04,,いわき平チャリロト レース結果 （2025年10月15日）,,,,Ａ３,4,,三木　翔太,37,群馬,,,0,0,0,0,0,0,0,0,0,0,,,,13,chariloto,,,,
20251015CL1304,2025-10-15,04,,いわき平チャリロト レース結果 （2025年10月15日）,,,,Ａ３,3,,川村　昭弘,50,新潟,,,0,0,0,0,0,0,0,0,0,0,,,,13,chariloto,,,,
20251015CL1304,2025-10-15,04,,いわき平チャリロト レース結果 （2025年10月15日）,,,,Ａ３,6,,滝川　秀嗣,52,愛知,,,0,0,0,0,0,0,0,0,0,0,,,,13,chariloto,,,,
20251015CL1304,2025-10-15,04,,いわき平チャリロト レース結果 （2025年10月15日）,,,,Ａ３,7,,倉田　紘希,24,三重,,,0,0,0,0,0,0,0,0,0,0,,,,13,chariloto,,,,
20251015CL1305,2025-10-15,05,,いわき平チャリロト レース結果 （2025年10月15日）,,,,Ａ１,3,,梶原　大地,28,福岡,,,B,0,B,0,0,0,1,0,0,0,,,,13,chariloto,,,,
20251015CL1305,2025-10-15,05,,いわき平チャリロト レース結果 （2025年10月15日）,,,,Ａ１,1,,近藤　範昌,47,岡山,,,0,0,0,0,0,0,0,0,0,0,,,,13,chariloto,,,,
20251015CL1305,2025-10-15,05,,いわき平チャリロト レース結果 （2025年10月15日）,,,,Ａ１,7,,岡田　啓渡,34,愛媛,,,S,0,S,0,0,0,0,0,0,0,,,,13,chariloto,,,,
20251015CL1305,2025-10-15,05,,いわき平チャリロト レース結果 （2025年10月15日）,,,,Ａ１,2,,上川　直紀,29,栃木,,,0,0,0,0,0,0,0,0,0,0,,,,13,chariloto,,,,
20251015CL1305,2025-10-15,05,,いわき平チャリロト レース結果 （2025年10月15日）,,,,Ａ２,4,,金子周一郎,48,埼玉,,,0,0,0,0,0,0,0,0,0,0,,,,13,chariloto,,,,
20251015CL1305,2025-10-15,05,,いわき平チャリロト レース結果 （2025年10月15日）,,,,Ａ１,5,,朝日 勇,51,愛知,,,0,0,0,0,0,0,0,0,0,0,,,,13,chariloto,,,,
20251015CL1305,2025-10-15,05,,いわき平チャリロト レース結果 （2025年10月15日）,,,,Ａ２,6,,藤井　稜也,29,岐阜,,,0,0,0,0,0,0,0,0,0,0,,,,13,chariloto,,,,
20251015CL1306,2025-10-15,06,,いわき平チャリロト レース結果 （2025年10月15日）,,,,Ａ２,4,,上田 隼,36,岐阜,,,0,0,0,0,0,0,0,0,1,0,,,,13,chariloto,,,,
20251015CL1306,2025-10-15,06,,いわき平チャリロト レース結果 （2025年10月15日）,,,,Ａ１,3,,中川　繁樹,39,京都,,,S  B,0,S  B,0,0,0,0,0,0,0,,,,13,chariloto,,,,
20251015CL1306,2025-10-15,06,,いわき平チャリロト レース結果 （2025年10月15日）,,,,Ａ１,1,,藤原 浩,46,高知,,,0,0,0,0,0,0,0,0,0,0,,,,13,chariloto,,,,
20251015CL1306,2025-10-15,06,,いわき平チャリロト レース結果 （2025年10月15日）,,,,Ａ２,6,,田中　孝法,43,福岡,,,0,0,0,0,0,0,0,0,0,0,,,,13,chariloto,,,,
20251015CL1306,2025-10-15,06,,いわき平チャリロト レース結果 （2025年10月15日）,,,,Ａ２,5,,鳥海 創,24,千葉,,,0,0,0,0,0,0,0,0,0,0,,,,13,chariloto,,,,
20251015CL1306,2025-10-15,06,,いわき平チャリロト レース結果 （2025年10月15日）,,,,Ａ２,2,,中野光太郎,25,徳島,,,0,0,0,0,0,0,0,0,0,0,,,,13,chariloto,,,,
20251015CL1306,2025-10-15,06,,いわき平チャリロト レース結果 （2025年10月15日）,,,,Ａ２,7,,石川　英昭,54,静岡,,,0,0,0,0,0,0,0,0,0,0,,,,13,chariloto,,,,
20251015CL1307,2025-10-15,07,,いわき平チャリロト レース結果 （2025年10月15日）,,,,Ａ１,3,,池邉 聖,30,神奈,,,0,0,0,0,0,0,0,1,0,0,,,,13,chariloto,,,,
20251015CL1307,2025-10-15,07,,いわき平チャリロト レース結果 （2025年10月15日）,,,,Ａ２,1,,梅澤　忠秀,24,三重,,,S  B,0,S  B,0,0,0,0,0,0,0,,,,13,chariloto,,,,
20251015CL1307,2025-10-15,07,,いわき平チャリロト レース結果 （2025年10月15日）,,,,Ａ２,6,,関 敬,49,栃木,,,0,0,0,0,0,0,0,0,0,0,,,,13,chariloto,,,,
20251015CL1307,2025-10-15,07,,いわき平チャリロト レース結果 （2025年10月15日）,,,,Ａ２,7,,稲留　敦貴,24,鹿児,,,0,0,0,0,0,0,0,0,0,0,,,,13,chariloto,,,,
20251015CL1307,2025-10-15,07,,いわき平チャリロト レース結果 （2025年10月15日）,,,,Ａ２,5,,山根　泰道,56,岡山,,,0,0,0,0,0,0,0,0,0,0,,,,13,chariloto,,,,
20251015CL1307,2025-10-15,07,,いわき平チャリロト レース結果 （2025年10月15日）,,,,Ａ１,4,,甲斐　康昭,41,群馬,,,0,0,0,0,0,0,0,0,0,0,,,,13,chariloto,,,,
20251015CL1307,2025-10-15,07,,いわき平チャリロト レース結果 （2025年10月15日）,,,,Ａ１,2,,菊谷　信一,40,大阪,,,0,0,0,0,0,0,0,0,0,0,,,,13,chariloto,,,,
20251015CL1308,2025-10-15,08,,いわき平チャリロト レース結果 （2025年10月15日）,,,,Ａ２,6,,山田　祐太,37,福島,,,0,0,0,0,0,0,0,0,1,0,,,,13,chariloto,,,,
20251015CL1308,2025-10-15,08,,いわき平チャリロト レース結果 （2025年10月15日）,,,,Ａ２,1,,佐々木亮太,21,青森,,,S  B,0,S  B,0,0,0,0,0,0,0,,,,13,chariloto,,,,
20251015CL1308,2025-10-15,08,,いわき平チャリロト レース結果 （2025年10月15日）,,,,Ａ２,2,,鎌田 聡,47,宮城,,,0,0,0,0,0,0,0,0,0,0,,,,13,chariloto,,,,
20251015CL1308,2025-10-15,08,,いわき平チャリロト レース結果 （2025年10月15日）,,,,Ａ２,5,,中村美千隆,49,兵庫,,,0,0,0,0,0,0,0,0,0,0,,,,13,chariloto,,,,
20251015CL1308,2025-10-15,08,,いわき平チャリロト レース結果 （2025年10月15日）,,,,Ａ２,7,,藤縄　洋介,45,兵庫,,,0,0,0,0,0,0,0,0,0,0,,,,13,chariloto,,,,
20251015CL1308,2025-10-15,08,,いわき平チャリロト レース結果 （2025年10月15日）,,,,Ａ１,4,,福田 要,26,宮崎,,,0,0,0,0,0,0,0,0,0,0,,,,13,chariloto,,,,
20251015CL1308,2025-10-15,08,,いわき平チャリロト レース結果 （2025年10月15日）,,,,Ａ２,3,,米澤　大輔,50,徳島,,,0,0,0,0,0,0,0,0,0,0,,,,13,chariloto,,,,
20251015CL1309,2025-10-15,09,,いわき平チャリロト レース結果 （2025年10月15日）,,,,Ａ１,1,,阿部　大樹,36,埼玉,,,0,0,0,0,0,0,0,0,1,0,,,,13,chariloto,,,,
20251015CL1309,2025-10-15,09,,いわき平チャリロト レース結果 （2025年10月15日）,,,,Ａ１,5,,佐野　梅一,49,京都,,,0,0,0,0,0,0,0,0,0,0,,,,13,chariloto,,,,
20251015CL1309,2025-10-15,09,,いわき平チャリロト レース結果 （2025年10月15日）,,,,Ａ１,2,,竹内　雄作,38,岐阜,,,S  B,0,S  B,0,0,0,0,0,0,0,,,,13,chariloto,,,,
20251015CL1309,2025-10-15,09,,いわき平チャリロト レース結果 （2025年10月15日）,,,,Ａ１,4,,土屋　裕二,49,静岡,,,0,0,0,0,0,0,0,0,0,0,,,,13,chariloto,,,,
20251015CL1309,2025-10-15,09,,いわき平チャリロト レース結果 （2025年10月15日）,,,,Ａ１,7,,滝本　泰行,29,岡山,,,0,0,0,0,0,0,0,0,0,0,,,,13,chariloto,,,,
20251015CL1309,2025-10-15,09,,いわき平チャリロト レース結果 （2025年10月15日）,,,,Ａ１,6,,山崎 司,41,福島,,,0,0,0,0,0,0,0,0,0,0,,,,13,chariloto,,,,
20251015CL1309,2025-10-15,09,,いわき平チャリロト レース結果 （2025年10月15日）,,,,Ａ１,3,,立花　昌也,26,青森,,,0,0,0,0,0,0,0,0,0,0,,,,13,chariloto,,,,
20251015CL2201,2025-10-15,01,,前橋,,,,Ｌ１,1,,柳原　真緒,28,福井,,,0,0,0,0,0,0,0,1,0,0,,,,22,chariloto,,,,
20251015CL2201,2025-10-15,01,,前橋,,,,Ｌ１,2,,小坂　知子,40,岐阜,,,S,0,S,0,0,0,0,0,0,0,,,,22,chariloto,,,,
20251015CL2201,2025-10-15,01,,前橋,,,,Ｌ１,4,,千葉　捺美,30,群馬,,,0,0,0,0,0,0,0,0,0,0,,,,22,chariloto,,,,
20251015CL2201,2025-10-15,01,,前橋,,,,Ｌ１,5,,高橋　朋恵,31,東京,,,0,0,0,0,0,0,0,0,0,0,,,,22,chariloto,,,,
20251015CL2201,2025-10-15,01,,前橋,,,,Ｌ１,3,,神戸暖稀羽,21,北海,,,B,0,B,0,0,0,0,0,0,0,,,,22,chariloto,,,,
20251015CL2201,2025-10-15,01,,前橋,,,,Ｌ１,6,,山本さくら,24,愛知,,,0,0,0,0,0,0,0,0,0,0,,,,22,chariloto,,,,
20251015CL2201,2025-10-15,01,,前橋,,,,Ｌ１,7,,池上あかり,25,福岡,,,0,0,0,0,0,0,0,0,0,0,,,,22,chariloto,,,,
20251015CL2202,2025-10-15,02,,前橋,,,,Ｌ１,1,,小林　莉子,32,東京,,,0,0,0,0,0,0,0,1,0,0,,,,22,chariloto,,,,
20251015CL2202,2025-10-15,02,,前橋,,,,Ｌ１,4,,又多　風緑,23,石川,,,0,0,0,0,0,0,0,0,0,0,,,,22,chariloto,,,,
20251015CL2202,2025-10-15,02,,前橋,,,,Ｌ１,3,,加藤 舞,28,沖縄,,,B,0,B,0,0,0,0,0,0,0,,,,22,chariloto,,,,
20251015CL2202,2025-10-15,02,,前橋,,,,Ｌ１,6,,吉村美有紀,23,静岡,,,0,0,0,0,0,0,0,0,0,0,,,,22,chariloto,,,,
20251015CL2202,2025-10-15,02,,前橋,,,,Ｌ１,5,,戸邉香奈実,32,茨城,,,0,0,0,0,0,0,0,0,0,0,,,,22,chariloto,,,,
20251015CL2202,2025-10-15,02,,前橋,,,,Ｌ１,7,,池原 杏,20,沖縄,,,S,0,S,0,0,0,0,0,0,0,,,,22,chariloto,,,,
20251015CL2202,2025-10-15,02,,前橋,,,,Ｌ１,2,,松井　優佳,26,大阪,,,0,0,0,0,0,0,0,0,0,0,,,,22,chariloto,,,,
20251015CL2203,2025-10-15,03,,前橋,,,,Ａ１,1,,田中　洋輔,45,宮崎,,,0,0,0,0,0,0,0,0,1,0,,,,22,chariloto,,,,
20251015CL2203,2025-10-15,03,,前橋,,,,Ａ１,3,,原井　剣也,31,福岡,,,B,0,B,0,0,0,0,0,0,0,,,,22,chariloto,,,,
20251015CL2203,2025-10-15,03,,前橋,,,,Ａ２,2,,吉岡　篤志,46,徳島,,,0,0,0,0,0,0,0,0,0,0,,,,22,chariloto,,,,
20251015CL2203,2025-10-15,03,,前橋,,,,Ａ２,5,,中石　昌芳,50,広島,,,0,0,0,0,0,0,0,0,0,0,,,,22,chariloto,,,,
20251015CL2203,2025-10-15,03,,前橋,,,,Ａ２,7,,坂木田雄介,51,千葉,,,0,0,0,0,0,0,0,0,0,0,,,,22,chariloto,,,,
20251015CL2203,2025-10-15,03,,前橋,,,,Ａ１,4,,三ッ井　武,40,神奈,,,S,0,S,0,0,0,0,0,0,0,,,,22,chariloto,,,,
20251015CL2203,2025-10-15,03,,前橋,,,,Ａ２,6,,三住　博昭,57,神奈,,,0,0,0,0,0,0,0,0,0,0,,,,22,chariloto,,,,
20251015CL2204,2025-10-15,04,,前橋,,,,Ａ１,1,,小竹　洋平,36,福岡,,,0,0,0,0,0,0,0,0,1,0,,,,22,chariloto,,,,
20251015CL2204,2025-10-15,04,,前橋,,,,Ａ１,2,,荒木　伸哉,46,静岡,,,S,0,S,0,0,0,0,0,0,0,,,,22,chariloto,,,,
20251015CL2204,2025-10-15,04,,前橋,,,,Ａ１,4,,竹山　慶太,32,宮城,,,B,0,B,0,0,0,0,0,0,0,,,,22,chariloto,,,,
20251015CL2204,2025-10-15,04,,前橋,,,,Ａ２,5,,伊藤　大理,48,長野,,,0,0,0,0,0,0,0,0,0,0,,,,22,chariloto,,,,
20251015CL2204,2025-10-15,04,,前橋,,,,Ａ２,7,,飯島 淳,49,東京,,,0,0,0,0,0,0,0,0,0,0,,,,22,chariloto,,,,
20251015CL2204,2025-10-15,04,,前橋,,,,Ａ１,3,,松尾　玄太,40,佐賀,,,0,0,0,0,0,0,0,0,0,0,,,,22,chariloto,,,,
20251015CL2204,2025-10-15,04,,前橋,,,,Ａ１,6,,齋藤　一茂,36,群馬,,,0,0,0,0,0,0,0,0,0,0,,,,22,chariloto,,,,
20251015CL2205,2025-10-15,05,,前橋,,,,Ａ２,7,,佐藤　啓斗,28,青森,,,B,0,B,0,0,0,1,0,0,0,,,,22,chariloto,,,,
20251015CL2205,2025-10-15,05,,前橋,,,,Ａ１,1,,古屋　琢晶,39,山梨,,,S,0,S,0,0,0,0,0,0,0,,,,22,chariloto,,,,
20251015CL2205,2025-10-15,05,,前橋,,,,Ａ１,3,,木村　貴宏,48,茨城,,,0,0,0,0,0,0,0,0,0,0,,,,22,chariloto,,,,
20251015CL2205,2025-10-15,05,,前橋,,,,Ａ２,6,,大崎　智久,43,青森,,,0,0,0,0,0,0,0,0,0,0,,,,22,chariloto,,,,
20251015CL2205,2025-10-15,05,,前橋,,,,Ａ２,4,,望月　紀男,48,静岡,,,0,0,0,0,0,0,0,0,0,0,,,,22,chariloto,,,,
20251015CL2205,2025-10-15,05,,前橋,,,,Ａ１,2,,吉永　好宏,50,広島,,,0,0,0,0,0,0,0,0,0,0,,,,22,chariloto,,,,
20251015CL2205,2025-10-15,05,,前橋,,,,Ａ２,5,,久保　光司,28,佐賀,,,0,0,0,0,0,0,0,0,0,0,,,,22,chariloto,,,,
20251015CL2206,2025-10-15,06,,前橋,,,,Ａ１,2,,成田　健児,50,神奈,,,0,0,0,0,0,0,0,0,1,0,,,,22,chariloto,,,,
20251015CL2206,2025-10-15,06,,前橋,,,,Ａ１,3,,望月　一成,29,静岡,,,S  B,0,S  B,0,0,0,0,0,0,0,,,,22,chariloto,,,,
20251015CL2206,2025-10-15,06,,前橋,,,,Ａ２,4,,野上　竜太,29,岡山,,,0,0,0,0,0,0,0,0,0,0,,,,22,chariloto,,,,
20251015CL2206,2025-10-15,06,,前橋,,,,Ａ２,5,,杉浦　康一,60,北海,,,0,0,0,0,0,0,0,0,0,0,,,,22,chariloto,,,,
20251015CL2206,2025-10-15,06,,前橋,,,,Ａ１,6,,松永　真太,43,福岡,,,0,0,0,0,0,0,0,0,0,0,,,,22,chariloto,,,,
20251015CL2206,2025-10-15,06,,前橋,,,,Ａ２,7,,吉良　勝信,51,福岡,,,0,0,0,0,0,0,0,0,0,0,,,,22,chariloto,,,,
20251015CL2206,2025-10-15,06,,前橋,,,,Ａ１,1,,立花　成泰,47,岡山,,,0,0,0,0,0,0,0,0,0,0,,,,22,chariloto,,,,
20251015CL2207,2025-10-15,07,,前橋,,,,Ａ２,3,,黒滝　大翔,30,茨城,,,0,0,0,0,0,0,0,1,0,0,,,,22,chariloto,,,,
20251015CL2207,2025-10-15,07,,前橋,,,,Ａ１,1,,松澤　敬輔,38,北海,,,0,0,0,0,0,0,0,0,0,0,,,,22,chariloto,,,,
20251015CL2207,2025-10-15,07,,前橋,,,,Ａ１,5,,堀 政美,56,茨城,,,0,0,0,0,0,0,0,0,0,0,,,,22,chariloto,,,,
20251015CL2207,2025-10-15,07,,前橋,,,,Ａ２,2,,會澤 龍,36,宮城,,,0,0,0,0,0,0,0,0,0,0,,,,22,chariloto,,,,
20251015CL2207,2025-10-15,07,,前橋,,,,Ａ２,4,,助川翔太郎,29,埼玉,,,B,0,B,0,0,0,0,0,0,0,,,,22,chariloto,,,,
20251015CL2207,2025-10-15,07,,前橋,,,,Ａ２,6,,梶山裕次郎,44,福岡,,,0,0,0,0,0,0,0,0,0,0,,,,22,chariloto,,,,
20251015CL2207,2025-10-15,07,,前橋,,,,Ａ２,7,,松本　一志,29,宮崎,,,0,0,0,0,0,0,0,0,0,0,,,,22,chariloto,,,,
20251015CL2208,2025-10-15,08,,前橋,,,,Ａ１,1,,中島　将尊,31,東京,,,S  B,0,S  B,0,0,0,1,0,0,0,,,,22,chariloto,,,,
20251015CL2208,2025-10-15,08,,前橋,,,,Ａ２,2,,松田　優一,40,茨城,,,0,0,0,0,0,0,0,0,1,0,,,,22,chariloto,,,,
20251015CL2208,2025-10-15,08,,前橋,,,,Ａ２,6,,井上 剛,45,岡山,,,0,0,0,0,0,0,0,0,0,0,,,,22,chariloto,,,,
20251015CL2208,2025-10-15,08,,前橋,,,,Ａ２,5,,瀧野　勝太,38,群馬,,,0,0,0,0,0,0,0,0,0,0,,,,22,chariloto,,,,
20251015CL2208,2025-10-15,08,,前橋,,,,Ａ２,3,,長野　和弘,48,福岡,,,0,0,0,0,0,0,0,0,0,0,,,,22,chariloto,,,,
20251015CL2208,2025-10-15,08,,前橋,,,,Ａ２,7,,松尾　大樹,44,長崎,,,0,0,0,0,0,0,0,0,0,0,,,,22,chariloto,,,,
20251015CL2208,2025-10-15,08,,前橋,,,,Ａ２,4,,高倉　俊宏,39,福岡,,,0,0,0,0,0,0,0,0,0,0,,,,22,chariloto,,,,
20251015CL2209,2025-10-15,09,,前橋,,,,Ａ１,1,,小川将二郎,23,徳島,,,0,0,0,0,0,0,0,0,1,0,,,,22,chariloto,,,,
20251015CL2209,2025-10-15,09,,前橋,,,,Ａ１,2,,原田　亮太,29,千葉,,,B,0,B,0,0,0,0,0,0,0,,,,22,chariloto,,,,
20251015CL2209,2025-10-15,09,,前橋,,,,Ａ１,6,,西田　大志,34,福岡,,,0,0,0,0,0,0,0,0,0,0,,,,22,chariloto,,,,
20251015CL2209,2025-10-15,09,,前橋,,,,Ａ１,5,,柿沼　信也,41,埼玉,,,S,0,S,0,0,0,0,0,0,0,,,,22,chariloto,,,,
20251015CL2209,2025-10-15,09,,前橋,,,,Ａ１,4,,小原　唯志,42,茨城,,,0,0,0,0,0,0,0,0,0,0,,,,22,chariloto,,,,
20251015CL2209,2025-10-15,09,,前橋,,,,Ａ１,3,,真船圭一郎,37,福島,,,0,0,0,0,0,0,0,0,0,0,,,,22,chariloto,,,,
20251015CL2209,2025-10-15,09,,前橋,,,,Ａ１,7,,花田　将司,39,千葉,,,0,0,0,0,0,0,0,0,0,0,,,,22,chariloto,,,,
20251015CL2401,2025-10-15,01,,宇都宮,,,,Ａ２,3,,高野　信元,26,愛知,,,0,0,0,0,0,0,0,1,0,0,,,,24,chariloto,,,,
20251015CL2401,2025-10-15,01,,宇都宮,,,,Ａ２,6,,佐野　洋継,37,京都,,,0,0,0,0,0,0,0,0,0,0,,,,24,chariloto,,,,
20251015CL2401,2025-10-15,01,,宇都宮,,,,Ａ２,5,,坂本 毅,53,岩手,,,0,0,0,0,0,0,0,0,0,0,,,,24,chariloto,,,,
20251015CL2401,2025-10-15,01,,宇都宮,,,,Ａ１,4,,梅田加津也,32,神奈,,,S  B,0,S  B,0,0,0,0,0,0,0,,,,24,chariloto,,,,
20251015CL2401,2025-10-15,01,,宇都宮,,,,Ａ２,1,,山口幸太郎,46,長崎,,,0,0,0,0,0,0,0,0,0,0,,,,24,chariloto,,,,
20251015CL2401,2025-10-15,01,,宇都宮,,,,Ａ２,2,,河野　淳吾,43,神奈,,,0,0,0,0,0,0,0,0,0,0,,,,24,chariloto,,,,
20251015CL2401,2025-10-15,01,,宇都宮,,,,Ａ２,7,,黒田　大介,51,愛媛,,,0,0,0,0,0,0,0,0,0,0,,,,24,chariloto,,,,
20251015CL2402,2025-10-15,02,,宇都宮,,,,Ａ２,5,,小坂 丈,29,茨城,,,0,0,0,0,0,0,0,1,0,0,,,,24,chariloto,,,,
20251015CL2402,2025-10-15,02,,宇都宮,,,,Ａ２,6,,藤井　準也,31,岐阜,,,0,0,0,0,0,0,0,0,0,0,,,,24,chariloto,,,,
20251015CL2402,2025-10-15,02,,宇都宮,,,,Ａ２,2,,布居　大地,28,和歌,,,S,0,S,0,0,0,0,0,0,0,,,,24,chariloto,,,,
20251015CL2402,2025-10-15,02,,宇都宮,,,,Ａ２,4,,峠 祐介,50,埼玉,,,0,0,0,0,0,0,0,0,0,0,,,,24,chariloto,,,,
20251015CL2402,2025-10-15,02,,宇都宮,,,,Ａ２,7,,藤野　貴章,37,佐賀,,,0,0,0,0,0,0,0,0,0,0,,,,24,chariloto,,,,
20251015CL2402,2025-10-15,02,,宇都宮,,,,Ａ１,3,,長松　大祐,27,大分,,,B,0,B,0,0,0,0,0,0,0,,,,24,chariloto,,,,
20251015CL2402,2025-10-15,02,,宇都宮,,,,Ａ２,1,,塚本　和宏,42,栃木,,,0,0,0,0,0,0,0,0,0,0,,,,24,chariloto,,,,
20251015CL2403,2025-10-15,03,,宇都宮,,,,Ａ１,4,,春日　勇人,49,千葉,,,0,0,0,0,0,0,0,0,1,0,,,,24,chariloto,,,,
20251015CL2403,2025-10-15,03,,宇都宮,,,,Ａ１,5,,小松原正登,27,福井,,,0,0,0,0,0,0,0,0,0,0,,,,24,chariloto,,,,
20251015CL2403,2025-10-15,03,,宇都宮,,,,Ａ２,3,,神尾　敬冬,25,静岡,,,0,0,0,0,0,0,0,0,0,0,,,,24,chariloto,,,,
20251015CL2403,2025-10-15,03,,宇都宮,,,,Ａ１,1,,渡邉　高志,48,栃木,,,S,0,S,0,0,0,0,0,0,0,,,,24,chariloto,,,,
20251015CL2403,2025-10-15,03,,宇都宮,,,,Ａ１,7,,古川　貴之,41,佐賀,,,0,0,0,0,0,0,0,0,0,0,,,,24,chariloto,,,,
20251015CL2403,2025-10-15,03,,宇都宮,,,,Ａ１,6,,宮下　一歩,32,長野,,,B,0,B,0,0,0,0,0,0,0,,,,24,chariloto,,,,
20251015CL2403,2025-10-15,03,,宇都宮,,,,Ａ１,2,,谷田　泰平,48,岐阜,,,0,0,0,0,0,0,0,0,0,0,,,,24,chariloto,,,,
20251015CL2404,2025-10-15,04,,宇都宮,,,,Ａ１,1,,森本桂太郎,27,愛媛,,,S  B,0,S  B,0,0,0,1,0,0,0,,,,24,chariloto,,,,
20251015CL2404,2025-10-15,04,,宇都宮,,,,Ａ１,4,,高橋清太郎,40,岡山,,,0,0,0,0,0,0,0,0,0,0,,,,24,chariloto,,,,
20251015CL2404,2025-10-15,04,,宇都宮,,,,Ａ１,7,,櫻井　太士,41,岡山,,,0,0,0,0,0,0,0,0,0,0,,,,24,chariloto,,,,
20251015CL2404,2025-10-15,04,,宇都宮,,,,Ａ２,6,,佐藤　和典,54,神奈,,,0,0,0,0,0,0,0,0,0,0,,,,24,chariloto,,,,
20251015CL2404,2025-10-15,04,,宇都宮,,,,Ａ２,3,,堂村　知哉,42,福井,,,0,0,0,0,0,0,0,0,0,0,,,,24,chariloto,,,,
20251015CL2404,2025-10-15,04,,宇都宮,,,,Ａ１,5,,佐山　寛明,38,奈良,,,0,0,0,0,0,0,0,0,0,0,,,,24,chariloto,,,,
20251015CL2404,2025-10-15,04,,宇都宮,,,,Ａ１,2,,引地　正人,45,秋田,,,0,0,0,0,0,0,0,0,0,0,,,,24,chariloto,,,,
20251015CL2405,2025-10-15,05,,宇都宮,,,,Ａ１,3,,金子　哲大,36,埼玉,,,0,0,0,0,0,0,0,1,0,0,,,,24,chariloto,,,,
20251015CL2405,2025-10-15,05,,宇都宮,,,,Ａ１,7,,内田　英介,44,東京,,,S,0,S,0,0,0,0,0,0,0,,,,24,chariloto,,,,
20251015CL2405,2025-10-15,05,,宇都宮,,,,Ａ１,2,,上田 学,54,愛媛,,,0,0,0,0,0,0,0,0,0,0,,,,24,chariloto,,,,
20251015CL2405,2025-10-15,05,,宇都宮,,,,Ａ２,4,,岡部　伶音,27,福島,,,0,0,0,0,0,0,0,0,0,0,,,,24,chariloto,,,,
20251015CL2405,2025-10-15,05,,宇都宮,,,,Ａ１,1,,金澤　幸司,40,福島,,,0,0,0,0,0,0,0,0,0,0,,,,24,chariloto,,,,
20251015CL2405,2025-10-15,05,,宇都宮,,,,Ａ２,6,,平 総一,54,熊本,,,0,0,0,0,0,0,0,0,0,0,,,,24,chariloto,,,,
20251015CL2405,2025-10-15,05,,宇都宮,,,,Ａ１,5,,大谷　靖茂,43,愛知,,,B,0,B,0,0,0,0,0,0,0,,,,24,chariloto,,,,
20251015CL2406,2025-10-15,06,,宇都宮,,,,Ｓ２,5,,小橋　明紀,52,青森,,,0,0,0,0,0,0,0,0,1,0,,,,24,chariloto,,,,
20251015CL2406,2025-10-15,06,,宇都宮,,,,Ｓ２,3,,室井　竜二,54,徳島,,,0,0,0,0,0,0,0,0,0,0,,,,24,chariloto,,,,
20251015CL2406,2025-10-15,06,,宇都宮,,,,Ｓ２,1,,山口　貴嗣,47,福岡,,,S,0,S,0,0,0,0,0,0,0,,,,24,chariloto,,,,
20251015CL2406,2025-10-15,06,,宇都宮,,,,Ｓ２,2,,磯島　康祐,33,青森,,,B,0,B,0,0,0,0,0,0,0,,,,24,chariloto,,,,
20251015CL2406,2025-10-15,06,,宇都宮,,,,Ｓ２,4,,金ヶ江勇気,29,佐賀,,,0,0,0,0,0,0,0,0,0,0,,,,24,chariloto,,,,
20251015CL2407,2025-10-15,07,,宇都宮,,,,Ｓ１,2,,稲毛　健太,36,和歌,,,S,0,S,0,0,0,0,0,1,0,,,,24,chariloto,,,,
20251015CL2407,2025-10-15,07,,宇都宮,,,,Ｓ２,4,,水谷　好宏,42,大阪,,,0,0,0,0,0,0,0,0,0,0,,,,24,chariloto,,,,
20251015CL2407,2025-10-15,07,,宇都宮,,,,Ｓ２,5,,重倉　高史,40,富山,,,0,0,0,0,0,0,0,0,0,0,,,,24,chariloto,,,,
20251015CL2407,2025-10-15,07,,宇都宮,,,,Ｓ２,1,,金澤　竜二,40,福島,,,0,0,0,0,0,0,0,0,0,0,,,,24,chariloto,,,,
20251015CL2407,2025-10-15,07,,宇都宮,,,,Ｓ２,3,,岡本　英之,46,千葉,,,0,0,0,0,0,0,0,0,0,0,,,,24,chariloto,,,,
20251015CL2407,2025-10-15,07,,宇都宮,,,,Ｓ２,6,,矢口　大樹,37,千葉,,,B,0,B,0,0,0,0,0,0,0,,,,24,chariloto,,,,
20251015CL2408,2025-10-15,08,,宇都宮,,,,Ｓ２,3,,荒川　達郎,26,埼玉,,,0,0,0,0,0,0,0,1,0,0,,,,24,chariloto,,,,
20251015CL2408,2025-10-15,08,,宇都宮,,,,Ｓ２,2,,戸田　洋平,42,岡山,,,S,0,S,0,0,0,0,0,0,0,,,,24,chariloto,,,,
20251015CL2408,2025-10-15,08,,宇都宮,,,,Ｓ２,7,,八日市屋浩,50,石川,,,0,0,0,0,0,0,0,0,0,0,,,,24,chariloto,,,,
20251015CL2408,2025-10-15,08,,宇都宮,,,,Ｓ２,1,,北野　武史,53,石川,,,0,0,0,0,0,0,0,0,0,0,,,,24,chariloto,,,,
20251015CL2408,2025-10-15,08,,宇都宮,,,,Ｓ２,5,,金子　真也,53,群馬,,,0,0,0,0,0,0,0,0,0,0,,,,24,chariloto,,,,
20251015CL2408,2025-10-15,08,,宇都宮,,,,Ｓ２,4,,渡邉　晴智,52,静岡,,,B,0,B,0,0,0,0,0,0,0,,,,24,chariloto,,,,
20251015CL2408,2025-10-15,08,,宇都宮,,,,Ｓ２,6,,浦川　尊明,49,茨城,,,0,0,0,0,0,0,0,0,0,0,,,,24,chariloto,,,,
20251015CL2409,2025-10-15,09,,宇都宮,,,,Ｓ２,5,,川口　雄太,28,徳島,,,B,0,B,0,0,0,1,0,0,0,,,,24,chariloto,,,,
20251015CL2409,2025-10-15,09,,宇都宮,,,,Ｓ２,1,,濱田　浩司,46,愛媛,,,S,0,S,0,0,0,0,0,0,0,,,,24,chariloto,,,,
20251015CL2409,2025-10-15,09,,宇都宮,,,,Ｓ２,4,,田中 誠,42,福岡,,,0,0,0,0,0,0,0,0,0,0,,,,24,chariloto,,,,
20251015CL2409,2025-10-15,09,,宇都宮,,,,Ｓ２,6,,川口　直人,48,神奈,,,0,0,0,0,0,0,0,0,0,0,,,,24,chariloto,,,,
20251015CL2409,2025-10-15,09,,宇都宮,,,,Ｓ２,3,,開坂　秀明,50,青森,,,0,0,0,0,0,0,0,0,0,0,,,,24,chariloto,,,,
20251015CL2409,2025-10-15,09,,宇都宮,,,,Ｓ２,2,,東　龍之介,35,神奈,,,0,0,0,0,0,0,0,0,0,0,,,,24,chariloto,,,,
20251015CL2409,2025-10-15,09,,宇都宮,,,,Ｓ２,7,,稲吉　悠大,39,福岡,,,0,0,0,0,0,0,0,0,0,0,,,,24,chariloto,,,,
20251015CL2410,2025-10-15,10,,宇都宮,,,,Ｓ１,1,,山賀　雅仁,43,千葉,,,0,0,0,0,0,0,0,0,1,0,,,,24,chariloto,,,,
20251015CL2410,2025-10-15,10,,宇都宮,,,,Ｓ２,4,,山下 渡,42,茨城,,,0,0,0,0,0,0,0,0,0,0,,,,24,chariloto,,,,
20251015CL2410,2025-10-15,10,,宇都宮,,,,Ｓ１,5,,小原　太樹,37,神奈,,,0,0,0,0,0,0,0,0,0,0,,,,24,chariloto,,,,
20251015CL2410,2025-10-15,10,,宇都宮,,,,Ｓ１,3,,橋本 強,40,愛媛,,,0,0,0,0,0,0,0,0,0,0,,,,24,chariloto,,,,
20251015CL2410,2025-10-15,10,,宇都宮,,,,Ｓ２,6,,城 幸弘,39,山梨,,,0,0,0,0,0,0,0,0,0,0,,,,24,chariloto,,,,
20251015CL2410,2025-10-15,10,,宇都宮,,,,Ｓ２,2,,福田　稔希,22,栃木,,,S,0,S,0,0,0,0,0,0,0,,,,24,chariloto,,,,
20251015CL2410,2025-10-15,10,,宇都宮,,,,Ｓ２,7,,林 昌幸,23,愛媛,,,B,0,B,0,0,0,0,0,0,0,,,,24,chariloto,,,,
20251015CL2411,2025-10-15,11,,宇都宮,,,,Ｓ１,7,,磯田 旭,35,栃木,,,0,0,0,0,0,0,0,0,1,0,,,,24,chariloto,,,,
20251015CL2411,2025-10-15,11,,宇都宮,,,,Ｓ２,1,,武田 亮,26,東京,,,S  B,0,S  B,0,0,0,0,0,0,0,,,,24,chariloto,,,,
20251015CL2411,2025-10-15,11,,宇都宮,,,,Ｓ１,4,,小林　泰正,31,群馬,,,0,0,0,0,0,0,0,0,0,0,,,,24,chariloto,,,,
20251015CL2411,2025-10-15,11,,宇都宮,,,,Ｓ１,3,,川口公太朗,35,岐阜,,,0,0,0,0,0,0,0,0,0,0,,,,24,chariloto,,,,
20251015CL2411,2025-10-15,11,,宇都宮,,,,Ｓ２,6,,土生　敦弘,26,大阪,,,0,0,0,0,0,0,0,0,0,0,,,,24,chariloto,,,,
20251015CL2411,2025-10-15,11,,宇都宮,,,,Ｓ１,5,,阿竹　智史,43,徳島,,,0,0,0,0,0,0,0,0,0,0,,,,24,chariloto,,,,
20251015CL2411,2025-10-15,11,,宇都宮,,,,Ｓ２,2,,橋本　宇宙,26,佐賀,,,0,0,0,0,0,0,0,0,0,0,,,,24,chariloto,,,,
20251015CL2412,2025-10-15,12,,宇都宮,,,,Ｓ１,1,,村上　博幸,46,京都,,,S,0,S,0,0,0,0,0,1,0,,,,24,chariloto,,,,
20251015CL2412,2025-10-15,12,,宇都宮,,,,Ｓ１,5,,三谷　竜生,38,奈良,,,0,0,0,0,0,0,0,0,0,0,,,,24,chariloto,,,,
20251015CL2412,2025-10-15,12,,宇都宮,,,,Ｓ２,2,,中島　詩音,27,山梨,,,0,0,0,0,0,0,0,0,0,0,,,,24,chariloto,,,,
20251015CL2412,2025-10-15,12,,宇都宮,,,,Ｓ２,4,,柿澤　大貴,36,長野,,,0,0,0,0,0,0,0,0,0,0,,,,24,chariloto,,,,
20251015CL2412,2025-10-15,12,,宇都宮,,,,Ｓ２,3,,坂本　亮馬,40,福岡,,,0,0,0,0,0,0,0,0,0,0,,,,24,chariloto,,,,
20251015CL2412,2025-10-15,12,,宇都宮,,,,Ｓ２,7,,山口　貴弘,41,佐賀,,,0,0,0,0,0,0,0,0,0,0,,,,24,chariloto,,,,
20251015CL2412,2025-10-15,12,,宇都宮,,,,Ｓ２,6,,中村　隆生,25,栃木,,,B,0,B,0,0,0,0,0,0,0,,,,24,chariloto,,,,
20251015CL3501,2025-10-15,01,,平塚チャリロト レース結果 （2025年10月15日）,,,,Ａ３,1,,市川　健太,50,東京,,,S,0,S,0,0,0,0,0,1,0,,,,35,chariloto,,,,
20251015CL3501,2025-10-15,01,,平塚チャリロト レース結果 （2025年10月15日）,,,,Ａ３,4,,真船　拓磨,39,福島,,,0,0,0,0,0,0,0,0,0,0,,,,35,chariloto,,,,
20251015CL3501,2025-10-15,01,,平塚チャリロト レース結果 （2025年10月15日）,,,,Ａ３,3,,木下 章,57,長野,,,0,0,0,0,0,0,0,0,0,0,,,,35,chariloto,,,,
20251015CL3501,2025-10-15,01,,平塚チャリロト レース結果 （2025年10月15日）,,,,Ａ３,5,,清水　健次,32,東京,,,B,0,B,0,0,0,0,0,0,0,,,,35,chariloto,,,,
20251015CL3501,2025-10-15,01,,平塚チャリロト レース結果 （2025年10月15日）,,,,Ａ３,2,,伊藤 司,47,福島,,,0,0,0,0,0,0,0,0,0,0,,,,35,chariloto,,,,
20251015CL3501,2025-10-15,01,,平塚チャリロト レース結果 （2025年10月15日）,,,,Ａ３,6,,中村敏之輔,39,北海,,,0,0,0,0,0,0,0,0,0,0,,,,35,chariloto,,,,
20251015CL3502,2025-10-15,02,,平塚チャリロト レース結果 （2025年10月15日）,,,,Ａ３,2,,門馬　琢麿,41,北海,,,B,0,B,0,0,0,1,0,0,0,,,,35,chariloto,,,,
20251015CL3502,2025-10-15,02,,平塚チャリロト レース結果 （2025年10月15日）,,,,Ａ３,4,,相澤　恵一,38,宮城,,,S,0,S,0,0,0,0,0,0,0,,,,35,chariloto,,,,
20251015CL3502,2025-10-15,02,,平塚チャリロト レース結果 （2025年10月15日）,,,,Ａ３,1,,加藤　正法,36,愛知,,,0,0,0,0,0,0,0,0,0,0,,,,35,chariloto,,,,
20251015CL3502,2025-10-15,02,,平塚チャリロト レース結果 （2025年10月15日）,,,,Ａ３,5,,塚本　貴雄,54,岐阜,,,0,0,0,0,0,0,0,0,0,0,,,,35,chariloto,,,,
20251015CL3502,2025-10-15,02,,平塚チャリロト レース結果 （2025年10月15日）,,,,Ａ３,3,,高瀬 卓,46,埼玉,,,0,0,0,0,0,0,0,0,0,0,,,,35,chariloto,,,,
20251015CL3502,2025-10-15,02,,平塚チャリロト レース結果 （2025年10月15日）,,,,Ａ３,7,,等々力久就,34,長野,,,0,0,0,0,0,0,0,0,0,0,,,,35,chariloto,,,,
20251015CL3502,2025-10-15,02,,平塚チャリロト レース結果 （2025年10月15日）,,,,Ａ３,6,,米倉　剛志,43,千葉,,,0,0,0,0,0,0,0,0,0,0,,,,35,chariloto,,,,
20251015CL3503,2025-10-15,03,,平塚チャリロト レース結果 （2025年10月15日）,,,,Ａ３,2,,吉村　文隆,53,京都,,,0,0,0,0,0,0,0,0,1,0,,,,35,chariloto,,,,
20251015CL3503,2025-10-15,03,,平塚チャリロト レース結果 （2025年10月15日）,,,,Ａ３,4,,土生　智徳,28,大阪,,,B,0,B,0,0,0,0,0,0,0,,,,35,chariloto,,,,
20251015CL3503,2025-10-15,03,,平塚チャリロト レース結果 （2025年10月15日）,,,,Ａ３,1,,佐藤　有輝,46,神奈,,,0,0,0,0,0,0,0,0,0,0,,,,35,chariloto,,,,
20251015CL3503,2025-10-15,03,,平塚チャリロト レース結果 （2025年10月15日）,,,,Ａ３,3,,樋口　奨平,46,富山,,,S,0,S,0,0,0,0,0,0,0,,,,35,chariloto,,,,
20251015CL3503,2025-10-15,03,,平塚チャリロト レース結果 （2025年10月15日）,,,,Ａ３,6,,小林　宏年,60,静岡,,,0,0,0,0,0,0,0,0,0,0,,,,35,chariloto,,,,
20251015CL3503,2025-10-15,03,,平塚チャリロト レース結果 （2025年10月15日）,,,,Ａ３,7,,瀧本　匡平,41,愛知,,,0,0,0,0,0,0,0,0,0,0,,,,35,chariloto,,,,
20251015CL3503,2025-10-15,03,,平塚チャリロト レース結果 （2025年10月15日）,,,,Ａ３,5,,吉松　賢二,39,群馬,,,0,0,0,0,0,0,0,0,0,0,,,,35,chariloto,,,,
20251015CL3504,2025-10-15,04,,平塚チャリロト レース結果 （2025年10月15日）,,,,Ｌ１,2,,杉浦　菜留,25,愛知,,,0,0,0,0,0,0,0,1,0,0,,,,35,chariloto,,,,
20251015CL3504,2025-10-15,04,,平塚チャリロト レース結果 （2025年10月15日）,,,,Ｌ１,7,,青木　美優,31,栃木,,,0,0,0,0,0,0,0,0,0,0,,,,35,chariloto,,,,
20251015CL3504,2025-10-15,04,,平塚チャリロト レース結果 （2025年10月15日）,,,,Ｌ１,3,,谷元　音羽,21,鹿児,,,0,0,0,0,0,0,0,0,0,0,,,,35,chariloto,,,,
20251015CL3504,2025-10-15,04,,平塚チャリロト レース結果 （2025年10月15日）,,,,Ｌ１,6,,藤巻絵里佳,30,福島,,,S,0,S,0,0,0,0,0,0,0,,,,35,chariloto,,,,
20251015CL3504,2025-10-15,04,,平塚チャリロト レース結果 （2025年10月15日）,,,,Ｌ１,4,,萩原　瑞生,29,群馬,,,B,0,B,0,0,0,0,0,0,0,,,,35,chariloto,,,,
20251015CL3504,2025-10-15,04,,平塚チャリロト レース結果 （2025年10月15日）,,,,Ｌ１,1,,渡部 遥,23,愛媛,,,0,0,0,0,0,0,0,0,0,0,,,,35,chariloto,,,,
20251015CL3504,2025-10-15,04,,平塚チャリロト レース結果 （2025年10月15日）,,,,Ｌ１,5,,溝口　香奈,40,大分,,,0,0,0,0,0,0,0,0,0,0,,,,35,chariloto,,,,
20251015CL3505,2025-10-15,05,,平塚チャリロト レース結果 （2025年10月15日）,,,,Ａ１,5,,吉田　元輝,39,茨城,,,0,0,0,0,0,0,0,0,1,0,,,,35,chariloto,,,,
20251015CL3505,2025-10-15,05,,平塚チャリロト レース結果 （2025年10月15日）,,,,Ａ２,2,,阿部 俊,25,静岡,,,S  B,0,S  B,0,0,0,0,0,0,0,,,,35,chariloto,,,,
20251015CL3505,2025-10-15,05,,平塚チャリロト レース結果 （2025年10月15日）,,,,Ａ２,1,,岩崎　大和,41,茨城,,,0,0,0,0,0,0,0,0,0,0,,,,35,chariloto,,,,
20251015CL3505,2025-10-15,05,,平塚チャリロト レース結果 （2025年10月15日）,,,,Ａ２,6,,須藤　雄太,42,千葉,,,0,0,0,0,0,0,0,0,0,0,,,,35,chariloto,,,,
20251015CL3505,2025-10-15,05,,平塚チャリロト レース結果 （2025年10月15日）,,,,Ａ１,7,,四宮　哲郎,52,京都,,,0,0,0,0,0,0,0,0,0,0,,,,35,chariloto,,,,
20251015CL3505,2025-10-15,05,,平塚チャリロト レース結果 （2025年10月15日）,,,,Ａ２,3,,表 大暁,50,富山,,,0,0,0,0,0,0,0,0,0,0,,,,35,chariloto,,,,
20251015CL3505,2025-10-15,05,,平塚チャリロト レース結果 （2025年10月15日）,,,,Ａ２,4,,安藤　宜明,54,神奈,,,0,0,0,0,0,0,0,0,0,0,,,,35,chariloto,,,,
20251015CL3506,2025-10-15,06,,平塚チャリロト レース結果 （2025年10月15日）,,,,Ａ２,3,,貝原　涼太,28,栃木,,,B,0,B,0,0,0,1,0,0,0,,,,35,chariloto,,,,
20251015CL3506,2025-10-15,06,,平塚チャリロト レース結果 （2025年10月15日）,,,,Ａ２,7,,齋藤　昌弘,44,群馬,,,0,0,0,0,0,0,0,0,0,0,,,,35,chariloto,,,,
20251015CL3506,2025-10-15,06,,平塚チャリロト レース結果 （2025年10月15日）,,,,Ａ１,1,,山田　雅之,52,岐阜,,,S,0,S,0,0,0,0,0,0,0,,,,35,chariloto,,,,
20251015CL3506,2025-10-15,06,,平塚チャリロト レース結果 （2025年10月15日）,,,,Ａ２,4,,金子　兼久,48,宮城,,,0,0,0,0,0,0,0,0,0,0,,,,35,chariloto,,,,
20251015CL3506,2025-10-15,06,,平塚チャリロト レース結果 （2025年10月15日）,,,,Ａ２,2,,浅沼　聖士,44,静岡,,,0,0,0,0,0,0,0,0,0,0,,,,35,chariloto,,,,
20251015CL3506,2025-10-15,06,,平塚チャリロト レース結果 （2025年10月15日）,,,,Ａ２,5,,田中　誇士,32,静岡,,,0,0,0,0,0,0,0,0,0,0,,,,35,chariloto,,,,
20251015CL3506,2025-10-15,06,,平塚チャリロト レース結果 （2025年10月15日）,,,,Ａ２,6,,黒川 渉,37,奈良,,,0,0,0,0,0,0,0,0,0,0,,,,35,chariloto,,,,
20251015CL3507,2025-10-15,07,,平塚チャリロト レース結果 （2025年10月15日）,,,,Ａ１,7,,松坂　侑亮,27,神奈,,,0,0,0,0,0,0,0,1,0,0,,,,35,chariloto,,,,
20251015CL3507,2025-10-15,07,,平塚チャリロト レース結果 （2025年10月15日）,,,,Ａ１,4,,徳丸　泰教,40,兵庫,,,0,0,0,0,0,0,0,0,0,0,,,,35,chariloto,,,,
20251015CL3507,2025-10-15,07,,平塚チャリロト レース結果 （2025年10月15日）,,,,Ａ２,2,,前田　拓也,51,大阪,,,0,0,0,0,0,0,0,0,0,0,,,,35,chariloto,,,,
20251015CL3507,2025-10-15,07,,平塚チャリロト レース結果 （2025年10月15日）,,,,Ａ２,5,,弓矢輪太郎,21,三重,,,B,0,B,0,0,0,0,0,0,0,,,,35,chariloto,,,,
20251015CL3507,2025-10-15,07,,平塚チャリロト レース結果 （2025年10月15日）,,,,Ａ２,1,,山田　和巧,47,神奈,,,S,0,S,0,0,0,0,0,0,0,,,,35,chariloto,,,,
20251015CL3507,2025-10-15,07,,平塚チャリロト レース結果 （2025年10月15日）,,,,Ａ２,6,,伊早坂駿一,31,茨城,,,0,0,0,0,0,0,0,0,0,0,,,,35,chariloto,,,,
20251015CL3507,2025-10-15,07,,平塚チャリロト レース結果 （2025年10月15日）,,,,Ａ２,3,,岩橋　則明,53,埼玉,,,0,0,0,0,0,0,0,0,0,0,,,,35,chariloto,,,,
20251015CL3508,2025-10-15,08,,平塚チャリロト レース結果 （2025年10月15日）,,,,Ａ１,7,,尾崎 剛,48,埼玉,,,0,0,0,0,0,0,0,0,1,0,,,,35,chariloto,,,,
20251015CL3508,2025-10-15,08,,平塚チャリロト レース結果 （2025年10月15日）,,,,Ａ１,3,,山田　駿斗,21,千葉,,,S,0,S,0,0,0,0,0,0,0,,,,35,chariloto,,,,
20251015CL3508,2025-10-15,08,,平塚チャリロト レース結果 （2025年10月15日）,,,,Ａ２,2,,佐々木孝司,46,青森,,,0,0,0,0,0,0,0,0,0,0,,,,35,chariloto,,,,
20251015CL3508,2025-10-15,08,,平塚チャリロト レース結果 （2025年10月15日）,,,,Ａ１,5,,山本　恵介,45,福島,,,0,0,0,0,0,0,0,0,0,0,,,,35,chariloto,,,,
20251015CL3508,2025-10-15,08,,平塚チャリロト レース結果 （2025年10月15日）,,,,Ａ１,1,,中山　拓人,25,埼玉,,,B,0,B,0,0,0,0,0,0,0,,,,35,chariloto,,,,
20251015CL3508,2025-10-15,08,,平塚チャリロト レース結果 （2025年10月15日）,,,,Ａ２,4,,高橋　隆太,42,静岡,,,0,0,0,0,0,0,0,0,0,0,,,,35,chariloto,,,,
20251015CL3508,2025-10-15,08,,平塚チャリロト レース結果 （2025年10月15日）,,,,Ａ２,6,,及川　裕奨,44,岩手,,,0,0,0,0,0,0,0,0,0,0,,,,35,chariloto,,,,
20251015CL3509,2025-10-15,09,,平塚チャリロト レース結果 （2025年10月15日）,,,,Ａ３,2,,一守　大葵,20,兵庫,,,0,0,0,0,0,0,0,1,0,0,,,,35,chariloto,,,,
20251015CL3509,2025-10-15,09,,平塚チャリロト レース結果 （2025年10月15日）,,,,Ａ３,5,,坂田 学,49,兵庫,,,0,0,0,0,0,0,0,0,0,0,,,,35,chariloto,,,,
20251015CL3509,2025-10-15,09,,平塚チャリロト レース結果 （2025年10月15日）,,,,Ａ３,3,,小林　和彦,49,群馬,,,0,0,0,0,0,0,0,0,0,0,,,,35,chariloto,,,,
20251015CL3509,2025-10-15,09,,平塚チャリロト レース結果 （2025年10月15日）,,,,Ａ３,1,,鈴木小次廊,22,静岡,,,S  B,0,S  B,0,0,0,0,0,0,0,,,,35,chariloto,,,,
20251015CL3509,2025-10-15,09,,平塚チャリロト レース結果 （2025年10月15日）,,,,Ａ３,4,,畠山　裕行,48,神奈,,,0,0,0,0,0,0,0,0,0,0,,,,35,chariloto,,,,
20251015CL3509,2025-10-15,09,,平塚チャリロト レース結果 （2025年10月15日）,,,,Ａ３,7,,齋藤　輝彦,42,神奈,,,0,0,0,0,0,0,0,0,0,0,,,,35,chariloto,,,,
20251015CL3509,2025-10-15,09,,平塚チャリロト レース結果 （2025年10月15日）,,,,Ａ３,6,,元砂　海人,36,奈良,,,0,0,0,0,0,0,0,0,0,0,,,,35,chariloto,,,,
20251015CL3510,2025-10-15,10,,平塚チャリロト レース結果 （2025年10月15日）,,,,Ｌ１,1,,久米 詩,26,静岡,,,0,0,0,0,0,0,0,0,1,0,,,,35,chariloto,,,,
20251015CL3510,2025-10-15,10,,平塚チャリロト レース結果 （2025年10月15日）,,,,Ｌ１,5,,五味田奈穂,28,千葉,,,S  B,0,S  B,0,0,0,0,0,0,0,,,,35,chariloto,,,,
20251015CL3510,2025-10-15,10,,平塚チャリロト レース結果 （2025年10月15日）,,,,Ｌ１,6,,奥井 迪,43,東京,,,0,0,0,0,0,0,0,0,0,0,,,,35,chariloto,,,,
20251015CL3510,2025-10-15,10,,平塚チャリロト レース結果 （2025年10月15日）,,,,Ｌ１,2,,宇野　紅音,21,岐阜,,,0,0,0,0,0,0,0,0,0,0,,,,35,chariloto,,,,
20251015CL3510,2025-10-15,10,,平塚チャリロト レース結果 （2025年10月15日）,,,,Ｌ１,4,,戸田　瑞姫,22,茨城,,,0,0,0,0,0,0,0,0,0,0,,,,35,chariloto,,,,
20251015CL3510,2025-10-15,10,,平塚チャリロト レース結果 （2025年10月15日）,,,,Ｌ１,3,,山口　優依,30,愛知,,,0,0,0,0,0,0,0,0,0,0,,,,35,chariloto,,,,
20251015CL3510,2025-10-15,10,,平塚チャリロト レース結果 （2025年10月15日）,,,,Ｌ１,7,,佐藤亜貴子,43,神奈,,,0,0,0,0,0,0,0,0,0,0,,,,35,chariloto,,,,
20251015CL3511,2025-10-15,11,,平塚チャリロト レース結果 （2025年10月15日）,,,,Ａ１,5,,金成　和幸,46,福島,,,0,0,0,0,0,0,0,0,1,0,,,,35,chariloto,,,,
20251015CL3511,2025-10-15,11,,平塚チャリロト レース結果 （2025年10月15日）,,,,Ａ１,2,,下井 竜,30,三重,,,B,0,B,0,0,0,0,0,0,0,,,,35,chariloto,,,,
20251015CL3511,2025-10-15,11,,平塚チャリロト レース結果 （2025年10月15日）,,,,Ａ１,4,,小谷 実,38,京都,,,0,0,0,0,0,0,0,0,0,0,,,,35,chariloto,,,,
20251015CL3511,2025-10-15,11,,平塚チャリロト レース結果 （2025年10月15日）,,,,Ａ１,6,,中釜　健次,27,大阪,,,0,0,0,0,0,0,0,0,0,0,,,,35,chariloto,,,,
20251015CL3511,2025-10-15,11,,平塚チャリロト レース結果 （2025年10月15日）,,,,Ａ１,1,,石橋慎太郎,42,静岡,,,S,0,S,0,0,0,0,0,0,0,,,,35,chariloto,,,,
20251015CL3511,2025-10-15,11,,平塚チャリロト レース結果 （2025年10月15日）,,,,Ａ１,3,,依田　翔大,26,山梨,,,0,0,0,0,0,0,0,0,0,0,,,,35,chariloto,,,,
20251015CL3511,2025-10-15,11,,平塚チャリロト レース結果 （2025年10月15日）,,,,Ａ１,7,,真崎新太郎,46,栃木,,,0,0,0,0,0,0,0,0,0,0,,,,35,chariloto,,,,
