race_id,date,race_no,stadium,track,title,race_name,grade,class,lane_no,rider_id,rider_name,age,prefecture,score,style,backs,homes,starts,win_rate,quinella_rate,top3_rate,kimarite_nige,kimarite_makuri,kimarite_sashi,kimarite_mark,finish_pos,line_id,line_pos,gear,bank_code,source,field_size,line_count,line_pattern,start_time,weather,wind,kaizai_no,term
20240103CL2401,2024-01-03,01,,宇都宮,宇都宮競輪 レース結果 （2024年1月3日）,,,Ａ３,4,,對馬　太陽,44,神奈,,,0,0,0,0,0,0,0,0,1,0,1,,,,24,chariloto,6,0,,,,,,
20240103CL2401,2024-01-03,01,,宇都宮,宇都宮競輪 レース結果 （2024年1月3日）,,,Ａ３,5,,米倉　剛志,41,千葉,,,S  B,0,S  B,0,0,0,0,0,0,0,2,,,,24,chariloto,6,0,,,,,,
20240103CL2401,2024-01-03,01,,宇都宮,宇都宮競輪 レース結果 （2024年1月3日）,,,Ａ３,2,,黒瀬　浩一,58,静岡,,,0,0,0,0,0,0,0,0,0,0,3,,,,24,chariloto,6,0,,,,,,
20240103CL2401,2024-01-03,01,,宇都宮,宇都宮競輪 レース結果 （2024年1月3日）,,,Ａ３,1,,廣川　貞治,56,東京,,,0,0,0,0,0,0,0,0,0,0,4,,,,24,chariloto,6,0,,,,,,
20240103CL2401,2024-01-03,01,,宇都宮,宇都宮競輪 レース結果 （2024年1月3日）,,,Ａ３,6,,小酒　大司,37,福島,,,0,0,0,0,0,0,0,0,0,0,5,,,,24,chariloto,6,0,,,,,,
20240103CL2401,2024-01-03,01,,宇都宮,宇都宮競輪 レース結果 （2024年1月3日）,,,Ａ３,3,,廣瀬　裕道,50,茨城,,,0,0,0,0,0,0,0,0,0,0,6,,,,24,chariloto,6,0,,,,,,
20240103CL2402,2024-01-03,02,,宇都宮,宇都宮競輪 レース結果 （2024年1月3日）,,,Ａ３,3,,島田　茂希,37,北海,,,B,0,B,0,0,0,1,0,0,0,1,,,,24,chariloto,6,0,,,,,,
20240103CL2402,2024-01-03,02,,宇都宮,宇都宮競輪 レース結果 （2024年1月3日）,,,Ａ３,2,,中山　善仁,49,新潟,,,0,0,0,0,0,0,0,0,0,0,2,,,,24,chariloto,6,0,,,,,,
20240103CL2402,2024-01-03,02,,宇都宮,宇都宮競輪 レース結果 （2024年1月3日）,,,Ａ３,5,,塚本 諭,47,福島,,,0,0,0,0,0,0,0,0,0,0,3,,,,24,chariloto,6,0,,,,,,
20240103CL2402,2024-01-03,02,,宇都宮,宇都宮競輪 レース結果 （2024年1月3日）,,,Ａ３,6,,岡崎　泰士,54,静岡,,,0,0,0,0,0,0,0,0,0,0,4,,,,24,chariloto,6,0,,,,,,
20240103CL2402,2024-01-03,02,,宇都宮,宇都宮競輪 レース結果 （2024年1月3日）,,,Ａ３,1,,吉澤 賢,45,千葉,,,S,0,S,0,0,0,0,0,0,0,5,,,,24,chariloto,6,0,,,,,,
20240103CL2402,2024-01-03,02,,宇都宮,宇都宮競輪 レース結果 （2024年1月3日）,,,Ａ３,4,,佐野多喜男,44,新潟,,,0,0,0,0,0,0,0,0,0,0,6,,,,24,chariloto,6,0,,,,,,
20240103CL2403,2024-01-03,03,,宇都宮,宇都宮競輪 レース結果 （2024年1月3日）,,,Ａ３,1,,菊池　崇訓,46,栃木,,,S,0,S,0,0,0,0,0,1,0,1,,,,24,chariloto,7,0,,,,,,
20240103CL2403,2024-01-03,03,,宇都宮,宇都宮競輪 レース結果 （2024年1月3日）,,,Ａ３,6,,菱沼　元樹,29,埼玉,,,B,0,B,0,0,0,0,0,0,0,2,,,,24,chariloto,7,0,,,,,,
20240103CL2403,2024-01-03,03,,宇都宮,宇都宮競輪 レース結果 （2024年1月3日）,,,Ａ３,4,,松岡　慶彦,49,栃木,,,0,0,0,0,0,0,0,0,0,0,3,,,,24,chariloto,7,0,,,,,,
20240103CL2403,2024-01-03,03,,宇都宮,宇都宮競輪 レース結果 （2024年1月3日）,,,Ａ３,3,,土屋 宏,46,群馬,,,0,0,0,0,0,0,0,0,0,0,4,,,,24,chariloto,7,0,,,,,,
20240103CL2403,2024-01-03,03,,宇都宮,宇都宮競輪 レース結果 （2024年1月3日）,,,Ａ３,5,,藤原　義晴,42,岩手,,,0,0,0,0,0,0,0,0,0,0,5,,,,24,chariloto,7,0,,,,,,
20240103CL2403,2024-01-03,03,,宇都宮,宇都宮競輪 レース結果 （2024年1月3日）,,,Ａ３,7,,長田　彰人,37,宮城,,,0,0,0,0,0,0,0,0,0,0,6,,,,24,chariloto,7,0,,,,,,
20240103CL2403,2024-01-03,03,,宇都宮,宇都宮競輪 レース結果 （2024年1月3日）,,,Ａ３,2,,桂馬　将人,41,福島,,,0,0,0,0,0,0,0,0,0,0,7,,,,24,chariloto,7,0,,,,,,
20240103CL2404,2024-01-03,04,,宇都宮,宇都宮競輪 レース結果 （2024年1月3日）,,,Ａ３,3,,鈴木　広人,39,神奈,,,0,0,0,0,0,0,0,0,1,0,1,,,,24,chariloto,7,0,,,,,,
20240103CL2404,2024-01-03,04,,宇都宮,宇都宮競輪 レース結果 （2024年1月3日）,,,Ａ３,7,,伊藤 翼,38,神奈,,,B,0,B,0,0,0,0,0,0,0,2,,,,24,chariloto,7,0,,,,,,
20240103CL2404,2024-01-03,04,,宇都宮,宇都宮競輪 レース結果 （2024年1月3日）,,,Ａ３,1,,阿部 晃,43,宮城,,,0,0,0,0,0,0,0,0,0,0,3,,,,24,chariloto,7,0,,,,,,
20240103CL2404,2024-01-03,04,,宇都宮,宇都宮競輪 レース結果 （2024年1月3日）,,,Ａ３,4,,茂木　和臣,54,埼玉,,,0,0,0,0,0,0,0,0,0,0,4,,,,24,chariloto,7,0,,,,,,
20240103CL2404,2024-01-03,04,,宇都宮,宇都宮競輪 レース結果 （2024年1月3日）,,,Ａ３,6,,内海　雅夫,45,群馬,,,0,0,0,0,0,0,0,0,0,0,5,,,,24,chariloto,7,0,,,,,,
20240103CL2404,2024-01-03,04,,宇都宮,宇都宮競輪 レース結果 （2024年1月3日）,,,Ａ３,5,,野崎　修一,60,栃木,,,0,0,0,0,0,0,0,0,0,0,6,,,,24,chariloto,7,0,,,,,,
20240103CL2404,2024-01-03,04,,宇都宮,宇都宮競輪 レース結果 （2024年1月3日）,,,Ａ３,2,,駒井　大輔,48,東京,,,S,0,S,0,0,0,0,0,0,0,7,,,,24,chariloto,7,0,,,,,,
20240103CL2405,2024-01-03,05,,宇都宮,宇都宮競輪 レース結果 （2024年1月3日）,,,Ｌ１,2,,松本　詩乃,24,東京,,,B,0,B,0,0,0,0,1,0,0,1,,,,24,chariloto,7,0,,,,,,
20240103CL2405,2024-01-03,05,,宇都宮,宇都宮競輪 レース結果 （2024年1月3日）,,,Ｌ１,3,,新井　美菜,24,埼玉,,,0,0,0,0,0,0,0,0,0,0,2,,,,24,chariloto,7,0,,,,,,
20240103CL2405,2024-01-03,05,,宇都宮,宇都宮競輪 レース結果 （2024年1月3日）,,,Ｌ１,4,,野寺 楓,25,静岡,,,0,0,0,0,0,0,0,0,0,0,3,,,,24,chariloto,7,0,,,,,,
20240103CL2405,2024-01-03,05,,宇都宮,宇都宮競輪 レース結果 （2024年1月3日）,,,Ｌ１,7,,奈良岡彩子,33,神奈,,,S,0,S,0,0,0,0,0,0,0,4,,,,24,chariloto,7,0,,,,,,
20240103CL2405,2024-01-03,05,,宇都宮,宇都宮競輪 レース結果 （2024年1月3日）,,,Ｌ１,6,,福田　礼佳,28,熊本,,,0,0,0,0,0,0,0,0,0,0,5,,,,24,chariloto,7,0,,,,,,
20240103CL2405,2024-01-03,05,,宇都宮,宇都宮競輪 レース結果 （2024年1月3日）,,,Ｌ１,1,,中瀬　由真,32,大阪,,,0,0,0,0,0,0,0,0,0,0,6,,,,24,chariloto,7,0,,,,,,
20240103CL2405,2024-01-03,05,,宇都宮,宇都宮競輪 レース結果 （2024年1月3日）,,,Ｌ１,5,,高橋美沙紀,32,愛知,,,0,0,0,0,0,0,0,0,0,0,失,,,,24,chariloto,7,0,,,,,,
20240103CL2406,2024-01-03,06,,宇都宮,宇都宮競輪 レース結果 （2024年1月3日）,,,Ａ１,5,,平田 徹,48,静岡,,,0,0,0,0,0,0,0,0,1,0,1,,,,24,chariloto,5,0,,,,,,
20240103CL2406,2024-01-03,06,,宇都宮,宇都宮競輪 レース結果 （2024年1月3日）,,,Ａ２,1,,田中　誇士,30,静岡,,,S  B,0,S  B,0,0,0,0,0,0,0,2,,,,24,chariloto,5,0,,,,,,
20240103CL2406,2024-01-03,06,,宇都宮,宇都宮競輪 レース結果 （2024年1月3日）,,,Ａ２,4,,林 邦彦,50,千葉,,,0,0,0,0,0,0,0,0,0,0,3,,,,24,chariloto,5,0,,,,,,
20240103CL2406,2024-01-03,06,,宇都宮,宇都宮競輪 レース結果 （2024年1月3日）,,,Ａ２,2,,横田　政直,37,群馬,,,0,0,0,0,0,0,0,0,0,0,4,,,,24,chariloto,5,0,,,,,,
20240103CL2406,2024-01-03,06,,宇都宮,宇都宮競輪 レース結果 （2024年1月3日）,,,Ａ２,3,,伊藤　一貴,51,栃木,,,0,0,0,0,0,0,0,0,0,0,5,,,,24,chariloto,5,0,,,,,,
20240103CL2407,2024-01-03,07,,宇都宮,宇都宮競輪 レース結果 （2024年1月3日）,,,Ａ２,5,,櫻川　雅彦,39,千葉,,,0,0,0,0,0,0,0,0,1,0,1,,,,24,chariloto,6,0,,,,,,
20240103CL2407,2024-01-03,07,,宇都宮,宇都宮競輪 レース結果 （2024年1月3日）,,,Ａ２,2,,斯波　雅貴,54,静岡,,,0,0,0,0,0,0,0,0,0,0,2,,,,24,chariloto,6,0,,,,,,
20240103CL2407,2024-01-03,07,,宇都宮,宇都宮競輪 レース結果 （2024年1月3日）,,,Ａ２,1,,荻原　寿嗣,29,北海,,,S  B,0,S  B,0,0,0,0,0,0,0,3,,,,24,chariloto,6,0,,,,,,
20240103CL2407,2024-01-03,07,,宇都宮,宇都宮競輪 レース結果 （2024年1月3日）,,,Ａ２,3,,渡邉　藤男,57,栃木,,,0,0,0,0,0,0,0,0,0,0,4,,,,24,chariloto,6,0,,,,,,
20240103CL2407,2024-01-03,07,,宇都宮,宇都宮競輪 レース結果 （2024年1月3日）,,,Ａ２,6,,丸山　勝也,44,静岡,,,0,0,0,0,0,0,0,0,0,0,5,,,,24,chariloto,6,0,,,,,,
20240103CL2407,2024-01-03,07,,宇都宮,宇都宮競輪 レース結果 （2024年1月3日）,,,Ａ２,4,,佐藤 学,36,栃木,,,0,0,0,0,0,0,0,0,0,0,6,,,,24,chariloto,6,0,,,,,,
20240103CL2408,2024-01-03,08,,宇都宮,宇都宮競輪 レース結果 （2024年1月3日）,,,Ａ１,7,,菊池 翔,29,福島,,,B,0,B,0,0,0,1,0,0,0,1,,,,24,chariloto,7,0,,,,,,
20240103CL2408,2024-01-03,08,,宇都宮,宇都宮競輪 レース結果 （2024年1月3日）,,,Ａ２,3,,相澤　恵一,36,宮城,,,S,0,S,0,0,0,0,0,0,0,2,,,,24,chariloto,7,0,,,,,,
20240103CL2408,2024-01-03,08,,宇都宮,宇都宮競輪 レース結果 （2024年1月3日）,,,Ａ２,6,,中野 良,48,北海,,,0,0,0,0,0,0,0,0,0,0,3,,,,24,chariloto,7,0,,,,,,
20240103CL2408,2024-01-03,08,,宇都宮,宇都宮競輪 レース結果 （2024年1月3日）,,,Ａ１,1,,成清謙二郎,40,千葉,,,0,0,0,0,0,0,0,0,0,0,4,,,,24,chariloto,7,0,,,,,,
20240103CL2408,2024-01-03,08,,宇都宮,宇都宮競輪 レース結果 （2024年1月3日）,,,Ａ１,4,,野村　純宏,47,神奈,,,0,0,0,0,0,0,0,0,0,0,5,,,,24,chariloto,7,0,,,,,,
20240103CL2408,2024-01-03,08,,宇都宮,宇都宮競輪 レース結果 （2024年1月3日）,,,Ａ２,2,,井上　雄三,40,埼玉,,,0,0,0,0,0,0,0,0,0,0,6,,,,24,chariloto,7,0,,,,,,
20240103CL2408,2024-01-03,08,,宇都宮,宇都宮競輪 レース結果 （2024年1月3日）,,,Ａ２,5,,薮田　貴幸,36,茨城,,,0,0,0,0,0,0,0,0,0,0,7,,,,24,chariloto,7,0,,,,,,
20240103CL2409,2024-01-03,09,,宇都宮,宇都宮競輪 レース結果 （2024年1月3日）,,,Ａ２,1,,小坂 丈,28,茨城,,,S  B,0,S  B,0,0,0,1,0,0,0,1,,,,24,chariloto,7,0,,,,,,
20240103CL2409,2024-01-03,09,,宇都宮,宇都宮競輪 レース結果 （2024年1月3日）,,,Ａ１,3,,小島　雅章,48,埼玉,,,0,0,0,0,0,0,0,0,0,0,2,,,,24,chariloto,7,0,,,,,,
20240103CL2409,2024-01-03,09,,宇都宮,宇都宮競輪 レース結果 （2024年1月3日）,,,Ａ１,7,,北村　貴幸,52,群馬,,,0,0,0,0,0,0,0,0,0,0,3,,,,24,chariloto,7,0,,,,,,
20240103CL2409,2024-01-03,09,,宇都宮,宇都宮競輪 レース結果 （2024年1月3日）,,,Ａ１,4,,田原　宥明,33,北海,,,0,0,0,0,0,0,0,0,0,0,4,,,,24,chariloto,7,0,,,,,,
20240103CL2409,2024-01-03,09,,宇都宮,宇都宮競輪 レース結果 （2024年1月3日）,,,Ａ１,2,,金澤　幸司,38,福島,,,0,0,0,0,0,0,0,0,0,0,5,,,,24,chariloto,7,0,,,,,,
20240103CL2409,2024-01-03,09,,宇都宮,宇都宮競輪 レース結果 （2024年1月3日）,,,Ａ２,5,,篠崎　高志,51,栃木,,,0,0,0,0,0,0,0,0,0,0,6,,,,24,chariloto,7,0,,,,,,
20240103CL2409,2024-01-03,09,,宇都宮,宇都宮競輪 レース結果 （2024年1月3日）,,,Ａ２,6,,煤賀　隆幸,48,秋田,,,0,0,0,0,0,0,0,0,0,0,7,,,,24,chariloto,7,0,,,,,,
20240103CL2410,2024-01-03,10,,宇都宮,宇都宮競輪 レース結果 （2024年1月3日）,,,Ａ３,2,,坪内 恒,32,千葉,,,0,0,0,0,0,0,0,0,1,0,1,,,,24,chariloto,7,0,,,,,,
20240103CL2410,2024-01-03,10,,宇都宮,宇都宮競輪 レース結果 （2024年1月3日）,,,Ａ３,1,,吉田　晏生,24,埼玉,,,S  B,0,S  B,0,0,0,0,0,0,0,2,,,,24,chariloto,7,0,,,,,,
20240103CL2410,2024-01-03,10,,宇都宮,宇都宮競輪 レース結果 （2024年1月3日）,,,Ａ３,7,,菊地 圭,22,宮城,,,0,0,0,0,0,0,0,0,0,0,3,,,,24,chariloto,7,0,,,,,,
20240103CL2410,2024-01-03,10,,宇都宮,宇都宮競輪 レース結果 （2024年1月3日）,,,Ａ３,5,,松山　正和,52,静岡,,,0,0,0,0,0,0,0,0,0,0,4,,,,24,chariloto,7,0,,,,,,
20240103CL2410,2024-01-03,10,,宇都宮,宇都宮競輪 レース結果 （2024年1月3日）,,,Ａ３,4,,羽石　国臣,48,栃木,,,0,0,0,0,0,0,0,0,0,0,5,,,,24,chariloto,7,0,,,,,,
20240103CL2410,2024-01-03,10,,宇都宮,宇都宮競輪 レース結果 （2024年1月3日）,,,Ａ３,3,,前川　裕希,46,北海,,,0,0,0,0,0,0,0,0,0,0,6,,,,24,chariloto,7,0,,,,,,
20240103CL2410,2024-01-03,10,,宇都宮,宇都宮競輪 レース結果 （2024年1月3日）,,,Ａ３,6,,山田慎一郎,44,神奈,,,0,0,0,0,0,0,0,0,0,0,7,,,,24,chariloto,7,0,,,,,,
20240103CL2411,2024-01-03,11,,宇都宮,宇都宮競輪 レース結果 （2024年1月3日）,,,Ｌ１,1,,荒牧　聖未,33,栃木,,,0,0,0,0,0,0,0,0,1,0,1,,,,24,chariloto,7,0,,,,,,
20240103CL2411,2024-01-03,11,,宇都宮,宇都宮競輪 レース結果 （2024年1月3日）,,,Ｌ１,2,,熊谷　芽緯,20,岩手,,,S,0,S,0,0,0,0,0,0,0,2,,,,24,chariloto,7,0,,,,,,
20240103CL2411,2024-01-03,11,,宇都宮,宇都宮競輪 レース結果 （2024年1月3日）,,,Ｌ１,4,,増茂るるこ,32,東京,,,0,0,0,0,0,0,0,0,0,0,3,,,,24,chariloto,7,0,,,,,,
20240103CL2411,2024-01-03,11,,宇都宮,宇都宮競輪 レース結果 （2024年1月3日）,,,Ｌ１,3,,下条　未悠,23,富山,,,B,0,B,0,0,0,0,0,0,0,4,,,,24,chariloto,7,0,,,,,,
20240103CL2411,2024-01-03,11,,宇都宮,宇都宮競輪 レース結果 （2024年1月3日）,,,Ｌ１,6,,畠山ひすい,21,北海,,,0,0,0,0,0,0,0,0,0,0,5,,,,24,chariloto,7,0,,,,,,
20240103CL2411,2024-01-03,11,,宇都宮,宇都宮競輪 レース結果 （2024年1月3日）,,,Ｌ１,7,,山口　伊吹,24,長崎,,,0,0,0,0,0,0,0,0,0,0,6,,,,24,chariloto,7,0,,,,,,
20240103CL2411,2024-01-03,11,,宇都宮,宇都宮競輪 レース結果 （2024年1月3日）,,,Ｌ１,5,,加瀬加奈子,43,新潟,,,0,0,0,0,0,0,0,0,0,0,7,,,,24,chariloto,7,0,,,,,,
20240103CL2412,2024-01-03,12,,宇都宮,宇都宮競輪 レース結果 （2024年1月3日）,,,Ａ１,7,,内山　雅貴,28,静岡,,,0,0,0,0,0,0,0,0,1,0,1,,,,24,chariloto,7,0,,,,,,
20240103CL2412,2024-01-03,12,,宇都宮,宇都宮競輪 レース結果 （2024年1月3日）,,,Ａ１,2,,鈴木　良太,46,静岡,,,0,0,0,0,0,0,0,0,0,0,2,,,,24,chariloto,7,0,,,,,,
20240103CL2412,2024-01-03,12,,宇都宮,宇都宮競輪 レース結果 （2024年1月3日）,,,Ａ１,1,,高塩　讓次,40,栃木,,,S,0,S,0,0,0,0,0,0,0,3,,,,24,chariloto,7,0,,,,,,
20240103CL2412,2024-01-03,12,,宇都宮,宇都宮競輪 レース結果 （2024年1月3日）,,,Ａ１,4,,佐々木和紀,26,神奈,,,0,0,0,0,0,0,0,0,0,0,4,,,,24,chariloto,7,0,,,,,,
20240103CL2412,2024-01-03,12,,宇都宮,宇都宮競輪 レース結果 （2024年1月3日）,,,Ａ１,6,,宮下　一歩,31,長野,,,B,0,B,0,0,0,0,0,0,0,5,,,,24,chariloto,7,0,,,,,,
20240103CL2412,2024-01-03,12,,宇都宮,宇都宮競輪 レース結果 （2024年1月3日）,,,Ａ１,5,,藤田　周磨,26,埼玉,,,0,0,0,0,0,0,0,0,0,0,6,,,,24,chariloto,7,0,,,,,,
20240103CL2412,2024-01-03,12,,宇都宮,宇都宮競輪 レース結果 （2024年1月3日）,,,Ａ１,3,,田頭　寛之,35,千葉,,,0,0,0,0,0,0,0,0,0,0,7,,,,24,chariloto,7,0,,,,,,
20240103CL2701,2024-01-03,01,,京王閣,京王閣競輪 レース結果 （2024年1月3日）,,,Ａ２,3,,若林　耕司,43,群馬,,,0,0,0,0,0,0,0,0,1,0,1,,,,27,chariloto,6,0,,,,,,
20240103CL2701,2024-01-03,01,,京王閣,京王閣競輪 レース結果 （2024年1月3日）,,,Ａ２,5,,黒崎　直行,57,栃木,,,0,0,0,0,0,0,0,0,0,0,2,,,,27,chariloto,6,0,,,,,,
20240103CL2701,2024-01-03,01,,京王閣,京王閣競輪 レース結果 （2024年1月3日）,,,Ａ１,2,,太田　将成,27,宮城,,,0,0,0,0,0,0,0,0,0,0,3,,,,27,chariloto,6,0,,,,,,
20240103CL2701,2024-01-03,01,,京王閣,京王閣競輪 レース結果 （2024年1月3日）,,,Ａ２,1,,松本　一成,48,新潟,,,S  B,0,S  B,0,0,0,0,0,0,0,4,,,,27,chariloto,6,0,,,,,,
20240103CL2701,2024-01-03,01,,京王閣,京王閣競輪 レース結果 （2024年1月3日）,,,Ａ２,4,,坂本　昌宏,39,青森,,,0,0,0,0,0,0,0,0,0,0,5,,,,27,chariloto,6,0,,,,,,
20240103CL2701,2024-01-03,01,,京王閣,京王閣競輪 レース結果 （2024年1月3日）,,,Ａ２,6,,岡崎　和久,47,奈良,,,0,0,0,0,0,0,0,0,0,0,6,,,,27,chariloto,6,0,,,,,,
20240103CL2702,2024-01-03,02,,京王閣,京王閣競輪 レース結果 （2024年1月3日）,,,Ａ２,1,,井上　公利,42,宮城,,,S,0,S,0,0,0,0,0,1,0,1,,,,27,chariloto,6,0,,,,,,
20240103CL2702,2024-01-03,02,,京王閣,京王閣競輪 レース結果 （2024年1月3日）,,,Ａ２,5,,竹内　優也,43,北海,,,0,0,0,0,0,0,0,0,0,0,2,,,,27,chariloto,6,0,,,,,,
20240103CL2702,2024-01-03,02,,京王閣,京王閣競輪 レース結果 （2024年1月3日）,,,Ａ２,3,,勝俣 亮,46,神奈,,,B,0,B,0,0,0,0,0,0,0,3,,,,27,chariloto,6,0,,,,,,
20240103CL2702,2024-01-03,02,,京王閣,京王閣競輪 レース結果 （2024年1月3日）,,,Ａ２,4,,安達　隆己,27,栃木,,,0,0,0,0,0,0,0,0,0,0,4,,,,27,chariloto,6,0,,,,,,
20240103CL2702,2024-01-03,02,,京王閣,京王閣競輪 レース結果 （2024年1月3日）,,,Ａ２,6,,吉野 猛,50,愛知,,,0,0,0,0,0,0,0,0,0,0,5,,,,27,chariloto,6,0,,,,,,
20240103CL2702,2024-01-03,02,,京王閣,京王閣競輪 レース結果 （2024年1月3日）,,,Ａ２,2,,鈴木　宏章,48,栃木,,,0,0,0,0,0,0,0,0,0,0,6,,,,27,chariloto,6,0,,,,,,
20240103CL2703,2024-01-03,03,,京王閣,京王閣競輪 レース結果 （2024年1月3日）,,,Ａ１,1,,内藤　久文,31,愛知,,,0,0,0,0,0,0,0,1,0,0,1,,,,27,chariloto,7,0,,,,,,
20240103CL2703,2024-01-03,03,,京王閣,京王閣競輪 レース結果 （2024年1月3日）,,,Ａ１,4,,山田　雅之,51,岐阜,,,S,0,S,0,0,0,0,0,0,0,2,,,,27,chariloto,7,0,,,,,,
20240103CL2703,2024-01-03,03,,京王閣,京王閣競輪 レース結果 （2024年1月3日）,,,Ａ２,6,,安藤　宜明,53,神奈,,,0,0,0,0,0,0,0,0,0,0,3,,,,27,chariloto,7,0,,,,,,
20240103CL2703,2024-01-03,03,,京王閣,京王閣競輪 レース結果 （2024年1月3日）,,,Ａ１,2,,堀 政美,54,茨城,,,0,0,0,0,0,0,0,0,0,0,4,,,,27,chariloto,7,0,,,,,,
20240103CL2703,2024-01-03,03,,京王閣,京王閣競輪 レース結果 （2024年1月3日）,,,Ａ１,3,,大崎　和也,36,青森,,,0,0,0,0,0,0,0,0,0,0,5,,,,27,chariloto,7,0,,,,,,
20240103CL2703,2024-01-03,03,,京王閣,京王閣競輪 レース結果 （2024年1月3日）,,,Ａ１,5,,太田　真一,48,埼玉,,,0,0,0,0,0,0,0,0,0,0,6,,,,27,chariloto,7,0,,,,,,
20240103CL2703,2024-01-03,03,,京王閣,京王閣競輪 レース結果 （2024年1月3日）,,,Ａ２,7,,齋藤　一茂,35,群馬,,,B,0,B,0,0,0,0,0,0,0,7,,,,27,chariloto,7,0,,,,,,
20240103CL2704,2024-01-03,04,,京王閣,京王閣競輪 レース結果 （2024年1月3日）,,,Ａ１,1,,古川　宗行,37,東京,,,S,0,S,0,0,0,0,0,1,0,1,,,,27,chariloto,7,0,,,,,,
20240103CL2704,2024-01-03,04,,京王閣,京王閣競輪 レース結果 （2024年1月3日）,,,Ａ１,2,,岡本　英之,44,千葉,,,0,0,0,0,0,0,0,0,0,0,2,,,,27,chariloto,7,0,,,,,,
20240103CL2704,2024-01-03,04,,京王閣,京王閣競輪 レース結果 （2024年1月3日）,,,Ａ１,7,,眞原　健一,50,神奈,,,0,0,0,0,0,0,0,0,0,0,3,,,,27,chariloto,7,0,,,,,,
20240103CL2704,2024-01-03,04,,京王閣,京王閣競輪 レース結果 （2024年1月3日）,,,Ａ２,6,,飯島 淳,47,東京,,,0,0,0,0,0,0,0,0,0,0,4,,,,27,chariloto,7,0,,,,,,
20240103CL2704,2024-01-03,04,,京王閣,京王閣競輪 レース結果 （2024年1月3日）,,,Ａ２,4,,山崎 晃,38,石川,,,0,0,0,0,0,0,0,0,0,0,5,,,,27,chariloto,7,0,,,,,,
20240103CL2704,2024-01-03,04,,京王閣,京王閣競輪 レース結果 （2024年1月3日）,,,Ａ１,3,,佐山　寛明,36,奈良,,,B,0,B,0,0,0,0,0,0,0,6,,,,27,chariloto,7,0,,,,,,
20240103CL2704,2024-01-03,04,,京王閣,京王閣競輪 レース結果 （2024年1月3日）,,,Ａ１,5,,金子　兼久,46,宮城,,,0,0,0,0,0,0,0,0,0,0,7,,,,27,chariloto,7,0,,,,,,
20240103CL2705,2024-01-03,05,,京王閣,京王閣競輪 レース結果 （2024年1月3日）,,,Ｓ２,2,,小島 歩,34,神奈,,,0,0,0,0,0,0,0,0,1,0,1,,,,27,chariloto,6,0,,,,,,
20240103CL2705,2024-01-03,05,,京王閣,京王閣競輪 レース結果 （2024年1月3日）,,,Ｓ２,1,,岡 光良,42,埼玉,,,S,0,S,0,0,0,0,0,0,0,2,,,,27,chariloto,6,0,,,,,,
20240103CL2705,2024-01-03,05,,京王閣,京王閣競輪 レース結果 （2024年1月3日）,,,Ｓ２,3,,坂本　匡洋,40,大阪,,,0,0,0,0,0,0,0,0,0,0,3,,,,27,chariloto,6,0,,,,,,
20240103CL2705,2024-01-03,05,,京王閣,京王閣競輪 レース結果 （2024年1月3日）,,,Ｓ２,6,,長井　妙樹,35,東京,,,0,0,0,0,0,0,0,0,0,0,3,,,,27,chariloto,6,0,,,,,,
20240103CL2705,2024-01-03,05,,京王閣,京王閣競輪 レース結果 （2024年1月3日）,,,Ｓ２,4,,梁島　邦友,24,茨城,,,B,0,B,0,0,0,0,0,0,0,5,,,,27,chariloto,6,0,,,,,,
20240103CL2705,2024-01-03,05,,京王閣,京王閣競輪 レース結果 （2024年1月3日）,,,Ｓ２,5,,小笠原昭太,47,青森,,,0,0,0,0,0,0,0,0,0,0,6,,,,27,chariloto,6,0,,,,,,
20240103CL2706,2024-01-03,06,,京王閣,京王閣競輪 レース結果 （2024年1月3日）,,,Ｓ１,3,,萩原　孝之,46,静岡,,,0,0,0,0,0,0,0,0,1,0,1,,,,27,chariloto,6,0,,,,,,
20240103CL2706,2024-01-03,06,,京王閣,京王閣競輪 レース結果 （2024年1月3日）,,,Ｓ２,2,,宿口　潤平,41,埼玉,,,B,0,B,0,0,0,0,0,0,0,2,,,,27,chariloto,6,0,,,,,,
20240103CL2706,2024-01-03,06,,京王閣,京王閣競輪 レース結果 （2024年1月3日）,,,Ｓ２,4,,尾崎 剛,46,埼玉,,,0,0,0,0,0,0,0,0,0,0,3,,,,27,chariloto,6,0,,,,,,
20240103CL2706,2024-01-03,06,,京王閣,京王閣競輪 レース結果 （2024年1月3日）,,,Ｓ１,5,,菊地　圭尚,43,北海,,,0,0,0,0,0,0,0,0,0,0,4,,,,27,chariloto,6,0,,,,,,
20240103CL2706,2024-01-03,06,,京王閣,京王閣競輪 レース結果 （2024年1月3日）,,,Ｓ２,6,,小野　裕次,35,千葉,,,0,0,0,0,0,0,0,0,0,0,5,,,,27,chariloto,6,0,,,,,,
20240103CL2706,2024-01-03,06,,京王閣,京王閣競輪 レース結果 （2024年1月3日）,,,Ｓ２,1,,杉山　悠也,40,秋田,,,S,0,S,0,0,0,0,0,0,0,6,,,,27,chariloto,6,0,,,,,,
20240103CL2707,2024-01-03,07,,京王閣,京王閣競輪 レース結果 （2024年1月3日）,,,Ｓ２,3,,坂本　周輝,32,青森,,,B,0,B,0,0,0,1,0,0,0,1,,,,27,chariloto,6,0,,,,,,
20240103CL2707,2024-01-03,07,,京王閣,京王閣競輪 レース結果 （2024年1月3日）,,,Ｓ２,4,,大塚 玲,42,神奈,,,0,0,0,0,0,0,0,0,0,0,2,,,,27,chariloto,6,0,,,,,,
20240103CL2707,2024-01-03,07,,京王閣,京王閣競輪 レース結果 （2024年1月3日）,,,Ｓ２,1,,渡邉　晴智,50,静岡,,,S,0,S,0,0,0,0,0,0,0,3,,,,27,chariloto,6,0,,,,,,
20240103CL2707,2024-01-03,07,,京王閣,京王閣競輪 レース結果 （2024年1月3日）,,,Ｓ２,2,,内山　貴裕,35,京都,,,0,0,0,0,0,0,0,0,0,0,4,,,,27,chariloto,6,0,,,,,,
20240103CL2707,2024-01-03,07,,京王閣,京王閣競輪 レース結果 （2024年1月3日）,,,Ｓ２,6,,鰐淵　圭佑,40,群馬,,,0,0,0,0,0,0,0,0,0,0,5,,,,27,chariloto,6,0,,,,,,
20240103CL2707,2024-01-03,07,,京王閣,京王閣競輪 レース結果 （2024年1月3日）,,,Ｓ２,5,,相澤　政宏,44,宮城,,,0,0,0,0,0,0,0,0,0,0,6,,,,27,chariloto,6,0,,,,,,
20240103CL2708,2024-01-03,08,,京王閣,京王閣競輪 レース結果 （2024年1月3日）,,,Ｓ２,7,,村田　祐樹,25,富山,,,B,0,B,0,0,0,1,0,0,0,1,,,,27,chariloto,7,0,,,,,,
20240103CL2708,2024-01-03,08,,京王閣,京王閣競輪 レース結果 （2024年1月3日）,,,Ｓ１,1,,村田　雅一,39,兵庫,,,0,0,0,0,0,0,0,0,0,0,2,,,,27,chariloto,7,0,,,,,,
20240103CL2708,2024-01-03,08,,京王閣,京王閣競輪 レース結果 （2024年1月3日）,,,Ｓ２,2,,寺沼　拓摩,24,東京,,,0,0,0,0,0,0,0,0,0,0,3,,,,27,chariloto,7,0,,,,,,
20240103CL2708,2024-01-03,08,,京王閣,京王閣競輪 レース結果 （2024年1月3日）,,,Ｓ１,5,,柿澤　大貴,34,長野,,,0,0,0,0,0,0,0,0,0,0,4,,,,27,chariloto,7,0,,,,,,
20240103CL2708,2024-01-03,08,,京王閣,京王閣競輪 レース結果 （2024年1月3日）,,,Ｓ２,4,,佐藤 壮,32,千葉,,,S,0,S,0,0,0,0,0,0,0,5,,,,27,chariloto,7,0,,,,,,
20240103CL2708,2024-01-03,08,,京王閣,京王閣競輪 レース結果 （2024年1月3日）,,,Ｓ２,6,,原田　亮太,27,千葉,,,0,0,0,0,0,0,0,0,0,0,6,,,,27,chariloto,7,0,,,,,,
20240103CL2708,2024-01-03,08,,京王閣,京王閣競輪 レース結果 （2024年1月3日）,,,Ｓ２,3,,吉田　昌司,26,茨城,,,0,0,0,0,0,0,0,0,0,0,7,,,,27,chariloto,7,0,,,,,,
20240103CL2709,2024-01-03,09,,京王閣,京王閣競輪 レース結果 （2024年1月3日）,,,Ｓ２,3,,鈴木　庸之,38,新潟,,,0,0,0,0,0,0,0,0,1,0,1,,,,27,chariloto,7,0,,,,,,
20240103CL2709,2024-01-03,09,,京王閣,京王閣競輪 レース結果 （2024年1月3日）,,,Ｓ２,5,,泉 慶輔,33,宮城,,,0,0,0,0,0,0,0,0,0,0,2,,,,27,chariloto,7,0,,,,,,
20240103CL2709,2024-01-03,09,,京王閣,京王閣競輪 レース結果 （2024年1月3日）,,,Ｓ２,6,,鈴木 薫,24,東京,,,B,0,B,0,0,0,0,0,0,0,3,,,,27,chariloto,7,0,,,,,,
20240103CL2709,2024-01-03,09,,京王閣,京王閣競輪 レース結果 （2024年1月3日）,,,Ｓ２,4,,北野　武史,51,石川,,,0,0,0,0,0,0,0,0,0,0,4,,,,27,chariloto,7,0,,,,,,
20240103CL2709,2024-01-03,09,,京王閣,京王閣競輪 レース結果 （2024年1月3日）,,,Ｓ２,1,,中田　雄喜,36,福島,,,0,0,0,0,0,0,0,0,0,0,5,,,,27,chariloto,7,0,,,,,,
20240103CL2709,2024-01-03,09,,京王閣,京王閣競輪 レース結果 （2024年1月3日）,,,Ｓ２,7,,川村　晃司,47,京都,,,0,0,0,0,0,0,0,0,0,0,6,,,,27,chariloto,7,0,,,,,,
20240103CL2709,2024-01-03,09,,京王閣,京王閣競輪 レース結果 （2024年1月3日）,,,Ｓ１,2,,窓場千加頼,32,京都,,,S,0,S,0,0,0,0,0,0,0,7,,,,27,chariloto,7,0,,,,,,
20240103CL2710,2024-01-03,10,,京王閣,京王閣競輪 レース結果 （2024年1月3日）,,,Ｓ１,3,,福田　知也,41,神奈,,,0,0,0,0,0,0,0,0,1,0,1,,,,27,chariloto,7,0,,,,,,
20240103CL2710,2024-01-03,10,,京王閣,京王閣競輪 レース結果 （2024年1月3日）,,,Ｓ２,7,,新村 穣,30,神奈,,,0,0,0,0,0,0,0,0,0,0,2,,,,27,chariloto,7,0,,,,,,
20240103CL2710,2024-01-03,10,,京王閣,京王閣競輪 レース結果 （2024年1月3日）,,,Ｓ１,1,,鈴木　輝大,28,東京,,,S,0,S,0,0,0,0,0,0,0,3,,,,27,chariloto,7,0,,,,,,
20240103CL2710,2024-01-03,10,,京王閣,京王閣競輪 レース結果 （2024年1月3日）,,,Ｓ２,4,,酒井　拳蔵,27,大阪,,,0,0,0,0,0,0,0,0,0,0,4,,,,27,chariloto,7,0,,,,,,
20240103CL2710,2024-01-03,10,,京王閣,京王閣競輪 レース結果 （2024年1月3日）,,,Ｓ２,2,,山口　泰生,42,岐阜,,,0,0,0,0,0,0,0,0,0,0,5,,,,27,chariloto,7,0,,,,,,
20240103CL2710,2024-01-03,10,,京王閣,京王閣競輪 レース結果 （2024年1月3日）,,,Ｓ２,6,,矢島　一弥,38,群馬,,,0,0,0,0,0,0,0,0,0,0,6,,,,27,chariloto,7,0,,,,,,
20240103CL2710,2024-01-03,10,,京王閣,京王閣競輪 レース結果 （2024年1月3日）,,,Ｓ２,5,,山口　多聞,22,埼玉,,,B,0,B,0,0,0,0,0,0,0,7,,,,27,chariloto,7,0,,,,,,
20240103CL2711,2024-01-03,11,,京王閣,京王閣競輪 レース結果 （2024年1月3日）,,,Ａ１,2,,冨尾　享平,38,大阪,,,0,0,0,0,0,0,0,0,1,0,1,,,,27,chariloto,7,0,,,,,,
20240103CL2711,2024-01-03,11,,京王閣,京王閣競輪 レース結果 （2024年1月3日）,,,Ａ１,1,,城 幸弘,37,山梨,,,0,0,0,0,0,0,0,0,0,0,2,,,,27,chariloto,7,0,,,,,,
20240103CL2711,2024-01-03,11,,京王閣,京王閣競輪 レース結果 （2024年1月3日）,,,Ａ１,5,,丹波　孝佑,35,大阪,,,B,0,B,0,0,0,0,0,0,0,3,,,,27,chariloto,7,0,,,,,,
20240103CL2711,2024-01-03,11,,京王閣,京王閣競輪 レース結果 （2024年1月3日）,,,Ａ１,3,,本多　哲也,35,千葉,,,0,0,0,0,0,0,0,0,0,0,4,,,,27,chariloto,7,0,,,,,,
20240103CL2711,2024-01-03,11,,京王閣,京王閣競輪 レース結果 （2024年1月3日）,,,Ａ１,7,,山田　幸司,52,神奈,,,0,0,0,0,0,0,0,0,0,0,5,,,,27,chariloto,7,0,,,,,,
20240103CL2711,2024-01-03,11,,京王閣,京王閣競輪 レース結果 （2024年1月3日）,,,Ａ１,4,,佐藤 亙,44,愛知,,,S,0,S,0,0,0,0,0,0,0,6,,,,27,chariloto,7,0,,,,,,
20240103CL2711,2024-01-03,11,,京王閣,京王閣競輪 レース結果 （2024年1月3日）,,,Ａ２,6,,藤岡　徹也,35,兵庫,,,0,0,0,0,0,0,0,0,0,0,7,,,,27,chariloto,7,0,,,,,,
20240103CL2712,2024-01-03,12,,京王閣,京王閣競輪 レース結果 （2024年1月3日）,,,Ｓ１,3,,吉澤　純平,38,茨城,,,0,0,0,0,0,0,0,0,1,0,1,,,,27,chariloto,7,0,,,,,,
20240103CL2712,2024-01-03,12,,京王閣,京王閣競輪 レース結果 （2024年1月3日）,,,Ｓ１,5,,佐藤　礼文,32,茨城,,,S,0,S,0,0,0,0,0,0,0,2,,,,27,chariloto,7,0,,,,,,
20240103CL2712,2024-01-03,12,,京王閣,京王閣競輪 レース結果 （2024年1月3日）,,,Ｓ１,4,,神山　拓弥,36,栃木,,,0,0,0,0,0,0,0,0,0,0,3,,,,27,chariloto,7,0,,,,,,
20240103CL2712,2024-01-03,12,,京王閣,京王閣競輪 レース結果 （2024年1月3日）,,,Ｓ２,7,,大槻　寛徳,44,宮城,,,0,0,0,0,0,0,0,0,0,0,4,,,,27,chariloto,7,0,,,,,,
20240103CL2712,2024-01-03,12,,京王閣,京王閣競輪 レース結果 （2024年1月3日）,,,Ｓ１,1,,長島　大介,34,栃木,,,B,0,B,0,0,0,0,0,0,0,5,,,,27,chariloto,7,0,,,,,,
20240103CL2712,2024-01-03,12,,京王閣,京王閣競輪 レース結果 （2024年1月3日）,,,Ｓ１,2,,竹内　智彦,46,宮城,,,0,0,0,0,0,0,0,0,0,0,6,,,,27,chariloto,7,0,,,,,,
20240103CL2712,2024-01-03,12,,京王閣,京王閣競輪 レース結果 （2024年1月3日）,,,Ｓ１,6,,野口　裕史,40,千葉,,,0,0,0,0,0,0,0,0,0,0,7,,,,27,chariloto,7,0,,,,,,
20240103CL3501,2024-01-03,01,,平塚チャリロト レース結果 （2024年1月3日）,平塚チャリロト レース結果 （2024年1月3日）,,,Ａ２,1,,吉竹　尚城,30,静岡,,,S,0,S,0,0,0,0,1,0,0,1,,,,35,chariloto,7,0,,,,,,
20240103CL3501,2024-01-03,01,,平塚チャリロト レース結果 （2024年1月3日）,平塚チャリロト レース結果 （2024年1月3日）,,,Ａ１,4,,勝谷　勝治,33,三重,,,B,0,B,0,0,0,0,0,0,0,2,,,,35,chariloto,7,0,,,,,,
20240103CL3501,2024-01-03,01,,平塚チャリロト レース結果 （2024年1月3日）,平塚チャリロト レース結果 （2024年1月3日）,,,Ａ２,3,,石井 毅,50,神奈,,,0,0,0,0,0,0,0,0,0,0,3,,,,35,chariloto,7,0,,,,,,
20240103CL3501,2024-01-03,01,,平塚チャリロト レース結果 （2024年1月3日）,平塚チャリロト レース結果 （2024年1月3日）,,,Ａ２,7,,安坂　洋一,47,神奈,,,0,0,0,0,0,0,0,0,0,0,4,,,,35,chariloto,7,0,,,,,,
20240103CL3501,2024-01-03,01,,平塚チャリロト レース結果 （2024年1月3日）,平塚チャリロト レース結果 （2024年1月3日）,,,Ａ２,2,,山田　祐太,35,福島,,,0,0,0,0,0,0,0,0,0,0,5,,,,35,chariloto,7,0,,,,,,
20240103CL3501,2024-01-03,01,,平塚チャリロト レース結果 （2024年1月3日）,平塚チャリロト レース結果 （2024年1月3日）,,,Ａ１,5,,引地　正人,43,秋田,,,0,0,0,0,0,0,0,0,0,0,6,,,,35,chariloto,7,0,,,,,,
20240103CL3501,2024-01-03,01,,平塚チャリロト レース結果 （2024年1月3日）,平塚チャリロト レース結果 （2024年1月3日）,,,Ａ２,6,,林 洋二,47,岐阜,,,0,0,0,0,0,0,0,0,0,0,7,,,,35,chariloto,7,0,,,,,,
20240103CL3502,2024-01-03,02,,平塚チャリロト レース結果 （2024年1月3日）,平塚チャリロト レース結果 （2024年1月3日）,,,Ａ２,5,,佐々木孝司,44,青森,,,0,0,0,0,0,0,0,1,0,0,1,,,,35,chariloto,7,0,,,,,,
20240103CL3502,2024-01-03,02,,平塚チャリロト レース結果 （2024年1月3日）,平塚チャリロト レース結果 （2024年1月3日）,,,Ａ１,2,,泉 文人,33,福島,,,S,0,S,0,0,0,0,0,0,0,2,,,,35,chariloto,7,0,,,,,,
20240103CL3502,2024-01-03,02,,平塚チャリロト レース結果 （2024年1月3日）,平塚チャリロト レース結果 （2024年1月3日）,,,Ａ２,1,,竹内　真一,42,福岡,,,0,0,0,0,0,0,0,0,0,0,3,,,,35,chariloto,7,0,,,,,,
20240103CL3502,2024-01-03,02,,平塚チャリロト レース結果 （2024年1月3日）,平塚チャリロト レース結果 （2024年1月3日）,,,Ａ２,7,,山田　隼司,37,岐阜,,,0,0,0,0,0,0,0,0,0,0,4,,,,35,chariloto,7,0,,,,,,
20240103CL3502,2024-01-03,02,,平塚チャリロト レース結果 （2024年1月3日）,平塚チャリロト レース結果 （2024年1月3日）,,,Ａ１,4,,佐伯　辰哉,27,広島,,,B,0,B,0,0,0,0,0,0,0,5,,,,35,chariloto,7,0,,,,,,
20240103CL3502,2024-01-03,02,,平塚チャリロト レース結果 （2024年1月3日）,平塚チャリロト レース結果 （2024年1月3日）,,,Ａ２,3,,吉松　賢二,38,群馬,,,0,0,0,0,0,0,0,0,0,0,6,,,,35,chariloto,7,0,,,,,,
20240103CL3502,2024-01-03,02,,平塚チャリロト レース結果 （2024年1月3日）,平塚チャリロト レース結果 （2024年1月3日）,,,Ａ２,6,,中村　秀幸,56,高知,,,0,0,0,0,0,0,0,0,0,0,7,,,,35,chariloto,7,0,,,,,,
20240103CL3503,2024-01-03,03,,平塚チャリロト レース結果 （2024年1月3日）,平塚チャリロト レース結果 （2024年1月3日）,,,Ａ１,2,,佐藤　成人,49,奈良,,,0,0,0,0,0,0,0,0,1,0,1,,,,35,chariloto,7,0,,,,,,
20240103CL3503,2024-01-03,03,,平塚チャリロト レース結果 （2024年1月3日）,平塚チャリロト レース結果 （2024年1月3日）,,,Ａ２,7,,才迫　勇馬,34,広島,,,S,0,S,0,0,0,0,0,0,0,2,,,,35,chariloto,7,0,,,,,,
20240103CL3503,2024-01-03,03,,平塚チャリロト レース結果 （2024年1月3日）,平塚チャリロト レース結果 （2024年1月3日）,,,Ａ１,1,,伊豆田浩人,44,神奈,,,0,0,0,0,0,0,0,0,0,0,3,,,,35,chariloto,7,0,,,,,,
20240103CL3503,2024-01-03,03,,平塚チャリロト レース結果 （2024年1月3日）,平塚チャリロト レース結果 （2024年1月3日）,,,Ａ１,5,,山崎　光展,37,京都,,,0,0,0,0,0,0,0,0,0,0,4,,,,35,chariloto,7,0,,,,,,
20240103CL3503,2024-01-03,03,,平塚チャリロト レース結果 （2024年1月3日）,平塚チャリロト レース結果 （2024年1月3日）,,,Ａ１,6,,塚本　瑠羽,26,神奈,,,0,0,0,0,0,0,0,0,0,0,5,,,,35,chariloto,7,0,,,,,,
20240103CL3503,2024-01-03,03,,平塚チャリロト レース結果 （2024年1月3日）,平塚チャリロト レース結果 （2024年1月3日）,,,Ａ１,3,,高井　流星,28,岡山,,,B,0,B,0,0,0,0,0,0,0,6,,,,35,chariloto,7,0,,,,,,
20240103CL3503,2024-01-03,03,,平塚チャリロト レース結果 （2024年1月3日）,平塚チャリロト レース結果 （2024年1月3日）,,,Ａ２,4,,佐藤　有輝,45,神奈,,,0,0,0,0,0,0,0,0,0,0,7,,,,35,chariloto,7,0,,,,,,
20240103CL3504,2024-01-03,04,,平塚チャリロト レース結果 （2024年1月3日）,平塚チャリロト レース結果 （2024年1月3日）,,,Ａ２,7,,山根　慶太,24,岡山,,,B,0,B,0,0,0,1,0,0,0,1,,,,35,chariloto,7,0,,,,,,
20240103CL3504,2024-01-03,04,,平塚チャリロト レース結果 （2024年1月3日）,平塚チャリロト レース結果 （2024年1月3日）,,,Ａ１,5,,藤井　準也,29,岐阜,,,0,0,0,0,0,0,0,0,0,0,2,,,,35,chariloto,7,0,,,,,,
20240103CL3504,2024-01-03,04,,平塚チャリロト レース結果 （2024年1月3日）,平塚チャリロト レース結果 （2024年1月3日）,,,Ａ１,4,,原田　泰志,37,新潟,,,0,0,0,0,0,0,0,0,0,0,3,,,,35,chariloto,7,0,,,,,,
20240103CL3504,2024-01-03,04,,平塚チャリロト レース結果 （2024年1月3日）,平塚チャリロト レース結果 （2024年1月3日）,,,Ａ２,2,,北川　紋部,49,福井,,,0,0,0,0,0,0,0,0,0,0,4,,,,35,chariloto,7,0,,,,,,
20240103CL3504,2024-01-03,04,,平塚チャリロト レース結果 （2024年1月3日）,平塚チャリロト レース結果 （2024年1月3日）,,,Ａ２,6,,外崎　一成,36,北海,,,0,0,0,0,0,0,0,0,0,0,5,,,,35,chariloto,7,0,,,,,,
20240103CL3504,2024-01-03,04,,平塚チャリロト レース結果 （2024年1月3日）,平塚チャリロト レース結果 （2024年1月3日）,,,Ａ２,1,,安倍　大成,25,埼玉,,,S,0,S,0,0,0,0,0,0,0,落,,,,35,chariloto,7,0,,,,,,
20240103CL3504,2024-01-03,04,,平塚チャリロト レース結果 （2024年1月3日）,平塚チャリロト レース結果 （2024年1月3日）,,,Ａ２,3,,三ッ井　武,38,神奈,,,0,0,0,0,0,0,0,0,0,0,失,,,,35,chariloto,7,0,,,,,,
20240103CL3505,2024-01-03,05,,平塚チャリロト レース結果 （2024年1月3日）,平塚チャリロト レース結果 （2024年1月3日）,,,Ａ１,3,,室井蓮太朗,22,徳島,,,B,0,B,0,0,0,0,1,0,0,1,,,,35,chariloto,7,0,,,,,,
20240103CL3505,2024-01-03,05,,平塚チャリロト レース結果 （2024年1月3日）,平塚チャリロト レース結果 （2024年1月3日）,,,Ａ２,2,,中曽　直彦,51,千葉,,,0,0,0,0,0,0,0,0,0,0,2,,,,35,chariloto,7,0,,,,,,
20240103CL3505,2024-01-03,05,,平塚チャリロト レース結果 （2024年1月3日）,平塚チャリロト レース結果 （2024年1月3日）,,,Ａ１,7,,房州　輝也,37,福島,,,0,0,0,0,0,0,0,0,0,0,3,,,,35,chariloto,7,0,,,,,,
20240103CL3505,2024-01-03,05,,平塚チャリロト レース結果 （2024年1月3日）,平塚チャリロト レース結果 （2024年1月3日）,,,Ａ１,1,,三澤　康人,38,宮城,,,S,0,S,0,0,0,0,0,0,0,4,,,,35,chariloto,7,0,,,,,,
20240103CL3505,2024-01-03,05,,平塚チャリロト レース結果 （2024年1月3日）,平塚チャリロト レース結果 （2024年1月3日）,,,Ａ１,5,,坂本　晃輝,44,佐賀,,,0,0,0,0,0,0,0,0,0,0,5,,,,35,chariloto,7,0,,,,,,
20240103CL3505,2024-01-03,05,,平塚チャリロト レース結果 （2024年1月3日）,平塚チャリロト レース結果 （2024年1月3日）,,,Ａ２,4,,新井　剛央,45,埼玉,,,0,0,0,0,0,0,0,0,0,0,6,,,,35,chariloto,7,0,,,,,,
20240103CL3505,2024-01-03,05,,平塚チャリロト レース結果 （2024年1月3日）,平塚チャリロト レース結果 （2024年1月3日）,,,Ａ１,6,,宮崎　一彰,48,高知,,,0,0,0,0,0,0,0,0,0,0,7,,,,35,chariloto,7,0,,,,,,
20240103CL3506,2024-01-03,06,,平塚チャリロト レース結果 （2024年1月3日）,平塚チャリロト レース結果 （2024年1月3日）,,,Ｓ２,1,,鈴木　幸紀,47,三重,,,0,0,0,0,0,0,0,0,1,0,1,,,,35,chariloto,5,0,,,,,,
20240103CL3506,2024-01-03,06,,平塚チャリロト レース結果 （2024年1月3日）,平塚チャリロト レース結果 （2024年1月3日）,,,Ｓ２,4,,荒澤　貴史,45,北海,,,0,0,0,0,0,0,0,0,0,0,2,,,,35,chariloto,5,0,,,,,,
20240103CL3506,2024-01-03,06,,平塚チャリロト レース結果 （2024年1月3日）,平塚チャリロト レース結果 （2024年1月3日）,,,Ｓ２,5,,高市　訓但,35,愛媛,,,0,0,0,0,0,0,0,0,0,0,3,,,,35,chariloto,5,0,,,,,,
20240103CL3506,2024-01-03,06,,平塚チャリロト レース結果 （2024年1月3日）,平塚チャリロト レース結果 （2024年1月3日）,,,Ｓ２,3,,大屋　健司,42,広島,,,0,0,0,0,0,0,0,0,0,0,4,,,,35,chariloto,5,0,,,,,,
20240103CL3506,2024-01-03,06,,平塚チャリロト レース結果 （2024年1月3日）,平塚チャリロト レース結果 （2024年1月3日）,,,Ｓ２,2,,花田　将司,37,千葉,,,S  B,0,S  B,0,0,0,0,0,0,0,5,,,,35,chariloto,5,0,,,,,,
20240103CL3507,2024-01-03,07,,平塚チャリロト レース結果 （2024年1月3日）,平塚チャリロト レース結果 （2024年1月3日）,,,Ｓ２,2,,中村　隆生,23,栃木,,,0,0,0,0,0,0,0,0,1,0,1,,,,35,chariloto,5,0,,,,,,
20240103CL3507,2024-01-03,07,,平塚チャリロト レース結果 （2024年1月3日）,平塚チャリロト レース結果 （2024年1月3日）,,,Ｓ２,1,,関根健太郎,33,神奈,,,B,0,B,0,0,0,0,0,0,0,2,,,,35,chariloto,5,0,,,,,,
20240103CL3507,2024-01-03,07,,平塚チャリロト レース結果 （2024年1月3日）,平塚チャリロト レース結果 （2024年1月3日）,,,Ｓ２,3,,伊藤　大志,44,青森,,,0,0,0,0,0,0,0,0,0,0,3,,,,35,chariloto,5,0,,,,,,
20240103CL3507,2024-01-03,07,,平塚チャリロト レース結果 （2024年1月3日）,平塚チャリロト レース結果 （2024年1月3日）,,,Ｓ２,5,,寺沼　伊織,25,東京,,,0,0,0,0,0,0,0,0,0,0,4,,,,35,chariloto,5,0,,,,,,
20240103CL3507,2024-01-03,07,,平塚チャリロト レース結果 （2024年1月3日）,平塚チャリロト レース結果 （2024年1月3日）,,,Ｓ２,4,,武井　大介,43,千葉,,,S,0,S,0,0,0,0,0,0,0,5,,,,35,chariloto,5,0,,,,,,
20240103CL3508,2024-01-03,08,,平塚チャリロト レース結果 （2024年1月3日）,平塚チャリロト レース結果 （2024年1月3日）,,,Ｓ２,5,,田中　勇二,36,岡山,,,0,0,0,0,0,0,0,0,1,0,1,,,,35,chariloto,7,0,,,,,,
20240103CL3508,2024-01-03,08,,平塚チャリロト レース結果 （2024年1月3日）,平塚チャリロト レース結果 （2024年1月3日）,,,Ｓ２,2,,藤井　昭吾,37,滋賀,,,0,0,0,0,0,0,0,0,0,0,2,,,,35,chariloto,7,0,,,,,,
20240103CL3508,2024-01-03,08,,平塚チャリロト レース結果 （2024年1月3日）,平塚チャリロト レース結果 （2024年1月3日）,,,Ｓ２,3,,大野　悟郎,44,大分,,,S,0,S,0,0,0,0,0,0,0,3,,,,35,chariloto,7,0,,,,,,
20240103CL3508,2024-01-03,08,,平塚チャリロト レース結果 （2024年1月3日）,平塚チャリロト レース結果 （2024年1月3日）,,,Ｓ２,1,,佐藤　龍二,35,神奈,,,0,0,0,0,0,0,0,0,0,0,4,,,,35,chariloto,7,0,,,,,,
20240103CL3508,2024-01-03,08,,平塚チャリロト レース結果 （2024年1月3日）,平塚チャリロト レース結果 （2024年1月3日）,,,Ｓ２,4,,阿久津　修,43,栃木,,,0,0,0,0,0,0,0,0,0,0,4,,,,35,chariloto,7,0,,,,,,
20240103CL3508,2024-01-03,08,,平塚チャリロト レース結果 （2024年1月3日）,平塚チャリロト レース結果 （2024年1月3日）,,,Ｓ２,7,,森山　智徳,40,熊本,,,0,0,0,0,0,0,0,0,0,0,6,,,,35,chariloto,7,0,,,,,,
20240103CL3508,2024-01-03,08,,平塚チャリロト レース結果 （2024年1月3日）,平塚チャリロト レース結果 （2024年1月3日）,,,Ｓ２,6,,磯島　康祐,31,青森,,,B,0,B,0,0,0,0,0,0,0,7,,,,35,chariloto,7,0,,,,,,
20240103CL3509,2024-01-03,09,,平塚チャリロト レース結果 （2024年1月3日）,平塚チャリロト レース結果 （2024年1月3日）,,,Ｓ２,5,,長尾　拳太,30,岐阜,,,0,0,0,0,0,0,0,0,1,0,1,,,,35,chariloto,7,0,,,,,,
20240103CL3509,2024-01-03,09,,平塚チャリロト レース結果 （2024年1月3日）,平塚チャリロト レース結果 （2024年1月3日）,,,Ｓ２,3,,真鍋　顕汰,29,三重,,,S  B,0,S  B,0,0,0,0,0,0,0,2,,,,35,chariloto,7,0,,,,,,
20240103CL3509,2024-01-03,09,,平塚チャリロト レース結果 （2024年1月3日）,平塚チャリロト レース結果 （2024年1月3日）,,,Ｓ２,2,,佐藤　真一,49,東京,,,0,0,0,0,0,0,0,0,0,0,3,,,,35,chariloto,7,0,,,,,,
20240103CL3509,2024-01-03,09,,平塚チャリロト レース結果 （2024年1月3日）,平塚チャリロト レース結果 （2024年1月3日）,,,Ｓ２,7,,堀江　省吾,26,長野,,,0,0,0,0,0,0,0,0,0,0,4,,,,35,chariloto,7,0,,,,,,
20240103CL3509,2024-01-03,09,,平塚チャリロト レース結果 （2024年1月3日）,平塚チャリロト レース結果 （2024年1月3日）,,,Ｓ１,1,,根本　哲吏,37,秋田,,,0,0,0,0,0,0,0,0,0,0,5,,,,35,chariloto,7,0,,,,,,
20240103CL3509,2024-01-03,09,,平塚チャリロト レース結果 （2024年1月3日）,平塚チャリロト レース結果 （2024年1月3日）,,,Ｓ２,4,,大崎飛雄馬,45,愛媛,,,0,0,0,0,0,0,0,0,0,0,6,,,,35,chariloto,7,0,,,,,,
20240103CL3509,2024-01-03,09,,平塚チャリロト レース結果 （2024年1月3日）,平塚チャリロト レース結果 （2024年1月3日）,,,Ｓ２,6,,長井　優斗,36,東京,,,0,0,0,0,0,0,0,0,0,0,7,,,,35,chariloto,7,0,,,,,,
20240103CL3510,2024-01-03,10,,平塚チャリロト レース結果 （2024年1月3日）,平塚チャリロト レース結果 （2024年1月3日）,,,Ｓ１,3,,伊藤 旭,23,熊本,,,B,0,B,0,0,0,0,1,0,0,1,,,,35,chariloto,7,0,,,,,,
20240103CL3510,2024-01-03,10,,平塚チャリロト レース結果 （2024年1月3日）,平塚チャリロト レース結果 （2024年1月3日）,,,Ｓ１,5,,吉田　拓矢,28,茨城,,,0,0,0,0,0,0,0,0,0,0,2,,,,35,chariloto,7,0,,,,,,
20240103CL3510,2024-01-03,10,,平塚チャリロト レース結果 （2024年1月3日）,平塚チャリロト レース結果 （2024年1月3日）,,,Ｓ１,7,,松岡　貴久,39,熊本,,,0,0,0,0,0,0,0,0,0,0,3,,,,35,chariloto,7,0,,,,,,
20240103CL3510,2024-01-03,10,,平塚チャリロト レース結果 （2024年1月3日）,平塚チャリロト レース結果 （2024年1月3日）,,,Ｓ１,1,,武田　豊樹,49,茨城,,,S,0,S,0,0,0,0,0,0,0,4,,,,35,chariloto,7,0,,,,,,
20240103CL3510,2024-01-03,10,,平塚チャリロト レース結果 （2024年1月3日）,平塚チャリロト レース結果 （2024年1月3日）,,,Ｓ２,4,,渡辺　十夢,43,福井,,,0,0,0,0,0,0,0,0,0,0,5,,,,35,chariloto,7,0,,,,,,
20240103CL3510,2024-01-03,10,,平塚チャリロト レース結果 （2024年1月3日）,平塚チャリロト レース結果 （2024年1月3日）,,,Ｓ１,2,,中井　太祐,34,奈良,,,0,0,0,0,0,0,0,0,0,0,6,,,,35,chariloto,7,0,,,,,,
20240103CL3510,2024-01-03,10,,平塚チャリロト レース結果 （2024年1月3日）,平塚チャリロト レース結果 （2024年1月3日）,,,Ｓ２,6,,佐藤　雅春,36,宮城,,,0,0,0,0,0,0,0,0,0,0,7,,,,35,chariloto,7,0,,,,,,
20240103CL3511,2024-01-03,11,,平塚チャリロト レース結果 （2024年1月3日）,平塚チャリロト レース結果 （2024年1月3日）,,,Ｓ１,5,,町田　太我,23,広島,,,B,0,B,0,0,0,1,0,0,0,1,,,,35,chariloto,7,0,,,,,,
20240103CL3511,2024-01-03,11,,平塚チャリロト レース結果 （2024年1月3日）,平塚チャリロト レース結果 （2024年1月3日）,,,Ｓ２,4,,永澤 剛,38,青森,,,0,0,0,0,0,0,0,0,0,0,2,,,,35,chariloto,7,0,,,,,,
20240103CL3511,2024-01-03,11,,平塚チャリロト レース結果 （2024年1月3日）,平塚チャリロト レース結果 （2024年1月3日）,,,Ｓ２,3,,坂本　周作,31,青森,,,0,0,0,0,0,0,0,0,0,0,3,,,,35,chariloto,7,0,,,,,,
20240103CL3511,2024-01-03,11,,平塚チャリロト レース結果 （2024年1月3日）,平塚チャリロト レース結果 （2024年1月3日）,,,Ｓ１,1,,野田　源一,45,福岡,,,0,0,0,0,0,0,0,0,0,0,4,,,,35,chariloto,7,0,,,,,,
20240103CL3511,2024-01-03,11,,平塚チャリロト レース結果 （2024年1月3日）,平塚チャリロト レース結果 （2024年1月3日）,,,Ｓ１,2,,佐々木　龍,33,神奈,,,S,0,S,0,0,0,0,0,0,0,5,,,,35,chariloto,7,0,,,,,,
20240103CL3511,2024-01-03,11,,平塚チャリロト レース結果 （2024年1月3日）,平塚チャリロト レース結果 （2024年1月3日）,,,Ｓ２,6,,松尾信太郎,40,福岡,,,0,0,0,0,0,0,0,0,0,0,6,,,,35,chariloto,7,0,,,,,,
20240103CL3511,2024-01-03,11,,平塚チャリロト レース結果 （2024年1月3日）,平塚チャリロト レース結果 （2024年1月3日）,,,Ｓ２,7,,松坂　洋平,41,神奈,,,0,0,0,0,0,0,0,0,0,0,7,,,,35,chariloto,7,0,,,,,,
20240103CL3512,2024-01-03,12,,平塚チャリロト レース結果 （2024年1月3日）,平塚チャリロト レース結果 （2024年1月3日）,,,Ｓ１,4,,谷口　遼平,29,三重,,,B,0,B,0,0,0,1,0,0,0,1,,,,35,chariloto,7,0,,,,,,
20240103CL3512,2024-01-03,12,,平塚チャリロト レース結果 （2024年1月3日）,平塚チャリロト レース結果 （2024年1月3日）,,,Ｓ１,3,,三谷　将太,38,奈良,,,S,0,S,0,0,0,0,0,0,0,2,,,,35,chariloto,7,0,,,,,,
20240103CL3512,2024-01-03,12,,平塚チャリロト レース結果 （2024年1月3日）,平塚チャリロト レース結果 （2024年1月3日）,,,Ｓ１,7,,守澤　太志,38,秋田,,,0,0,0,0,0,0,0,0,0,0,3,,,,35,chariloto,7,0,,,,,,
20240103CL3512,2024-01-03,12,,平塚チャリロト レース結果 （2024年1月3日）,平塚チャリロト レース結果 （2024年1月3日）,,,Ｓ２,2,,久田　裕也,24,徳島,,,0,0,0,0,0,0,0,0,0,0,4,,,,35,chariloto,7,0,,,,,,
20240103CL3512,2024-01-03,12,,平塚チャリロト レース結果 （2024年1月3日）,平塚チャリロト レース結果 （2024年1月3日）,,,Ｓ２,5,,堤 洋,48,徳島,,,0,0,0,0,0,0,0,0,0,0,5,,,,35,chariloto,7,0,,,,,,
20240103CL3512,2024-01-03,12,,平塚チャリロト レース結果 （2024年1月3日）,平塚チャリロト レース結果 （2024年1月3日）,,,Ｓ１,1,,内藤　秀久,41,神奈,,,0,0,0,0,0,0,0,0,0,0,6,,,,35,chariloto,7,0,,,,,,
20240103CL3512,2024-01-03,12,,平塚チャリロト レース結果 （2024年1月3日）,平塚チャリロト レース結果 （2024年1月3日）,,,Ｓ１,6,,室井　健一,53,徳島,,,0,0,0,0,0,0,0,0,0,0,7,,,,35,chariloto,7,0,,,,,,
20240103CL4501,2024-01-03,01,,豊橋チャリロト レース結果 （2024年1月3日）,豊橋チャリロト レース結果 （2024年1月3日）,,,Ａ３,5,,立花　昌也,24,青森,,,B,0,B,0,0,0,1,0,0,0,1,,,,45,chariloto,7,0,,,,,,
20240103CL4501,2024-01-03,01,,豊橋チャリロト レース結果 （2024年1月3日）,豊橋チャリロト レース結果 （2024年1月3日）,,,Ａ３,7,,鈴木　規純,49,福島,,,0,0,0,0,0,0,0,0,0,0,2,,,,45,chariloto,7,0,,,,,,
20240103CL4501,2024-01-03,01,,豊橋チャリロト レース結果 （2024年1月3日）,豊橋チャリロト レース結果 （2024年1月3日）,,,Ａ３,1,,玉木　英典,38,北海,,,0,0,0,0,0,0,0,0,0,0,3,,,,45,chariloto,7,0,,,,,,
20240103CL4501,2024-01-03,01,,豊橋チャリロト レース結果 （2024年1月3日）,豊橋チャリロト レース結果 （2024年1月3日）,,,Ａ３,2,,細沼　健治,42,埼玉,,,0,0,0,0,0,0,0,0,0,0,4,,,,45,chariloto,7,0,,,,,,
20240103CL4501,2024-01-03,01,,豊橋チャリロト レース結果 （2024年1月3日）,豊橋チャリロト レース結果 （2024年1月3日）,,,Ａ３,3,,中条　憲司,46,兵庫,,,0,0,0,0,0,0,0,0,0,0,5,,,,45,chariloto,7,0,,,,,,
20240103CL4501,2024-01-03,01,,豊橋チャリロト レース結果 （2024年1月3日）,豊橋チャリロト レース結果 （2024年1月3日）,,,Ａ３,4,,坂本　英一,56,栃木,,,0,0,0,0,0,0,0,0,0,0,6,,,,45,chariloto,7,0,,,,,,
20240103CL4501,2024-01-03,01,,豊橋チャリロト レース結果 （2024年1月3日）,豊橋チャリロト レース結果 （2024年1月3日）,,,Ａ３,6,,竹田　慎一,45,富山,,,0,0,0,0,0,0,0,0,0,0,7,,,,45,chariloto,7,0,,,,,,
20240103CL4502,2024-01-03,02,,豊橋チャリロト レース結果 （2024年1月3日）,豊橋チャリロト レース結果 （2024年1月3日）,,,Ａ３,6,,稲毛　知也,25,和歌,,,S  B,0,S  B,0,0,0,1,0,0,0,1,,,,45,chariloto,6,0,,,,,,
20240103CL4502,2024-01-03,02,,豊橋チャリロト レース結果 （2024年1月3日）,豊橋チャリロト レース結果 （2024年1月3日）,,,Ａ３,1,,川本　恵二,48,兵庫,,,0,0,0,0,0,0,0,0,0,0,2,,,,45,chariloto,6,0,,,,,,
20240103CL4502,2024-01-03,02,,豊橋チャリロト レース結果 （2024年1月3日）,豊橋チャリロト レース結果 （2024年1月3日）,,,Ａ３,5,,高野　輝彰,47,愛知,,,0,0,0,0,0,0,0,0,0,0,3,,,,45,chariloto,6,0,,,,,,
20240103CL4502,2024-01-03,02,,豊橋チャリロト レース結果 （2024年1月3日）,豊橋チャリロト レース結果 （2024年1月3日）,,,Ａ３,2,,宮澤 晃,49,山梨,,,0,0,0,0,0,0,0,0,0,0,4,,,,45,chariloto,6,0,,,,,,
20240103CL4502,2024-01-03,02,,豊橋チャリロト レース結果 （2024年1月3日）,豊橋チャリロト レース結果 （2024年1月3日）,,,Ａ３,4,,鈴木　裕斗,33,宮城,,,0,0,0,0,0,0,0,0,0,0,5,,,,45,chariloto,6,0,,,,,,
20240103CL4502,2024-01-03,02,,豊橋チャリロト レース結果 （2024年1月3日）,豊橋チャリロト レース結果 （2024年1月3日）,,,Ａ３,3,,木田　有隆,38,福島,,,0,0,0,0,0,0,0,0,0,0,6,,,,45,chariloto,6,0,,,,,,
20240103CL4503,2024-01-03,03,,豊橋チャリロト レース結果 （2024年1月3日）,豊橋チャリロト レース結果 （2024年1月3日）,,,Ａ３,1,,小榑　佑弥,24,新潟,,,S,0,S,0,0,0,0,1,0,0,1,,,,45,chariloto,7,0,,,,,,
20240103CL4503,2024-01-03,03,,豊橋チャリロト レース結果 （2024年1月3日）,豊橋チャリロト レース結果 （2024年1月3日）,,,Ａ３,4,,高峰　賢治,52,山梨,,,0,0,0,0,0,0,0,0,0,0,2,,,,45,chariloto,7,0,,,,,,
20240103CL4503,2024-01-03,03,,豊橋チャリロト レース結果 （2024年1月3日）,豊橋チャリロト レース結果 （2024年1月3日）,,,Ａ３,3,,國井　裕樹,39,神奈,,,B,0,B,0,0,0,0,0,0,0,3,,,,45,chariloto,7,0,,,,,,
20240103CL4503,2024-01-03,03,,豊橋チャリロト レース結果 （2024年1月3日）,豊橋チャリロト レース結果 （2024年1月3日）,,,Ａ３,6,,宮原　貴之,53,栃木,,,0,0,0,0,0,0,0,0,0,0,4,,,,45,chariloto,7,0,,,,,,
20240103CL4503,2024-01-03,03,,豊橋チャリロト レース結果 （2024年1月3日）,豊橋チャリロト レース結果 （2024年1月3日）,,,Ａ３,7,,布居 翼,27,和歌,,,0,0,0,0,0,0,0,0,0,0,5,,,,45,chariloto,7,0,,,,,,
20240103CL4503,2024-01-03,03,,豊橋チャリロト レース結果 （2024年1月3日）,豊橋チャリロト レース結果 （2024年1月3日）,,,Ａ３,2,,加藤　正法,34,愛知,,,0,0,0,0,0,0,0,0,0,0,落,,,,45,chariloto,7,0,,,,,,
20240103CL4503,2024-01-03,03,,豊橋チャリロト レース結果 （2024年1月3日）,豊橋チャリロト レース結果 （2024年1月3日）,,,Ａ３,5,,富澤　洋祐,48,静岡,,,0,0,0,0,0,0,0,0,0,0,落,,,,45,chariloto,7,0,,,,,,
20240103CL4504,2024-01-03,04,,豊橋チャリロト レース結果 （2024年1月3日）,豊橋チャリロト レース結果 （2024年1月3日）,,,Ａ３,7,,鳥海 創,22,千葉,,,S  B,0,S  B,0,0,0,1,0,0,0,1,,,,45,chariloto,7,0,,,,,,
20240103CL4504,2024-01-03,04,,豊橋チャリロト レース結果 （2024年1月3日）,豊橋チャリロト レース結果 （2024年1月3日）,,,Ａ３,5,,畠山　裕行,46,神奈,,,0,0,0,0,0,0,0,0,0,0,2,,,,45,chariloto,7,0,,,,,,
20240103CL4504,2024-01-03,04,,豊橋チャリロト レース結果 （2024年1月3日）,豊橋チャリロト レース結果 （2024年1月3日）,,,Ａ３,1,,山城　光央,54,静岡,,,0,0,0,0,0,0,0,0,0,0,3,,,,45,chariloto,7,0,,,,,,
20240103CL4504,2024-01-03,04,,豊橋チャリロト レース結果 （2024年1月3日）,豊橋チャリロト レース結果 （2024年1月3日）,,,Ａ３,2,,神田　宏行,55,埼玉,,,0,0,0,0,0,0,0,0,0,0,4,,,,45,chariloto,7,0,,,,,,
20240103CL4504,2024-01-03,04,,豊橋チャリロト レース結果 （2024年1月3日）,豊橋チャリロト レース結果 （2024年1月3日）,,,Ａ３,6,,井上　将志,47,大阪,,,0,0,0,0,0,0,0,0,0,0,5,,,,45,chariloto,7,0,,,,,,
20240103CL4504,2024-01-03,04,,豊橋チャリロト レース結果 （2024年1月3日）,豊橋チャリロト レース結果 （2024年1月3日）,,,Ａ３,3,,村上　順規,47,新潟,,,0,0,0,0,0,0,0,0,0,0,6,,,,45,chariloto,7,0,,,,,,
20240103CL4504,2024-01-03,04,,豊橋チャリロト レース結果 （2024年1月3日）,豊橋チャリロト レース結果 （2024年1月3日）,,,Ａ３,4,,堀内 昇,35,茨城,,,0,0,0,0,0,0,0,0,0,0,7,,,,45,chariloto,7,0,,,,,,
20240103CL4505,2024-01-03,05,,豊橋チャリロト レース結果 （2024年1月3日）,豊橋チャリロト レース結果 （2024年1月3日）,,,Ａ３,7,,深見　仁哉,41,愛知,,,0,0,0,0,0,0,0,0,1,0,1,,,,45,chariloto,7,0,,,,,,
20240103CL4505,2024-01-03,05,,豊橋チャリロト レース結果 （2024年1月3日）,豊橋チャリロト レース結果 （2024年1月3日）,,,Ａ３,1,,児玉虎之介,22,岐阜,,,S  B,0,S  B,0,0,0,0,0,0,0,2,,,,45,chariloto,7,0,,,,,,
20240103CL4505,2024-01-03,05,,豊橋チャリロト レース結果 （2024年1月3日）,豊橋チャリロト レース結果 （2024年1月3日）,,,Ａ３,4,,辻本　兼市,53,兵庫,,,0,0,0,0,0,0,0,0,0,0,3,,,,45,chariloto,7,0,,,,,,
20240103CL4505,2024-01-03,05,,豊橋チャリロト レース結果 （2024年1月3日）,豊橋チャリロト レース結果 （2024年1月3日）,,,Ａ３,6,,藤田　晃英,48,千葉,,,0,0,0,0,0,0,0,0,0,0,4,,,,45,chariloto,7,0,,,,,,
20240103CL4505,2024-01-03,05,,豊橋チャリロト レース結果 （2024年1月3日）,豊橋チャリロト レース結果 （2024年1月3日）,,,Ａ３,2,,村本　慎吾,42,静岡,,,0,0,0,0,0,0,0,0,0,0,5,,,,45,chariloto,7,0,,,,,,
20240103CL4505,2024-01-03,05,,豊橋チャリロト レース結果 （2024年1月3日）,豊橋チャリロト レース結果 （2024年1月3日）,,,Ａ３,5,,門馬　琢麿,39,北海,,,0,0,0,0,0,0,0,0,0,0,6,,,,45,chariloto,7,0,,,,,,
20240103CL4505,2024-01-03,05,,豊橋チャリロト レース結果 （2024年1月3日）,豊橋チャリロト レース結果 （2024年1月3日）,,,Ａ３,3,,戸塚　涼介,29,埼玉,,,0,0,0,0,0,0,0,0,0,0,7,,,,45,chariloto,7,0,,,,,,
20240103CL4506,2024-01-03,06,,豊橋チャリロト レース結果 （2024年1月3日）,豊橋チャリロト レース結果 （2024年1月3日）,,,Ａ１,2,,西村　行貴,39,東京,,,0,0,0,0,0,0,0,0,0,1,1,,,,45,chariloto,7,0,,,,,,
20240103CL4506,2024-01-03,06,,豊橋チャリロト レース結果 （2024年1月3日）,豊橋チャリロト レース結果 （2024年1月3日）,,,Ａ２,7,,伊藤　太一,41,山梨,,,0,0,0,0,0,0,0,0,0,0,2,,,,45,chariloto,7,0,,,,,,
20240103CL4506,2024-01-03,06,,豊橋チャリロト レース結果 （2024年1月3日）,豊橋チャリロト レース結果 （2024年1月3日）,,,Ａ２,3,,渋谷 錬,33,神奈,,,0,0,0,0,0,0,0,0,0,0,3,,,,45,chariloto,7,0,,,,,,
20240103CL4506,2024-01-03,06,,豊橋チャリロト レース結果 （2024年1月3日）,豊橋チャリロト レース結果 （2024年1月3日）,,,Ａ１,1,,高谷　敏史,38,青森,,,B,0,B,0,0,0,0,0,0,0,4,,,,45,chariloto,7,0,,,,,,
20240103CL4506,2024-01-03,06,,豊橋チャリロト レース結果 （2024年1月3日）,豊橋チャリロト レース結果 （2024年1月3日）,,,Ａ２,5,,柳 充,49,青森,,,0,0,0,0,0,0,0,0,0,0,5,,,,45,chariloto,7,0,,,,,,
20240103CL4506,2024-01-03,06,,豊橋チャリロト レース結果 （2024年1月3日）,豊橋チャリロト レース結果 （2024年1月3日）,,,Ａ１,4,,馬場　和広,33,埼玉,,,S,0,S,0,0,0,0,0,0,0,失,,,,45,chariloto,7,0,,,,,,
20240103CL4506,2024-01-03,06,,豊橋チャリロト レース結果 （2024年1月3日）,豊橋チャリロト レース結果 （2024年1月3日）,,,Ａ２,6,,會田　正一,53,千葉,,,0,0,0,0,0,0,0,0,0,0,落,,,,45,chariloto,7,0,,,,,,
20240103CL4507,2024-01-03,07,,豊橋チャリロト レース結果 （2024年1月3日）,豊橋チャリロト レース結果 （2024年1月3日）,,,Ａ１,1,,佐藤　悦夫,44,栃木,,,0,0,0,0,0,0,0,0,1,0,1,,,,45,chariloto,7,0,,,,,,
20240103CL4507,2024-01-03,07,,豊橋チャリロト レース結果 （2024年1月3日）,豊橋チャリロト レース結果 （2024年1月3日）,,,Ａ１,5,,小林　申太,40,茨城,,,B,0,B,0,0,0,0,0,0,0,2,,,,45,chariloto,7,0,,,,,,
20240103CL4507,2024-01-03,07,,豊橋チャリロト レース結果 （2024年1月3日）,豊橋チャリロト レース結果 （2024年1月3日）,,,Ａ２,4,,榎本　光男,46,静岡,,,0,0,0,0,0,0,0,0,0,0,3,,,,45,chariloto,7,0,,,,,,
20240103CL4507,2024-01-03,07,,豊橋チャリロト レース結果 （2024年1月3日）,豊橋チャリロト レース結果 （2024年1月3日）,,,Ａ２,2,,江本　博明,43,千葉,,,0,0,0,0,0,0,0,0,0,0,4,,,,45,chariloto,7,0,,,,,,
20240103CL4507,2024-01-03,07,,豊橋チャリロト レース結果 （2024年1月3日）,豊橋チャリロト レース結果 （2024年1月3日）,,,Ａ２,6,,工藤　考生,42,埼玉,,,0,0,0,0,0,0,0,0,0,0,5,,,,45,chariloto,7,0,,,,,,
20240103CL4507,2024-01-03,07,,豊橋チャリロト レース結果 （2024年1月3日）,豊橋チャリロト レース結果 （2024年1月3日）,,,Ａ２,3,,中釜　健次,25,大阪,,,S,0,S,0,0,0,0,0,0,0,6,,,,45,chariloto,7,0,,,,,,
20240103CL4507,2024-01-03,07,,豊橋チャリロト レース結果 （2024年1月3日）,豊橋チャリロト レース結果 （2024年1月3日）,,,Ａ２,7,,堂村　知哉,41,福井,,,0,0,0,0,0,0,0,0,0,0,7,,,,45,chariloto,7,0,,,,,,
20240103CL4508,2024-01-03,08,,豊橋チャリロト レース結果 （2024年1月3日）,豊橋チャリロト レース結果 （2024年1月3日）,,,Ａ２,5,,土屋 仁,48,茨城,,,0,0,0,0,0,0,0,0,1,0,1,,,,45,chariloto,7,0,,,,,,
20240103CL4508,2024-01-03,08,,豊橋チャリロト レース結果 （2024年1月3日）,豊橋チャリロト レース結果 （2024年1月3日）,,,Ａ２,4,,岩城　佑典,24,愛知,,,0,0,0,0,0,0,0,0,0,0,2,,,,45,chariloto,7,0,,,,,,
20240103CL4508,2024-01-03,08,,豊橋チャリロト レース結果 （2024年1月3日）,豊橋チャリロト レース結果 （2024年1月3日）,,,Ａ１,1,,田中　俊充,48,福井,,,0,0,0,0,0,0,0,0,0,0,3,,,,45,chariloto,7,0,,,,,,
20240103CL4508,2024-01-03,08,,豊橋チャリロト レース結果 （2024年1月3日）,豊橋チャリロト レース結果 （2024年1月3日）,,,Ａ２,2,,大越　啓介,34,栃木,,,0,0,0,0,0,0,0,0,0,0,4,,,,45,chariloto,7,0,,,,,,
20240103CL4508,2024-01-03,08,,豊橋チャリロト レース結果 （2024年1月3日）,豊橋チャリロト レース結果 （2024年1月3日）,,,Ａ１,7,,齋藤　宗徳,38,千葉,,,B,0,B,0,0,0,0,0,0,0,5,,,,45,chariloto,7,0,,,,,,
20240103CL4508,2024-01-03,08,,豊橋チャリロト レース結果 （2024年1月3日）,豊橋チャリロト レース結果 （2024年1月3日）,,,Ａ２,3,,栗田　雄矢,37,静岡,,,S,0,S,0,0,0,0,0,0,0,6,,,,45,chariloto,7,0,,,,,,
20240103CL4508,2024-01-03,08,,豊橋チャリロト レース結果 （2024年1月3日）,豊橋チャリロト レース結果 （2024年1月3日）,,,Ａ２,6,,武田　和也,36,奈良,,,0,0,0,0,0,0,0,0,0,0,7,,,,45,chariloto,7,0,,,,,,
20240103CL4509,2024-01-03,09,,豊橋チャリロト レース結果 （2024年1月3日）,豊橋チャリロト レース結果 （2024年1月3日）,,,Ａ１,2,,相笠　翔太,33,福島,,,S,0,S,0,0,0,0,0,1,0,1,,,,45,chariloto,7,0,,,,,,
20240103CL4509,2024-01-03,09,,豊橋チャリロト レース結果 （2024年1月3日）,豊橋チャリロト レース結果 （2024年1月3日）,,,Ａ１,4,,柴田　竜史,35,静岡,,,0,0,0,0,0,0,0,0,0,0,2,,,,45,chariloto,7,0,,,,,,
20240103CL4509,2024-01-03,09,,豊橋チャリロト レース結果 （2024年1月3日）,豊橋チャリロト レース結果 （2024年1月3日）,,,Ａ２,5,,高橋　大輝,30,秋田,,,0,0,0,0,0,0,0,0,0,0,3,,,,45,chariloto,7,0,,,,,,
20240103CL4509,2024-01-03,09,,豊橋チャリロト レース結果 （2024年1月3日）,豊橋チャリロト レース結果 （2024年1月3日）,,,Ａ２,7,,市川　健太,48,東京,,,0,0,0,0,0,0,0,0,0,0,4,,,,45,chariloto,7,0,,,,,,
20240103CL4509,2024-01-03,09,,豊橋チャリロト レース結果 （2024年1月3日）,豊橋チャリロト レース結果 （2024年1月3日）,,,Ａ２,1,,井上 嵩,34,愛知,,,B,0,B,0,0,0,0,0,0,0,5,,,,45,chariloto,7,0,,,,,,
20240103CL4509,2024-01-03,09,,豊橋チャリロト レース結果 （2024年1月3日）,豊橋チャリロト レース結果 （2024年1月3日）,,,Ａ２,3,,根本　雄紀,46,茨城,,,0,0,0,0,0,0,0,0,0,0,6,,,,45,chariloto,7,0,,,,,,
20240103CL4509,2024-01-03,09,,豊橋チャリロト レース結果 （2024年1月3日）,豊橋チャリロト レース結果 （2024年1月3日）,,,Ａ２,6,,中村　賢二,40,愛知,,,0,0,0,0,0,0,0,0,0,0,7,,,,45,chariloto,7,0,,,,,,
20240103CL4510,2024-01-03,10,,豊橋チャリロト レース結果 （2024年1月3日）,豊橋チャリロト レース結果 （2024年1月3日）,,,Ａ２,6,,阿久津浩之,40,東京,,,0,0,0,0,0,0,0,0,1,0,1,,,,45,chariloto,7,0,,,,,,
20240103CL4510,2024-01-03,10,,豊橋チャリロト レース結果 （2024年1月3日）,豊橋チャリロト レース結果 （2024年1月3日）,,,Ａ１,4,,富永　益生,52,愛知,,,0,0,0,0,0,0,0,0,0,0,2,,,,45,chariloto,7,0,,,,,,
20240103CL4510,2024-01-03,10,,豊橋チャリロト レース結果 （2024年1月3日）,豊橋チャリロト レース結果 （2024年1月3日）,,,Ａ１,1,,佐藤　竜太,23,愛知,,,B,0,B,0,0,0,0,0,0,0,3,,,,45,chariloto,7,0,,,,,,
20240103CL4510,2024-01-03,10,,豊橋チャリロト レース結果 （2024年1月3日）,豊橋チャリロト レース結果 （2024年1月3日）,,,Ａ１,3,,緑川　修平,40,福島,,,0,0,0,0,0,0,0,0,0,0,4,,,,45,chariloto,7,0,,,,,,
20240103CL4510,2024-01-03,10,,豊橋チャリロト レース結果 （2024年1月3日）,豊橋チャリロト レース結果 （2024年1月3日）,,,Ａ２,5,,石川　恭規,46,福島,,,0,0,0,0,0,0,0,0,0,0,5,,,,45,chariloto,7,0,,,,,,
20240103CL4510,2024-01-03,10,,豊橋チャリロト レース結果 （2024年1月3日）,豊橋チャリロト レース結果 （2024年1月3日）,,,Ａ２,2,,黒田 篤,44,栃木,,,0,0,0,0,0,0,0,0,0,0,6,,,,45,chariloto,7,0,,,,,,
20240103CL4510,2024-01-03,10,,豊橋チャリロト レース結果 （2024年1月3日）,豊橋チャリロト レース結果 （2024年1月3日）,,,Ａ２,7,,西郷 剛,54,兵庫,,,0,0,0,0,0,0,0,0,0,0,7,,,,45,chariloto,7,0,,,,,,
20240103CL4511,2024-01-03,11,,豊橋チャリロト レース結果 （2024年1月3日）,豊橋チャリロト レース結果 （2024年1月3日）,,,Ａ２,7,,三浦　翔大,33,宮城,,,0,0,0,0,0,0,0,0,1,0,1,,,,45,chariloto,7,0,,,,,,
20240103CL4511,2024-01-03,11,,豊橋チャリロト レース結果 （2024年1月3日）,豊橋チャリロト レース結果 （2024年1月3日）,,,Ａ２,2,,藤田 真,42,兵庫,,,B,0,B,0,0,0,0,0,0,0,2,,,,45,chariloto,7,0,,,,,,
20240103CL4511,2024-01-03,11,,豊橋チャリロト レース結果 （2024年1月3日）,豊橋チャリロト レース結果 （2024年1月3日）,,,Ａ１,3,,須藤 誠,39,千葉,,,0,0,0,0,0,0,0,0,0,0,3,,,,45,chariloto,7,0,,,,,,
20240103CL4511,2024-01-03,11,,豊橋チャリロト レース結果 （2024年1月3日）,豊橋チャリロト レース結果 （2024年1月3日）,,,Ａ１,1,,大竹　哲也,43,静岡,,,S,0,S,0,0,0,0,0,0,0,4,,,,45,chariloto,7,0,,,,,,
20240103CL4511,2024-01-03,11,,豊橋チャリロト レース結果 （2024年1月3日）,豊橋チャリロト レース結果 （2024年1月3日）,,,Ａ１,5,,小林　史也,38,和歌,,,0,0,0,0,0,0,0,0,0,0,5,,,,45,chariloto,7,0,,,,,,
20240103CL4511,2024-01-03,11,,豊橋チャリロト レース結果 （2024年1月3日）,豊橋チャリロト レース結果 （2024年1月3日）,,,Ａ２,4,,植田 誠,56,静岡,,,0,0,0,0,0,0,0,0,0,0,6,,,,45,chariloto,7,0,,,,,,
20240103CL4511,2024-01-03,11,,豊橋チャリロト レース結果 （2024年1月3日）,豊橋チャリロト レース結果 （2024年1月3日）,,,Ａ２,6,,中川　昌久,44,茨城,,,0,0,0,0,0,0,0,0,0,0,7,,,,45,chariloto,7,0,,,,,,
20240103CL4512,2024-01-03,12,,豊橋チャリロト レース結果 （2024年1月3日）,豊橋チャリロト レース結果 （2024年1月3日）,,,Ａ１,1,,高橋　昇平,34,埼玉,,,0,0,0,0,0,0,0,1,0,0,1,,,,45,chariloto,7,0,,,,,,
20240103CL4512,2024-01-03,12,,豊橋チャリロト レース結果 （2024年1月3日）,豊橋チャリロト レース結果 （2024年1月3日）,,,Ａ１,3,,加賀山　淳,39,千葉,,,0,0,0,0,0,0,0,0,0,0,2,,,,45,chariloto,7,0,,,,,,
20240103CL4512,2024-01-03,12,,豊橋チャリロト レース結果 （2024年1月3日）,豊橋チャリロト レース結果 （2024年1月3日）,,,Ａ１,2,,竹田　和幸,47,岐阜,,,0,0,0,0,0,0,0,0,0,0,3,,,,45,chariloto,7,0,,,,,,
20240103CL4512,2024-01-03,12,,豊橋チャリロト レース結果 （2024年1月3日）,豊橋チャリロト レース結果 （2024年1月3日）,,,Ａ１,5,,長田　祐弥,41,神奈,,,0,0,0,0,0,0,0,0,0,0,4,,,,45,chariloto,7,0,,,,,,
20240103CL4512,2024-01-03,12,,豊橋チャリロト レース結果 （2024年1月3日）,豊橋チャリロト レース結果 （2024年1月3日）,,,Ａ１,7,,三浦　貴大,24,岐阜,,,0,0,0,0,0,0,0,0,0,0,5,,,,45,chariloto,7,0,,,,,,
20240103CL4512,2024-01-03,12,,豊橋チャリロト レース結果 （2024年1月3日）,豊橋チャリロト レース結果 （2024年1月3日）,,,Ａ１,4,,三谷　政史,41,奈良,,,0,0,0,0,0,0,0,0,0,0,6,,,,45,chariloto,7,0,,,,,,
20240103CL4512,2024-01-03,12,,豊橋チャリロト レース結果 （2024年1月3日）,豊橋チャリロト レース結果 （2024年1月3日）,,,Ａ１,6,,植原　琢也,29,埼玉,,,B,0,B,0,0,0,0,0,0,0,7,,,,45,chariloto,7,0,,,,,,
20240103CL4701,2024-01-03,01,,松阪チャリロト レース結果 （2024年1月3日）,松阪チャリロト レース結果 （2024年1月3日）,,,Ａ３,2,,須永　勝太,33,福島,,,B,0,B,0,0,0,1,0,0,0,1,,,,47,chariloto,6,0,,,,,,
20240103CL4701,2024-01-03,01,,松阪チャリロト レース結果 （2024年1月3日）,松阪チャリロト レース結果 （2024年1月3日）,,,Ａ３,4,,齋藤 明,56,北海,,,0,0,0,0,0,0,0,0,0,0,2,,,,47,chariloto,6,0,,,,,,
20240103CL4701,2024-01-03,01,,松阪チャリロト レース結果 （2024年1月3日）,松阪チャリロト レース結果 （2024年1月3日）,,,Ａ３,1,,齊藤紳一朗,46,青森,,,0,0,0,0,0,0,0,0,0,0,3,,,,47,chariloto,6,0,,,,,,
20240103CL4701,2024-01-03,01,,松阪チャリロト レース結果 （2024年1月3日）,松阪チャリロト レース結果 （2024年1月3日）,,,Ａ３,3,,梶原　亜湖,53,静岡,,,0,0,0,0,0,0,0,0,0,0,4,,,,47,chariloto,6,0,,,,,,
20240103CL4701,2024-01-03,01,,松阪チャリロト レース結果 （2024年1月3日）,松阪チャリロト レース結果 （2024年1月3日）,,,Ａ３,5,,田中　智也,51,静岡,,,0,0,0,0,0,0,0,0,0,0,5,,,,47,chariloto,6,0,,,,,,
20240103CL4701,2024-01-03,01,,松阪チャリロト レース結果 （2024年1月3日）,松阪チャリロト レース結果 （2024年1月3日）,,,Ａ３,6,,福間 力,49,神奈,,,0,0,0,0,0,0,0,0,0,0,6,,,,47,chariloto,6,0,,,,,,
20240103CL4702,2024-01-03,02,,松阪チャリロト レース結果 （2024年1月3日）,松阪チャリロト レース結果 （2024年1月3日）,,,Ａ３,3,,渡辺福太郎,38,神奈,,,B,0,B,0,0,0,1,0,0,0,1,,,,47,chariloto,6,0,,,,,,
20240103CL4702,2024-01-03,02,,松阪チャリロト レース結果 （2024年1月3日）,松阪チャリロト レース結果 （2024年1月3日）,,,Ａ３,2,,岡崎 徹,51,神奈,,,0,0,0,0,0,0,0,0,0,0,2,,,,47,chariloto,6,0,,,,,,
20240103CL4702,2024-01-03,02,,松阪チャリロト レース結果 （2024年1月3日）,松阪チャリロト レース結果 （2024年1月3日）,,,Ａ３,6,,北村　匡章,50,静岡,,,0,0,0,0,0,0,0,0,0,0,3,,,,47,chariloto,6,0,,,,,,
20240103CL4702,2024-01-03,02,,松阪チャリロト レース結果 （2024年1月3日）,松阪チャリロト レース結果 （2024年1月3日）,,,Ａ３,1,,本間　慎吾,36,新潟,,,S,0,S,0,0,0,0,0,0,0,4,,,,47,chariloto,6,0,,,,,,
20240103CL4702,2024-01-03,02,,松阪チャリロト レース結果 （2024年1月3日）,松阪チャリロト レース結果 （2024年1月3日）,,,Ａ３,5,,椿 佳友,55,北海,,,0,0,0,0,0,0,0,0,0,0,5,,,,47,chariloto,6,0,,,,,,
20240103CL4702,2024-01-03,02,,松阪チャリロト レース結果 （2024年1月3日）,松阪チャリロト レース結果 （2024年1月3日）,,,Ａ３,4,,菅藤 智,40,群馬,,,0,0,0,0,0,0,0,0,0,0,6,,,,47,chariloto,6,0,,,,,,
20240103CL4703,2024-01-03,03,,松阪チャリロト レース結果 （2024年1月3日）,松阪チャリロト レース結果 （2024年1月3日）,,,Ａ３,4,,石川　一浩,56,静岡,,,0,0,0,0,0,0,0,0,1,0,1,,,,47,chariloto,6,0,,,,,,
20240103CL4703,2024-01-03,03,,松阪チャリロト レース結果 （2024年1月3日）,松阪チャリロト レース結果 （2024年1月3日）,,,Ａ３,1,,里見　恒平,47,千葉,,,0,0,0,0,0,0,0,0,0,0,2,,,,47,chariloto,6,0,,,,,,
20240103CL4703,2024-01-03,03,,松阪チャリロト レース結果 （2024年1月3日）,松阪チャリロト レース結果 （2024年1月3日）,,,Ａ３,5,,古寺　伸洋,51,埼玉,,,0,0,0,0,0,0,0,0,0,0,3,,,,47,chariloto,6,0,,,,,,
20240103CL4703,2024-01-03,03,,松阪チャリロト レース結果 （2024年1月3日）,松阪チャリロト レース結果 （2024年1月3日）,,,Ａ３,6,,井上　善裕,48,埼玉,,,0,0,0,0,0,0,0,0,0,0,4,,,,47,chariloto,6,0,,,,,,
20240103CL4703,2024-01-03,03,,松阪チャリロト レース結果 （2024年1月3日）,松阪チャリロト レース結果 （2024年1月3日）,,,Ａ３,3,,加賀美智史,41,山梨,,,B,0,B,0,0,0,0,0,0,0,5,,,,47,chariloto,6,0,,,,,,
20240103CL4703,2024-01-03,03,,松阪チャリロト レース結果 （2024年1月3日）,松阪チャリロト レース結果 （2024年1月3日）,,,Ａ３,2,,海野　敦男,52,静岡,,,0,0,0,0,0,0,0,0,0,0,6,,,,47,chariloto,6,0,,,,,,
20240103CL4704,2024-01-03,04,,松阪チャリロト レース結果 （2024年1月3日）,松阪チャリロト レース結果 （2024年1月3日）,,,Ａ３,2,,桜井　大地,30,静岡,,,S,0,S,0,0,0,0,1,0,0,1,,,,47,chariloto,7,0,,,,,,
20240103CL4704,2024-01-03,04,,松阪チャリロト レース結果 （2024年1月3日）,松阪チャリロト レース結果 （2024年1月3日）,,,Ａ３,1,,本田　拓也,41,新潟,,,0,0,0,0,0,0,0,0,0,0,2,,,,47,chariloto,7,0,,,,,,
20240103CL4704,2024-01-03,04,,松阪チャリロト レース結果 （2024年1月3日）,松阪チャリロト レース結果 （2024年1月3日）,,,Ａ３,5,,助川翔太郎,27,埼玉,,,B,0,B,0,0,0,0,0,0,0,3,,,,47,chariloto,7,0,,,,,,
20240103CL4704,2024-01-03,04,,松阪チャリロト レース結果 （2024年1月3日）,松阪チャリロト レース結果 （2024年1月3日）,,,Ａ３,7,,松本　昌士,40,福島,,,0,0,0,0,0,0,0,0,0,0,4,,,,47,chariloto,7,0,,,,,,
20240103CL4704,2024-01-03,04,,松阪チャリロト レース結果 （2024年1月3日）,松阪チャリロト レース結果 （2024年1月3日）,,,Ａ３,6,,大崎龍一郎,31,滋賀,,,0,0,0,0,0,0,0,0,0,0,5,,,,47,chariloto,7,0,,,,,,
20240103CL4704,2024-01-03,04,,松阪チャリロト レース結果 （2024年1月3日）,松阪チャリロト レース結果 （2024年1月3日）,,,Ａ３,3,,浅沼　聖士,42,静岡,,,0,0,0,0,0,0,0,0,0,0,6,,,,47,chariloto,7,0,,,,,,
20240103CL4704,2024-01-03,04,,松阪チャリロト レース結果 （2024年1月3日）,松阪チャリロト レース結果 （2024年1月3日）,,,Ａ３,4,,山村　慮太,37,大阪,,,0,0,0,0,0,0,0,0,0,0,7,,,,47,chariloto,7,0,,,,,,
20240103CL4705,2024-01-03,05,,松阪チャリロト レース結果 （2024年1月3日）,松阪チャリロト レース結果 （2024年1月3日）,,,Ａ３,6,,内田 淳,31,千葉,,,0,0,0,0,0,0,0,0,1,0,1,,,,47,chariloto,7,0,,,,,,
20240103CL4705,2024-01-03,05,,松阪チャリロト レース結果 （2024年1月3日）,松阪チャリロト レース結果 （2024年1月3日）,,,Ａ３,2,,村上　翔馬,25,兵庫,,,B,0,B,0,0,0,0,0,0,0,2,,,,47,chariloto,7,0,,,,,,
20240103CL4705,2024-01-03,05,,松阪チャリロト レース結果 （2024年1月3日）,松阪チャリロト レース結果 （2024年1月3日）,,,Ａ３,3,,堀 勝政,45,群馬,,,0,0,0,0,0,0,0,0,0,0,3,,,,47,chariloto,7,0,,,,,,
20240103CL4705,2024-01-03,05,,松阪チャリロト レース結果 （2024年1月3日）,松阪チャリロト レース結果 （2024年1月3日）,,,Ａ３,7,,邊見 斎,38,福島,,,S,0,S,0,0,0,0,0,0,0,4,,,,47,chariloto,7,0,,,,,,
20240103CL4705,2024-01-03,05,,松阪チャリロト レース結果 （2024年1月3日）,松阪チャリロト レース結果 （2024年1月3日）,,,Ａ３,4,,三澤　勝成,46,宮城,,,0,0,0,0,0,0,0,0,0,0,5,,,,47,chariloto,7,0,,,,,,
20240103CL4705,2024-01-03,05,,松阪チャリロト レース結果 （2024年1月3日）,松阪チャリロト レース結果 （2024年1月3日）,,,Ａ３,5,,小田桐義継,45,北海,,,0,0,0,0,0,0,0,0,0,0,6,,,,47,chariloto,7,0,,,,,,
20240103CL4705,2024-01-03,05,,松阪チャリロト レース結果 （2024年1月3日）,松阪チャリロト レース結果 （2024年1月3日）,,,Ａ３,1,,花村　直人,54,三重,,,0,0,0,0,0,0,0,0,0,0,7,,,,47,chariloto,7,0,,,,,,
20240103CL4706,2024-01-03,06,,松阪チャリロト レース結果 （2024年1月3日）,松阪チャリロト レース結果 （2024年1月3日）,,,Ａ３,2,,石田　宏樹,42,青森,,,0,0,0,0,0,0,0,0,1,0,1,,,,47,chariloto,7,0,,,,,,
20240103CL4706,2024-01-03,06,,松阪チャリロト レース結果 （2024年1月3日）,松阪チャリロト レース結果 （2024年1月3日）,,,Ａ３,3,,小西　誠也,47,三重,,,0,0,0,0,0,0,0,0,0,0,2,,,,47,chariloto,7,0,,,,,,
20240103CL4706,2024-01-03,06,,松阪チャリロト レース結果 （2024年1月3日）,松阪チャリロト レース結果 （2024年1月3日）,,,Ａ３,1,,野崎 翼,26,岐阜,,,S  B,0,S  B,0,0,0,0,0,0,0,3,,,,47,chariloto,7,0,,,,,,
20240103CL4706,2024-01-03,06,,松阪チャリロト レース結果 （2024年1月3日）,松阪チャリロト レース結果 （2024年1月3日）,,,Ａ３,5,,古田　義明,50,三重,,,0,0,0,0,0,0,0,0,0,0,4,,,,47,chariloto,7,0,,,,,,
20240103CL4706,2024-01-03,06,,松阪チャリロト レース結果 （2024年1月3日）,松阪チャリロト レース結果 （2024年1月3日）,,,Ａ３,4,,嶋貫　高大,42,宮城,,,0,0,0,0,0,0,0,0,0,0,5,,,,47,chariloto,7,0,,,,,,
20240103CL4706,2024-01-03,06,,松阪チャリロト レース結果 （2024年1月3日）,松阪チャリロト レース結果 （2024年1月3日）,,,Ａ３,7,,志村　正洋,49,神奈,,,0,0,0,0,0,0,0,0,0,0,6,,,,47,chariloto,7,0,,,,,,
20240103CL4706,2024-01-03,06,,松阪チャリロト レース結果 （2024年1月3日）,松阪チャリロト レース結果 （2024年1月3日）,,,Ａ３,6,,浦野　慈生,37,神奈,,,0,0,0,0,0,0,0,0,0,0,7,,,,47,chariloto,7,0,,,,,,
20240103CL4707,2024-01-03,07,,松阪チャリロト レース結果 （2024年1月3日）,松阪チャリロト レース結果 （2024年1月3日）,,,Ａ３,7,,平野　想真,24,愛知,,,0,0,0,0,0,0,0,0,1,0,1,,,,47,chariloto,7,0,,,,,,
20240103CL4707,2024-01-03,07,,松阪チャリロト レース結果 （2024年1月3日）,松阪チャリロト レース結果 （2024年1月3日）,,,Ａ３,5,,佐々木祐太,23,岩手,,,0,0,0,0,0,0,0,0,0,0,2,,,,47,chariloto,7,0,,,,,,
20240103CL4707,2024-01-03,07,,松阪チャリロト レース結果 （2024年1月3日）,松阪チャリロト レース結果 （2024年1月3日）,,,Ａ３,4,,松本　京太,25,静岡,,,0,0,0,0,0,0,0,0,0,0,3,,,,47,chariloto,7,0,,,,,,
20240103CL4707,2024-01-03,07,,松阪チャリロト レース結果 （2024年1月3日）,松阪チャリロト レース結果 （2024年1月3日）,,,Ａ３,3,,松田　昂己,22,茨城,,,0,0,0,0,0,0,0,0,0,0,4,,,,47,chariloto,7,0,,,,,,
20240103CL4707,2024-01-03,07,,松阪チャリロト レース結果 （2024年1月3日）,松阪チャリロト レース結果 （2024年1月3日）,,,Ａ３,6,,竹澤　雅也,22,福井,,,B,0,B,0,0,0,0,0,0,0,5,,,,47,chariloto,7,0,,,,,,
20240103CL4707,2024-01-03,07,,松阪チャリロト レース結果 （2024年1月3日）,松阪チャリロト レース結果 （2024年1月3日）,,,Ａ３,1,,福田　拓也,32,栃木,,,0,0,0,0,0,0,0,0,0,0,6,,,,47,chariloto,7,0,,,,,,
20240103CL4707,2024-01-03,07,,松阪チャリロト レース結果 （2024年1月3日）,松阪チャリロト レース結果 （2024年1月3日）,,,Ａ３,2,,渡会　啓介,47,愛知,,,0,0,0,0,0,0,0,0,0,0,7,,,,47,chariloto,7,0,,,,,,
