race_id,date,race_no,stadium,track,title,race_name,grade,class,lane_no,rider_id,rider_name,age,prefecture,score,style,backs,homes,starts,win_rate,quinella_rate,top3_rate,kimarite_nige,kimarite_makuri,kimarite_sashi,kimarite_mark,finish_pos,line_id,line_pos,gear,bank_code,source,field_size,line_count,line_pattern,start_time,weather,wind,kaizai_no,term
20251017CL1301,2025-10-17,01,,いわき平チャリロト レース結果 （2025年10月17日）,いわき平チャリロト レース結果 （2025年10月17日）,,,Ａ３,2,,三木　翔太,37,群馬,,,0,0,0,0,0,0,0,0,1,0,1,,,,13,chariloto,7,0,,,,,,
20251017CL1301,2025-10-17,01,,いわき平チャリロト レース結果 （2025年10月17日）,いわき平チャリロト レース結果 （2025年10月17日）,,,Ａ３,6,,倉田　紘希,24,三重,,,B,0,B,0,0,0,0,0,0,0,2,,,,13,chariloto,7,0,,,,,,
20251017CL1301,2025-10-17,01,,いわき平チャリロト レース結果 （2025年10月17日）,いわき平チャリロト レース結果 （2025年10月17日）,,,Ａ３,1,,近藤　直幹,52,徳島,,,S,0,S,0,0,0,0,0,0,0,3,,,,13,chariloto,7,0,,,,,,
20251017CL1301,2025-10-17,01,,いわき平チャリロト レース結果 （2025年10月17日）,いわき平チャリロト レース結果 （2025年10月17日）,,,Ａ３,7,,松木　竜也,56,愛媛,,,0,0,0,0,0,0,0,0,0,0,4,,,,13,chariloto,7,0,,,,,,
20251017CL1301,2025-10-17,01,,いわき平チャリロト レース結果 （2025年10月17日）,いわき平チャリロト レース結果 （2025年10月17日）,,,Ａ３,3,,中野　功史,47,長崎,,,0,0,0,0,0,0,0,0,0,0,5,,,,13,chariloto,7,0,,,,,,
20251017CL1301,2025-10-17,01,,いわき平チャリロト レース結果 （2025年10月17日）,いわき平チャリロト レース結果 （2025年10月17日）,,,Ａ３,4,,藤田　和彦,55,神奈,,,0,0,0,0,0,0,0,0,0,0,6,,,,13,chariloto,7,0,,,,,,
20251017CL1301,2025-10-17,01,,いわき平チャリロト レース結果 （2025年10月17日）,いわき平チャリロト レース結果 （2025年10月17日）,,,Ａ３,5,,澤亀　浩司,57,福岡,,,0,0,0,0,0,0,0,0,0,0,7,,,,13,chariloto,7,0,,,,,,
20251017CL1302,2025-10-17,02,,いわき平チャリロト レース結果 （2025年10月17日）,いわき平チャリロト レース結果 （2025年10月17日）,,,Ａ３,1,,長田　彰人,39,宮城,,,0,0,0,0,0,0,0,0,1,0,1,,,,13,chariloto,7,0,,,,,,
20251017CL1302,2025-10-17,02,,いわき平チャリロト レース結果 （2025年10月17日）,いわき平チャリロト レース結果 （2025年10月17日）,,,Ａ３,2,,邊見 斎,40,福島,,,S,0,S,0,0,0,0,0,0,0,2,,,,13,chariloto,7,0,,,,,,
20251017CL1302,2025-10-17,02,,いわき平チャリロト レース結果 （2025年10月17日）,いわき平チャリロト レース結果 （2025年10月17日）,,,Ａ３,6,,松本　充生,47,愛媛,,,B,0,B,0,0,0,0,0,0,0,3,,,,13,chariloto,7,0,,,,,,
20251017CL1302,2025-10-17,02,,いわき平チャリロト レース結果 （2025年10月17日）,いわき平チャリロト レース結果 （2025年10月17日）,,,Ａ３,5,,齋藤 仁,46,徳島,,,0,0,0,0,0,0,0,0,0,0,4,,,,13,chariloto,7,0,,,,,,
20251017CL1302,2025-10-17,02,,いわき平チャリロト レース結果 （2025年10月17日）,いわき平チャリロト レース結果 （2025年10月17日）,,,Ａ３,7,,神田　宏行,57,埼玉,,,0,0,0,0,0,0,0,0,0,0,5,,,,13,chariloto,7,0,,,,,,
20251017CL1302,2025-10-17,02,,いわき平チャリロト レース結果 （2025年10月17日）,いわき平チャリロト レース結果 （2025年10月17日）,,,Ａ３,3,,滝川　秀嗣,52,愛知,,,0,0,0,0,0,0,0,0,0,0,失,,,,13,chariloto,7,0,,,,,,
20251017CL1302,2025-10-17,02,,いわき平チャリロト レース結果 （2025年10月17日）,いわき平チャリロト レース結果 （2025年10月17日）,,,Ａ３,4,,河合　康晴,55,静岡,,,0,0,0,0,0,0,0,0,0,0,落,,,,13,chariloto,7,0,,,,,,
20251017CL1303,2025-10-17,03,,いわき平チャリロト レース結果 （2025年10月17日）,いわき平チャリロト レース結果 （2025年10月17日）,,,Ａ３,1,,足達　重満,50,長崎,,,S,0,S,0,0,0,0,0,1,0,1,,,,13,chariloto,7,0,,,,,,
20251017CL1303,2025-10-17,03,,いわき平チャリロト レース結果 （2025年10月17日）,いわき平チャリロト レース結果 （2025年10月17日）,,,Ａ３,2,,増成　富夫,55,岡山,,,B,0,B,0,0,0,0,0,0,0,2,,,,13,chariloto,7,0,,,,,,
20251017CL1303,2025-10-17,03,,いわき平チャリロト レース結果 （2025年10月17日）,いわき平チャリロト レース結果 （2025年10月17日）,,,Ａ３,4,,龍門慎太郎,40,岡山,,,0,0,0,0,0,0,0,0,0,0,3,,,,13,chariloto,7,0,,,,,,
20251017CL1303,2025-10-17,03,,いわき平チャリロト レース結果 （2025年10月17日）,いわき平チャリロト レース結果 （2025年10月17日）,,,Ａ３,3,,川村　昭弘,50,新潟,,,0,0,0,0,0,0,0,0,0,0,4,,,,13,chariloto,7,0,,,,,,
20251017CL1303,2025-10-17,03,,いわき平チャリロト レース結果 （2025年10月17日）,いわき平チャリロト レース結果 （2025年10月17日）,,,Ａ３,6,,亀井　道佳,47,宮城,,,0,0,0,0,0,0,0,0,0,0,5,,,,13,chariloto,7,0,,,,,,
20251017CL1303,2025-10-17,03,,いわき平チャリロト レース結果 （2025年10月17日）,いわき平チャリロト レース結果 （2025年10月17日）,,,Ａ３,7,,松本　琢也,41,兵庫,,,0,0,0,0,0,0,0,0,0,0,6,,,,13,chariloto,7,0,,,,,,
20251017CL1303,2025-10-17,03,,いわき平チャリロト レース結果 （2025年10月17日）,いわき平チャリロト レース結果 （2025年10月17日）,,,Ａ３,5,,鈴木　規純,50,福島,,,0,0,0,0,0,0,0,0,0,0,7,,,,13,chariloto,7,0,,,,,,
20251017CL1304,2025-10-17,04,,いわき平チャリロト レース結果 （2025年10月17日）,いわき平チャリロト レース結果 （2025年10月17日）,,,Ａ１,1,,池邉 聖,30,神奈,,,0,0,0,0,0,0,0,0,1,0,1,,,,13,chariloto,7,0,,,,,,
20251017CL1304,2025-10-17,04,,いわき平チャリロト レース結果 （2025年10月17日）,いわき平チャリロト レース結果 （2025年10月17日）,,,Ａ２,2,,米澤　大輔,50,徳島,,,0,0,0,0,0,0,0,0,0,0,2,,,,13,chariloto,7,0,,,,,,
20251017CL1304,2025-10-17,04,,いわき平チャリロト レース結果 （2025年10月17日）,いわき平チャリロト レース結果 （2025年10月17日）,,,Ａ１,3,,梶原　大地,28,福岡,,,B,0,B,0,0,0,0,0,0,0,3,,,,13,chariloto,7,0,,,,,,
20251017CL1304,2025-10-17,04,,いわき平チャリロト レース結果 （2025年10月17日）,いわき平チャリロト レース結果 （2025年10月17日）,,,Ａ２,4,,藤井　稜也,29,岐阜,,,0,0,0,0,0,0,0,0,0,0,4,,,,13,chariloto,7,0,,,,,,
20251017CL1304,2025-10-17,04,,いわき平チャリロト レース結果 （2025年10月17日）,いわき平チャリロト レース結果 （2025年10月17日）,,,Ａ２,6,,藤縄　洋介,45,兵庫,,,S,0,S,0,0,0,0,0,0,0,5,,,,13,chariloto,7,0,,,,,,
20251017CL1304,2025-10-17,04,,いわき平チャリロト レース結果 （2025年10月17日）,いわき平チャリロト レース結果 （2025年10月17日）,,,Ａ２,5,,阿部　宏之,49,宮城,,,0,0,0,0,0,0,0,0,0,0,6,,,,13,chariloto,7,0,,,,,,
20251017CL1304,2025-10-17,04,,いわき平チャリロト レース結果 （2025年10月17日）,いわき平チャリロト レース結果 （2025年10月17日）,,,Ａ２,7,,石川　英昭,54,静岡,,,0,0,0,0,0,0,0,0,0,0,7,,,,13,chariloto,7,0,,,,,,
20251017CL1305,2025-10-17,05,,いわき平チャリロト レース結果 （2025年10月17日）,いわき平チャリロト レース結果 （2025年10月17日）,,,Ａ２,6,,田中　孝法,43,福岡,,,0,0,0,0,0,0,0,0,1,0,1,,,,13,chariloto,7,0,,,,,,
20251017CL1305,2025-10-17,05,,いわき平チャリロト レース結果 （2025年10月17日）,いわき平チャリロト レース結果 （2025年10月17日）,,,Ａ２,7,,稲留　敦貴,24,鹿児,,,0,0,0,0,0,0,0,0,0,0,2,,,,13,chariloto,7,0,,,,,,
20251017CL1305,2025-10-17,05,,いわき平チャリロト レース結果 （2025年10月17日）,いわき平チャリロト レース結果 （2025年10月17日）,,,Ａ１,3,,甲斐　康昭,41,群馬,,,0,0,0,0,0,0,0,0,0,0,3,,,,13,chariloto,7,0,,,,,,
20251017CL1305,2025-10-17,05,,いわき平チャリロト レース結果 （2025年10月17日）,いわき平チャリロト レース結果 （2025年10月17日）,,,Ａ２,1,,中野光太郎,25,徳島,,,S  B,0,S  B,0,0,0,0,0,0,0,4,,,,13,chariloto,7,0,,,,,,
20251017CL1305,2025-10-17,05,,いわき平チャリロト レース結果 （2025年10月17日）,いわき平チャリロト レース結果 （2025年10月17日）,,,Ａ２,2,,鎌田 聡,47,宮城,,,0,0,0,0,0,0,0,0,0,0,5,,,,13,chariloto,7,0,,,,,,
20251017CL1305,2025-10-17,05,,いわき平チャリロト レース結果 （2025年10月17日）,いわき平チャリロト レース結果 （2025年10月17日）,,,Ａ２,4,,山根　泰道,56,岡山,,,0,0,0,0,0,0,0,0,0,0,6,,,,13,chariloto,7,0,,,,,,
20251017CL1305,2025-10-17,05,,いわき平チャリロト レース結果 （2025年10月17日）,いわき平チャリロト レース結果 （2025年10月17日）,,,Ａ２,5,,鳥海 創,24,千葉,,,0,0,0,0,0,0,0,0,0,0,7,,,,13,chariloto,7,0,,,,,,
20251017CL1306,2025-10-17,06,,いわき平チャリロト レース結果 （2025年10月17日）,いわき平チャリロト レース結果 （2025年10月17日）,,,Ａ１,2,,藤原 浩,46,高知,,,0,0,0,0,0,0,0,0,1,0,1,,,,13,chariloto,7,0,,,,,,
20251017CL1306,2025-10-17,06,,いわき平チャリロト レース結果 （2025年10月17日）,いわき平チャリロト レース結果 （2025年10月17日）,,,Ａ１,1,,滝本　泰行,29,岡山,,,0,0,0,0,0,0,0,0,0,0,2,,,,13,chariloto,7,0,,,,,,
20251017CL1306,2025-10-17,06,,いわき平チャリロト レース結果 （2025年10月17日）,いわき平チャリロト レース結果 （2025年10月17日）,,,Ａ２,3,,梅澤　忠秀,24,三重,,,B,0,B,0,0,0,0,0,0,0,3,,,,13,chariloto,7,0,,,,,,
20251017CL1306,2025-10-17,06,,いわき平チャリロト レース結果 （2025年10月17日）,いわき平チャリロト レース結果 （2025年10月17日）,,,Ａ２,4,,上田 隼,36,岐阜,,,0,0,0,0,0,0,0,0,0,0,4,,,,13,chariloto,7,0,,,,,,
20251017CL1306,2025-10-17,06,,いわき平チャリロト レース結果 （2025年10月17日）,いわき平チャリロト レース結果 （2025年10月17日）,,,Ａ１,5,,岡田　啓渡,34,愛媛,,,0,0,0,0,0,0,0,0,0,0,5,,,,13,chariloto,7,0,,,,,,
20251017CL1306,2025-10-17,06,,いわき平チャリロト レース結果 （2025年10月17日）,いわき平チャリロト レース結果 （2025年10月17日）,,,Ａ２,7,,関 敬,49,栃木,,,0,0,0,0,0,0,0,0,0,0,6,,,,13,chariloto,7,0,,,,,,
20251017CL1306,2025-10-17,06,,いわき平チャリロト レース結果 （2025年10月17日）,いわき平チャリロト レース結果 （2025年10月17日）,,,Ａ２,6,,中村美千隆,49,兵庫,,,0,0,0,0,0,0,0,0,0,0,7,,,,13,chariloto,7,0,,,,,,
20251017CL1307,2025-10-17,07,,いわき平チャリロト レース結果 （2025年10月17日）,いわき平チャリロト レース結果 （2025年10月17日）,,,Ａ１,1,,山崎 司,41,福島,,,S,0,S,0,0,0,0,0,1,0,1,,,,13,chariloto,7,0,,,,,,
20251017CL1307,2025-10-17,07,,いわき平チャリロト レース結果 （2025年10月17日）,いわき平チャリロト レース結果 （2025年10月17日）,,,Ａ１,2,,近藤　範昌,47,岡山,,,0,0,0,0,0,0,0,0,0,0,2,,,,13,chariloto,7,0,,,,,,
20251017CL1307,2025-10-17,07,,いわき平チャリロト レース結果 （2025年10月17日）,いわき平チャリロト レース結果 （2025年10月17日）,,,Ａ２,7,,山田　祐太,37,福島,,,B,0,B,0,0,0,0,0,0,0,3,,,,13,chariloto,7,0,,,,,,
20251017CL1307,2025-10-17,07,,いわき平チャリロト レース結果 （2025年10月17日）,いわき平チャリロト レース結果 （2025年10月17日）,,,Ａ１,5,,福田 要,26,宮崎,,,0,0,0,0,0,0,0,0,0,0,4,,,,13,chariloto,7,0,,,,,,
20251017CL1307,2025-10-17,07,,いわき平チャリロト レース結果 （2025年10月17日）,いわき平チャリロト レース結果 （2025年10月17日）,,,Ａ２,4,,金子周一郎,48,埼玉,,,0,0,0,0,0,0,0,0,0,0,5,,,,13,chariloto,7,0,,,,,,
20251017CL1307,2025-10-17,07,,いわき平チャリロト レース結果 （2025年10月17日）,いわき平チャリロト レース結果 （2025年10月17日）,,,Ａ１,6,,朝日 勇,51,愛知,,,0,0,0,0,0,0,0,0,0,0,6,,,,13,chariloto,7,0,,,,,,
20251017CL1307,2025-10-17,07,,いわき平チャリロト レース結果 （2025年10月17日）,いわき平チャリロト レース結果 （2025年10月17日）,,,Ａ１,3,,中川　繁樹,39,京都,,,0,0,0,0,0,0,0,0,0,0,7,,,,13,chariloto,7,0,,,,,,
20251017CL1308,2025-10-17,08,,いわき平チャリロト レース結果 （2025年10月17日）,いわき平チャリロト レース結果 （2025年10月17日）,,,Ａ３,3,,鶴 淳志,25,福岡,,,0,0,0,0,0,0,0,1,0,0,1,,,,13,chariloto,7,0,,,,,,
20251017CL1308,2025-10-17,08,,いわき平チャリロト レース結果 （2025年10月17日）,いわき平チャリロト レース結果 （2025年10月17日）,,,Ａ３,1,,池田　充槻,19,秋田,,,S,0,S,0,0,0,0,0,0,0,2,,,,13,chariloto,7,0,,,,,,
20251017CL1308,2025-10-17,08,,いわき平チャリロト レース結果 （2025年10月17日）,いわき平チャリロト レース結果 （2025年10月17日）,,,Ａ３,5,,山崎　光展,38,京都,,,0,0,0,0,0,0,0,0,0,0,3,,,,13,chariloto,7,0,,,,,,
20251017CL1308,2025-10-17,08,,いわき平チャリロト レース結果 （2025年10月17日）,いわき平チャリロト レース結果 （2025年10月17日）,,,Ａ３,2,,松田　安綱,24,大阪,,,B,0,B,0,0,0,0,0,0,0,4,,,,13,chariloto,7,0,,,,,,
20251017CL1308,2025-10-17,08,,いわき平チャリロト レース結果 （2025年10月17日）,いわき平チャリロト レース結果 （2025年10月17日）,,,Ａ３,6,,相樂 修,52,千葉,,,0,0,0,0,0,0,0,0,0,0,5,,,,13,chariloto,7,0,,,,,,
20251017CL1308,2025-10-17,08,,いわき平チャリロト レース結果 （2025年10月17日）,いわき平チャリロト レース結果 （2025年10月17日）,,,Ａ３,7,,岡嵜　浩一,57,神奈,,,0,0,0,0,0,0,0,0,0,0,6,,,,13,chariloto,7,0,,,,,,
20251017CL1308,2025-10-17,08,,いわき平チャリロト レース結果 （2025年10月17日）,いわき平チャリロト レース結果 （2025年10月17日）,,,Ａ３,4,,桜井　大地,31,静岡,,,0,0,0,0,0,0,0,0,0,0,7,,,,13,chariloto,7,0,,,,,,
20251017CL1309,2025-10-17,09,,いわき平チャリロト レース結果 （2025年10月17日）,いわき平チャリロト レース結果 （2025年10月17日）,,,Ａ１,4,,立花　昌也,26,青森,,,0,0,0,0,0,0,0,0,1,0,1,,,,13,chariloto,7,0,,,,,,
20251017CL1309,2025-10-17,09,,いわき平チャリロト レース結果 （2025年10月17日）,いわき平チャリロト レース結果 （2025年10月17日）,,,Ａ２,3,,佐々木亮太,21,青森,,,0,0,0,0,0,0,0,0,0,0,2,,,,13,chariloto,7,0,,,,,,
20251017CL1309,2025-10-17,09,,いわき平チャリロト レース結果 （2025年10月17日）,いわき平チャリロト レース結果 （2025年10月17日）,,,Ａ１,1,,阿部　大樹,36,埼玉,,,0,0,0,0,0,0,0,0,0,0,3,,,,13,chariloto,7,0,,,,,,
20251017CL1309,2025-10-17,09,,いわき平チャリロト レース結果 （2025年10月17日）,いわき平チャリロト レース結果 （2025年10月17日）,,,Ａ１,2,,竹内　雄作,38,岐阜,,,S  B,0,S  B,0,0,0,0,0,0,0,4,,,,13,chariloto,7,0,,,,,,
20251017CL1309,2025-10-17,09,,いわき平チャリロト レース結果 （2025年10月17日）,いわき平チャリロト レース結果 （2025年10月17日）,,,Ａ１,7,,上川　直紀,29,栃木,,,0,0,0,0,0,0,0,0,0,0,4,,,,13,chariloto,7,0,,,,,,
20251017CL1309,2025-10-17,09,,いわき平チャリロト レース結果 （2025年10月17日）,いわき平チャリロト レース結果 （2025年10月17日）,,,Ａ１,5,,土屋　裕二,49,静岡,,,0,0,0,0,0,0,0,0,0,0,6,,,,13,chariloto,7,0,,,,,,
20251017CL1309,2025-10-17,09,,いわき平チャリロト レース結果 （2025年10月17日）,いわき平チャリロト レース結果 （2025年10月17日）,,,Ａ１,6,,佐野　梅一,49,京都,,,0,0,0,0,0,0,0,0,0,0,7,,,,13,chariloto,7,0,,,,,,
20251017CL2201,2025-10-17,01,,前橋,前橋競輪 レース結果 （2025年10月17日）,,,Ｌ１,1,,中島 瞳,21,埼玉,,,0,0,0,0,0,0,0,0,1,0,1,,,,22,chariloto,7,0,,,,,,
20251017CL2201,2025-10-17,01,,前橋,前橋競輪 レース結果 （2025年10月17日）,,,Ｌ１,2,,神戸暖稀羽,21,北海,,,0,0,0,0,0,0,0,0,0,0,2,,,,22,chariloto,7,0,,,,,,
20251017CL2201,2025-10-17,01,,前橋,前橋競輪 レース結果 （2025年10月17日）,,,Ｌ１,3,,戸邉香奈実,32,茨城,,,0,0,0,0,0,0,0,0,0,0,3,,,,22,chariloto,7,0,,,,,,
20251017CL2201,2025-10-17,01,,前橋,前橋競輪 レース結果 （2025年10月17日）,,,Ｌ１,5,,吉村美有紀,23,静岡,,,B,0,B,0,0,0,0,0,0,0,4,,,,22,chariloto,7,0,,,,,,
20251017CL2201,2025-10-17,01,,前橋,前橋競輪 レース結果 （2025年10月17日）,,,Ｌ１,6,,池原 杏,21,沖縄,,,S,0,S,0,0,0,0,0,0,0,5,,,,22,chariloto,7,0,,,,,,
20251017CL2201,2025-10-17,01,,前橋,前橋競輪 レース結果 （2025年10月17日）,,,Ｌ１,7,,池上あかり,25,福岡,,,0,0,0,0,0,0,0,0,0,0,6,,,,22,chariloto,7,0,,,,,,
20251017CL2201,2025-10-17,01,,前橋,前橋競輪 レース結果 （2025年10月17日）,,,Ｌ１,4,,山本さくら,24,愛知,,,0,0,0,0,0,0,0,0,0,0,7,,,,22,chariloto,7,0,,,,,,
20251017CL2202,2025-10-17,02,,前橋,前橋競輪 レース結果 （2025年10月17日）,,,Ａ１,5,,齋藤　一茂,36,群馬,,,B,0,B,0,0,0,1,0,0,0,1,,,,22,chariloto,7,0,,,,,,
20251017CL2202,2025-10-17,02,,前橋,前橋競輪 レース結果 （2025年10月17日）,,,Ａ１,2,,堀 政美,56,茨城,,,0,0,0,0,0,0,0,0,0,0,2,,,,22,chariloto,7,0,,,,,,
20251017CL2202,2025-10-17,02,,前橋,前橋競輪 レース結果 （2025年10月17日）,,,Ａ２,6,,飯島 淳,49,東京,,,0,0,0,0,0,0,0,0,0,0,3,,,,22,chariloto,7,0,,,,,,
20251017CL2202,2025-10-17,02,,前橋,前橋競輪 レース結果 （2025年10月17日）,,,Ａ１,1,,松尾　玄太,40,佐賀,,,0,0,0,0,0,0,0,0,0,0,4,,,,22,chariloto,7,0,,,,,,
20251017CL2202,2025-10-17,02,,前橋,前橋競輪 レース結果 （2025年10月17日）,,,Ａ２,7,,松尾　大樹,44,長崎,,,0,0,0,0,0,0,0,0,0,0,5,,,,22,chariloto,7,0,,,,,,
20251017CL2202,2025-10-17,02,,前橋,前橋競輪 レース結果 （2025年10月17日）,,,Ａ２,3,,高倉　俊宏,39,福岡,,,S,0,S,0,0,0,0,0,0,0,6,,,,22,chariloto,7,0,,,,,,
20251017CL2202,2025-10-17,02,,前橋,前橋競輪 レース結果 （2025年10月17日）,,,Ａ２,4,,三住　博昭,57,神奈,,,0,0,0,0,0,0,0,0,0,0,7,,,,22,chariloto,7,0,,,,,,
20251017CL2203,2025-10-17,03,,前橋,前橋競輪 レース結果 （2025年10月17日）,,,Ａ１,1,,吉永　好宏,50,広島,,,0,0,0,0,0,0,0,1,0,0,1,,,,22,chariloto,7,0,,,,,,
20251017CL2203,2025-10-17,03,,前橋,前橋競輪 レース結果 （2025年10月17日）,,,Ａ２,3,,中石　昌芳,50,広島,,,0,0,0,0,0,0,0,0,0,0,2,,,,22,chariloto,7,0,,,,,,
20251017CL2203,2025-10-17,03,,前橋,前橋競輪 レース結果 （2025年10月17日）,,,Ａ１,2,,竹山　慶太,32,宮城,,,S  B,0,S  B,0,0,0,0,0,0,0,3,,,,22,chariloto,7,0,,,,,,
20251017CL2203,2025-10-17,03,,前橋,前橋競輪 レース結果 （2025年10月17日）,,,Ａ２,4,,長野　和弘,48,福岡,,,0,0,0,0,0,0,0,0,0,0,4,,,,22,chariloto,7,0,,,,,,
20251017CL2203,2025-10-17,03,,前橋,前橋競輪 レース結果 （2025年10月17日）,,,Ａ２,5,,大崎　智久,43,青森,,,0,0,0,0,0,0,0,0,0,0,5,,,,22,chariloto,7,0,,,,,,
20251017CL2203,2025-10-17,03,,前橋,前橋競輪 レース結果 （2025年10月17日）,,,Ａ２,6,,梶山裕次郎,44,福岡,,,0,0,0,0,0,0,0,0,0,0,6,,,,22,chariloto,7,0,,,,,,
20251017CL2203,2025-10-17,03,,前橋,前橋競輪 レース結果 （2025年10月17日）,,,Ａ２,7,,松本　一志,29,宮崎,,,0,0,0,0,0,0,0,0,0,0,7,,,,22,chariloto,7,0,,,,,,
20251017CL2204,2025-10-17,04,,前橋,前橋競輪 レース結果 （2025年10月17日）,,,Ａ２,4,,野上　竜太,29,岡山,,,B,0,B,0,0,0,1,0,0,0,1,,,,22,chariloto,7,0,,,,,,
20251017CL2204,2025-10-17,04,,前橋,前橋競輪 レース結果 （2025年10月17日）,,,Ａ２,2,,會澤 龍,36,宮城,,,S,0,S,0,0,0,0,0,0,0,2,,,,22,chariloto,7,0,,,,,,
20251017CL2204,2025-10-17,04,,前橋,前橋競輪 レース結果 （2025年10月17日）,,,Ａ１,1,,立花　成泰,47,岡山,,,0,0,0,0,0,0,0,0,0,0,3,,,,22,chariloto,7,0,,,,,,
20251017CL2204,2025-10-17,04,,前橋,前橋競輪 レース結果 （2025年10月17日）,,,Ａ２,5,,杉浦　康一,60,北海,,,0,0,0,0,0,0,0,0,0,0,4,,,,22,chariloto,7,0,,,,,,
20251017CL2204,2025-10-17,04,,前橋,前橋競輪 レース結果 （2025年10月17日）,,,Ａ２,7,,井上 剛,45,岡山,,,0,0,0,0,0,0,0,0,0,0,5,,,,22,chariloto,7,0,,,,,,
20251017CL2204,2025-10-17,04,,前橋,前橋競輪 レース結果 （2025年10月17日）,,,Ａ１,6,,松永　真太,43,福岡,,,0,0,0,0,0,0,0,0,0,0,6,,,,22,chariloto,7,0,,,,,,
20251017CL2204,2025-10-17,04,,前橋,前橋競輪 レース結果 （2025年10月17日）,,,Ａ１,3,,三ッ井　武,40,神奈,,,0,0,0,0,0,0,0,0,0,0,7,,,,22,chariloto,7,0,,,,,,
20251017CL2205,2025-10-17,05,,前橋,前橋競輪 レース結果 （2025年10月17日）,,,Ａ１,4,,原井　剣也,31,福岡,,,0,0,0,0,0,0,0,1,0,0,1,,,,22,chariloto,7,0,,,,,,
20251017CL2205,2025-10-17,05,,前橋,前橋競輪 レース結果 （2025年10月17日）,,,Ａ１,1,,西田　大志,34,福岡,,,0,0,0,0,0,0,0,0,0,0,2,,,,22,chariloto,7,0,,,,,,
20251017CL2205,2025-10-17,05,,前橋,前橋競輪 レース結果 （2025年10月17日）,,,Ａ１,2,,古屋　琢晶,39,山梨,,,B,0,B,0,0,0,0,0,0,0,3,,,,22,chariloto,7,0,,,,,,
20251017CL2205,2025-10-17,05,,前橋,前橋競輪 レース結果 （2025年10月17日）,,,Ａ１,3,,木村　貴宏,48,茨城,,,S,0,S,0,0,0,0,0,0,0,4,,,,22,chariloto,7,0,,,,,,
20251017CL2205,2025-10-17,05,,前橋,前橋競輪 レース結果 （2025年10月17日）,,,Ａ２,6,,伊藤　大理,48,長野,,,0,0,0,0,0,0,0,0,0,0,5,,,,22,chariloto,7,0,,,,,,
20251017CL2205,2025-10-17,05,,前橋,前橋競輪 レース結果 （2025年10月17日）,,,Ａ２,7,,吉良　勝信,51,福岡,,,0,0,0,0,0,0,0,0,0,0,6,,,,22,chariloto,7,0,,,,,,
20251017CL2205,2025-10-17,05,,前橋,前橋競輪 レース結果 （2025年10月17日）,,,Ａ２,5,,黒滝　大翔,30,茨城,,,0,0,0,0,0,0,0,0,0,0,7,,,,22,chariloto,7,0,,,,,,
20251017CL2206,2025-10-17,06,,前橋,前橋競輪 レース結果 （2025年10月17日）,,,Ａ１,1,,柿沼　信也,41,埼玉,,,S,0,S,0,0,0,0,0,1,0,1,,,,22,chariloto,7,0,,,,,,
20251017CL2206,2025-10-17,06,,前橋,前橋競輪 レース結果 （2025年10月17日）,,,Ａ２,5,,助川翔太郎,29,埼玉,,,0,0,0,0,0,0,0,0,0,0,2,,,,22,chariloto,7,0,,,,,,
20251017CL2206,2025-10-17,06,,前橋,前橋競輪 レース結果 （2025年10月17日）,,,Ａ２,7,,瀧野　勝太,38,群馬,,,0,0,0,0,0,0,0,0,0,0,3,,,,22,chariloto,7,0,,,,,,
20251017CL2206,2025-10-17,06,,前橋,前橋競輪 レース結果 （2025年10月17日）,,,Ａ１,3,,小竹　洋平,36,福岡,,,0,0,0,0,0,0,0,0,0,0,4,,,,22,chariloto,7,0,,,,,,
20251017CL2206,2025-10-17,06,,前橋,前橋競輪 レース結果 （2025年10月17日）,,,Ａ１,2,,田中　洋輔,45,宮崎,,,0,0,0,0,0,0,0,0,0,0,5,,,,22,chariloto,7,0,,,,,,
20251017CL2206,2025-10-17,06,,前橋,前橋競輪 レース結果 （2025年10月17日）,,,Ａ１,4,,荒木　伸哉,46,静岡,,,0,0,0,0,0,0,0,0,0,0,6,,,,22,chariloto,7,0,,,,,,
20251017CL2206,2025-10-17,06,,前橋,前橋競輪 レース結果 （2025年10月17日）,,,Ａ２,6,,佐藤　啓斗,28,青森,,,B,0,B,0,0,0,0,0,0,0,7,,,,22,chariloto,7,0,,,,,,
20251017CL2207,2025-10-17,07,,前橋,前橋競輪 レース結果 （2025年10月17日）,,,Ａ１,1,,小原　唯志,42,茨城,,,0,0,0,0,0,0,0,0,1,0,1,,,,22,chariloto,7,0,,,,,,
20251017CL2207,2025-10-17,07,,前橋,前橋競輪 レース結果 （2025年10月17日）,,,Ａ２,4,,松田　優一,40,茨城,,,0,0,0,0,0,0,0,0,0,0,2,,,,22,chariloto,7,0,,,,,,
20251017CL2207,2025-10-17,07,,前橋,前橋競輪 レース結果 （2025年10月17日）,,,Ａ２,6,,久保　光司,28,佐賀,,,0,0,0,0,0,0,0,0,0,0,3,,,,22,chariloto,7,0,,,,,,
20251017CL2207,2025-10-17,07,,前橋,前橋競輪 レース結果 （2025年10月17日）,,,Ａ１,2,,中島　将尊,31,東京,,,S  B,0,S  B,0,0,0,0,0,0,0,4,,,,22,chariloto,7,0,,,,,,
20251017CL2207,2025-10-17,07,,前橋,前橋競輪 レース結果 （2025年10月17日）,,,Ａ２,3,,吉岡　篤志,46,徳島,,,0,0,0,0,0,0,0,0,0,0,5,,,,22,chariloto,7,0,,,,,,
20251017CL2207,2025-10-17,07,,前橋,前橋競輪 レース結果 （2025年10月17日）,,,Ａ２,5,,望月　紀男,48,静岡,,,0,0,0,0,0,0,0,0,0,0,6,,,,22,chariloto,7,0,,,,,,
20251017CL2207,2025-10-17,07,,前橋,前橋競輪 レース結果 （2025年10月17日）,,,Ａ２,7,,坂木田雄介,51,千葉,,,0,0,0,0,0,0,0,0,0,0,7,,,,22,chariloto,7,0,,,,,,
20251017CL2208,2025-10-17,08,,前橋,前橋競輪 レース結果 （2025年10月17日）,,,Ｌ１,2,,柳原　真緒,28,福井,,,S  B,0,S  B,0,0,0,0,1,0,0,1,,,,22,chariloto,7,0,,,,,,
20251017CL2208,2025-10-17,08,,前橋,前橋競輪 レース結果 （2025年10月17日）,,,Ｌ１,3,,小坂　知子,40,岐阜,,,0,0,0,0,0,0,0,0,0,0,2,,,,22,chariloto,7,0,,,,,,
20251017CL2208,2025-10-17,08,,前橋,前橋競輪 レース結果 （2025年10月17日）,,,Ｌ１,1,,小林　莉子,32,東京,,,0,0,0,0,0,0,0,0,0,0,3,,,,22,chariloto,7,0,,,,,,
20251017CL2208,2025-10-17,08,,前橋,前橋競輪 レース結果 （2025年10月17日）,,,Ｌ１,7,,高橋　朋恵,31,東京,,,0,0,0,0,0,0,0,0,0,0,4,,,,22,chariloto,7,0,,,,,,
20251017CL2208,2025-10-17,08,,前橋,前橋競輪 レース結果 （2025年10月17日）,,,Ｌ１,5,,又多　風緑,23,石川,,,0,0,0,0,0,0,0,0,0,0,5,,,,22,chariloto,7,0,,,,,,
20251017CL2208,2025-10-17,08,,前橋,前橋競輪 レース結果 （2025年10月17日）,,,Ｌ１,4,,加藤 舞,28,沖縄,,,0,0,0,0,0,0,0,0,0,0,6,,,,22,chariloto,7,0,,,,,,
20251017CL2208,2025-10-17,08,,前橋,前橋競輪 レース結果 （2025年10月17日）,,,Ｌ１,6,,千葉　捺美,30,群馬,,,0,0,0,0,0,0,0,0,0,0,7,,,,22,chariloto,7,0,,,,,,
20251017CL2209,2025-10-17,09,,前橋,前橋競輪 レース結果 （2025年10月17日）,,,Ａ１,7,,望月　一成,29,静岡,,,B,0,B,0,0,0,0,1,0,0,1,,,,22,chariloto,7,0,,,,,,
20251017CL2209,2025-10-17,09,,前橋,前橋競輪 レース結果 （2025年10月17日）,,,Ａ１,4,,花田　将司,39,千葉,,,S,0,S,0,0,0,0,0,0,0,2,,,,22,chariloto,7,0,,,,,,
20251017CL2209,2025-10-17,09,,前橋,前橋競輪 レース結果 （2025年10月17日）,,,Ａ１,6,,成田　健児,50,神奈,,,0,0,0,0,0,0,0,0,0,0,3,,,,22,chariloto,7,0,,,,,,
20251017CL2209,2025-10-17,09,,前橋,前橋競輪 レース結果 （2025年10月17日）,,,Ａ１,1,,小川将二郎,23,徳島,,,0,0,0,0,0,0,0,0,0,0,4,,,,22,chariloto,7,0,,,,,,
20251017CL2209,2025-10-17,09,,前橋,前橋競輪 レース結果 （2025年10月17日）,,,Ａ１,3,,真船圭一郎,37,福島,,,0,0,0,0,0,0,0,0,0,0,5,,,,22,chariloto,7,0,,,,,,
20251017CL2209,2025-10-17,09,,前橋,前橋競輪 レース結果 （2025年10月17日）,,,Ａ１,5,,松澤　敬輔,38,北海,,,0,0,0,0,0,0,0,0,0,0,6,,,,22,chariloto,7,0,,,,,,
20251017CL2209,2025-10-17,09,,前橋,前橋競輪 レース結果 （2025年10月17日）,,,Ａ１,2,,原田　亮太,29,千葉,,,0,0,0,0,0,0,0,0,0,0,7,,,,22,chariloto,7,0,,,,,,
20251017CL2601,2025-10-17,01,,西武園,西武園競輪 レース結果 （2025年10月17日）,,,Ａ３,7,,村瀬　大和,23,岐阜,,,S  B,0,S  B,0,0,0,1,0,0,0,1,,,,26,chariloto,7,0,,,,,,
20251017CL2601,2025-10-17,01,,西武園,西武園競輪 レース結果 （2025年10月17日）,,,Ａ３,1,,小西　誠也,49,三重,,,0,0,0,0,0,0,0,0,0,0,2,,,,26,chariloto,7,0,,,,,,
20251017CL2601,2025-10-17,01,,西武園,西武園競輪 レース結果 （2025年10月17日）,,,Ａ３,4,,光岡　義洋,51,愛知,,,0,0,0,0,0,0,0,0,0,0,3,,,,26,chariloto,7,0,,,,,,
20251017CL2601,2025-10-17,01,,西武園,西武園競輪 レース結果 （2025年10月17日）,,,Ａ３,3,,浦野　慈生,39,神奈,,,0,0,0,0,0,0,0,0,0,0,4,,,,26,chariloto,7,0,,,,,,
20251017CL2601,2025-10-17,01,,西武園,西武園競輪 レース結果 （2025年10月17日）,,,Ａ３,2,,玉木　英典,39,北海,,,0,0,0,0,0,0,0,0,0,0,5,,,,26,chariloto,7,0,,,,,,
20251017CL2601,2025-10-17,01,,西武園,西武園競輪 レース結果 （2025年10月17日）,,,Ａ３,6,,齋藤 明,58,北海,,,0,0,0,0,0,0,0,0,0,0,6,,,,26,chariloto,7,0,,,,,,
20251017CL2601,2025-10-17,01,,西武園,西武園競輪 レース結果 （2025年10月17日）,,,Ａ３,5,,牧田　賢也,29,福島,,,0,0,0,0,0,0,0,0,0,0,7,,,,26,chariloto,7,0,,,,,,
20251017CL2602,2025-10-17,02,,西武園,西武園競輪 レース結果 （2025年10月17日）,,,Ａ３,3,,泉 文人,35,福島,,,B,0,B,0,0,0,1,0,0,0,1,,,,26,chariloto,7,0,,,,,,
20251017CL2602,2025-10-17,02,,西武園,西武園競輪 レース結果 （2025年10月17日）,,,Ａ３,5,,河野 要,41,神奈,,,S,0,S,0,0,0,0,0,0,0,2,,,,26,chariloto,7,0,,,,,,
20251017CL2602,2025-10-17,02,,西武園,西武園競輪 レース結果 （2025年10月17日）,,,Ａ３,2,,藤本　龍也,41,長野,,,0,0,0,0,0,0,0,0,0,0,3,,,,26,chariloto,7,0,,,,,,
20251017CL2602,2025-10-17,02,,西武園,西武園競輪 レース結果 （2025年10月17日）,,,Ａ３,1,,永山　英司,53,神奈,,,0,0,0,0,0,0,0,0,0,0,4,,,,26,chariloto,7,0,,,,,,
20251017CL2602,2025-10-17,02,,西武園,西武園競輪 レース結果 （2025年10月17日）,,,Ａ３,4,,高森　圭介,48,栃木,,,0,0,0,0,0,0,0,0,0,0,5,,,,26,chariloto,7,0,,,,,,
20251017CL2602,2025-10-17,02,,西武園,西武園競輪 レース結果 （2025年10月17日）,,,Ａ３,7,,坂本　英一,57,栃木,,,0,0,0,0,0,0,0,0,0,0,6,,,,26,chariloto,7,0,,,,,,
20251017CL2602,2025-10-17,02,,西武園,西武園競輪 レース結果 （2025年10月17日）,,,Ａ３,6,,河元 茂,51,奈良,,,0,0,0,0,0,0,0,0,0,0,7,,,,26,chariloto,7,0,,,,,,
20251017CL2603,2025-10-17,03,,西武園,西武園競輪 レース結果 （2025年10月17日）,,,Ａ３,2,,土屋 宏,48,群馬,,,0,0,0,0,0,0,0,0,1,0,1,,,,26,chariloto,7,0,,,,,,
20251017CL2603,2025-10-17,03,,西武園,西武園競輪 レース結果 （2025年10月17日）,,,Ａ３,7,,森 飛龍,22,静岡,,,B,0,B,0,0,0,0,0,0,0,2,,,,26,chariloto,7,0,,,,,,
20251017CL2603,2025-10-17,03,,西武園,西武園競輪 レース結果 （2025年10月17日）,,,Ａ３,4,,菅藤 智,42,群馬,,,0,0,0,0,0,0,0,0,0,0,3,,,,26,chariloto,7,0,,,,,,
20251017CL2603,2025-10-17,03,,西武園,西武園競輪 レース結果 （2025年10月17日）,,,Ａ３,1,,奈良 基,43,宮城,,,S,0,S,0,0,0,0,0,0,0,4,,,,26,chariloto,7,0,,,,,,
20251017CL2603,2025-10-17,03,,西武園,西武園競輪 レース結果 （2025年10月17日）,,,Ａ３,5,,阿部　利光,50,宮城,,,0,0,0,0,0,0,0,0,0,0,5,,,,26,chariloto,7,0,,,,,,
20251017CL2603,2025-10-17,03,,西武園,西武園競輪 レース結果 （2025年10月17日）,,,Ａ３,3,,永橋　武司,42,大阪,,,0,0,0,0,0,0,0,0,0,0,6,,,,26,chariloto,7,0,,,,,,
20251017CL2603,2025-10-17,03,,西武園,西武園競輪 レース結果 （2025年10月17日）,,,Ａ３,6,,井上　将志,49,大阪,,,0,0,0,0,0,0,0,0,0,0,7,,,,26,chariloto,7,0,,,,,,
20251017CL2604,2025-10-17,04,,西武園,西武園競輪 レース結果 （2025年10月17日）,,,Ａ３,1,,鈴木　孝征,53,埼玉,,,0,0,0,0,0,0,0,0,1,0,1,,,,26,chariloto,7,0,,,,,,
20251017CL2604,2025-10-17,04,,西武園,西武園競輪 レース結果 （2025年10月17日）,,,Ａ３,4,,吉岡　優太,23,茨城,,,S  B,0,S  B,0,0,0,0,0,0,0,2,,,,26,chariloto,7,0,,,,,,
20251017CL2604,2025-10-17,04,,西武園,西武園競輪 レース結果 （2025年10月17日）,,,Ａ３,3,,鰐渕　正利,55,愛知,,,0,0,0,0,0,0,0,0,0,0,3,,,,26,chariloto,7,0,,,,,,
20251017CL2604,2025-10-17,04,,西武園,西武園競輪 レース結果 （2025年10月17日）,,,Ａ３,5,,角口　聖也,36,千葉,,,0,0,0,0,0,0,0,0,0,0,4,,,,26,chariloto,7,0,,,,,,
20251017CL2604,2025-10-17,04,,西武園,西武園競輪 レース結果 （2025年10月17日）,,,Ａ３,2,,長崎　達也,43,神奈,,,0,0,0,0,0,0,0,0,0,0,5,,,,26,chariloto,7,0,,,,,,
20251017CL2604,2025-10-17,04,,西武園,西武園競輪 レース結果 （2025年10月17日）,,,Ａ３,6,,永井　隆一,48,東京,,,0,0,0,0,0,0,0,0,0,0,6,,,,26,chariloto,7,0,,,,,,
20251017CL2604,2025-10-17,04,,西武園,西武園競輪 レース結果 （2025年10月17日）,,,Ａ３,7,,関谷　哲平,43,奈良,,,0,0,0,0,0,0,0,0,0,0,7,,,,26,chariloto,7,0,,,,,,
20251017CL2605,2025-10-17,05,,西武園,西武園競輪 レース結果 （2025年10月17日）,,,Ｌ１,6,,飯田　風音,24,埼玉,,,0,0,0,0,0,0,0,0,1,0,1,,,,26,chariloto,7,0,,,,,,
20251017CL2605,2025-10-17,05,,西武園,西武園競輪 レース結果 （2025年10月17日）,,,Ｌ１,3,,西脇美唯奈,24,愛知,,,0,0,0,0,0,0,0,0,0,0,2,,,,26,chariloto,7,0,,,,,,
20251017CL2605,2025-10-17,05,,西武園,西武園競輪 レース結果 （2025年10月17日）,,,Ｌ１,4,,半田　水晶,28,茨城,,,B,0,B,0,0,0,0,0,0,0,3,,,,26,chariloto,7,0,,,,,,
20251017CL2605,2025-10-17,05,,西武園,西武園競輪 レース結果 （2025年10月17日）,,,Ｌ１,2,,小林 諒,20,京都,,,0,0,0,0,0,0,0,0,0,0,4,,,,26,chariloto,7,0,,,,,,
20251017CL2605,2025-10-17,05,,西武園,西武園競輪 レース結果 （2025年10月17日）,,,Ｌ１,5,,枝光　美奈,27,福岡,,,S,0,S,0,0,0,0,0,0,0,5,,,,26,chariloto,7,0,,,,,,
20251017CL2605,2025-10-17,05,,西武園,西武園競輪 レース結果 （2025年10月17日）,,,Ｌ１,1,,岡村　育子,49,埼玉,,,0,0,0,0,0,0,0,0,0,0,6,,,,26,chariloto,7,0,,,,,,
20251017CL2605,2025-10-17,05,,西武園,西武園競輪 レース結果 （2025年10月17日）,,,Ｌ１,7,,中西　叶美,29,愛知,,,0,0,0,0,0,0,0,0,0,0,7,,,,26,chariloto,7,0,,,,,,
20251017CL2606,2025-10-17,06,,西武園,西武園競輪 レース結果 （2025年10月17日）,,,Ｌ１,6,,太田　りゆ,31,埼玉,,,B,0,B,0,0,0,0,1,0,0,1,,,,26,chariloto,7,0,,,,,,
20251017CL2606,2025-10-17,06,,西武園,西武園競輪 レース結果 （2025年10月17日）,,,Ｌ１,4,,竹野　百香,23,三重,,,0,0,0,0,0,0,0,0,0,0,2,,,,26,chariloto,7,0,,,,,,
20251017CL2606,2025-10-17,06,,西武園,西武園競輪 レース結果 （2025年10月17日）,,,Ｌ１,2,,佐々木　綾,26,東京,,,0,0,0,0,0,0,0,0,0,0,3,,,,26,chariloto,7,0,,,,,,
20251017CL2606,2025-10-17,06,,西武園,西武園競輪 レース結果 （2025年10月17日）,,,Ｌ１,5,,高尾貴美歌,25,長崎,,,0,0,0,0,0,0,0,0,0,0,4,,,,26,chariloto,7,0,,,,,,
20251017CL2606,2025-10-17,06,,西武園,西武園競輪 レース結果 （2025年10月17日）,,,Ｌ１,7,,宮地　寧々,30,岐阜,,,S,0,S,0,0,0,0,0,0,0,5,,,,26,chariloto,7,0,,,,,,
20251017CL2606,2025-10-17,06,,西武園,西武園競輪 レース結果 （2025年10月17日）,,,Ｌ１,1,,中原　恭恵,39,広島,,,0,0,0,0,0,0,0,0,0,0,6,,,,26,chariloto,7,0,,,,,,
20251017CL2606,2025-10-17,06,,西武園,西武園競輪 レース結果 （2025年10月17日）,,,Ｌ１,3,,高崎　千賀,31,神奈,,,0,0,0,0,0,0,0,0,0,0,7,,,,26,chariloto,7,0,,,,,,
20251017CL2607,2025-10-17,07,,西武園,西武園競輪 レース結果 （2025年10月17日）,,,Ａ１,3,,寺沼　将彦,33,東京,,,0,0,0,0,0,0,0,0,1,0,1,,,,26,chariloto,7,0,,,,,,
20251017CL2607,2025-10-17,07,,西武園,西武園競輪 レース結果 （2025年10月17日）,,,Ａ１,1,,大竹　哲也,45,静岡,,,S,0,S,0,0,0,0,0,0,0,2,,,,26,chariloto,7,0,,,,,,
20251017CL2607,2025-10-17,07,,西武園,西武園競輪 レース結果 （2025年10月17日）,,,Ａ２,4,,深澤　伸介,49,静岡,,,0,0,0,0,0,0,0,0,0,0,3,,,,26,chariloto,7,0,,,,,,
20251017CL2607,2025-10-17,07,,西武園,西武園競輪 レース結果 （2025年10月17日）,,,Ａ２,5,,鳥越　靖弘,50,愛知,,,0,0,0,0,0,0,0,0,0,0,4,,,,26,chariloto,7,0,,,,,,
20251017CL2607,2025-10-17,07,,西武園,西武園競輪 レース結果 （2025年10月17日）,,,Ａ１,7,,小川　将人,50,愛知,,,0,0,0,0,0,0,0,0,0,0,5,,,,26,chariloto,7,0,,,,,,
20251017CL2607,2025-10-17,07,,西武園,西武園競輪 レース結果 （2025年10月17日）,,,Ａ２,6,,楠野　史尭,37,埼玉,,,B,0,B,0,0,0,0,0,0,0,6,,,,26,chariloto,7,0,,,,,,
20251017CL2607,2025-10-17,07,,西武園,西武園競輪 レース結果 （2025年10月17日）,,,Ａ１,2,,丹波　孝佑,37,大阪,,,0,0,0,0,0,0,0,0,0,0,7,,,,26,chariloto,7,0,,,,,,
20251017CL2608,2025-10-17,08,,西武園,西武園競輪 レース結果 （2025年10月17日）,,,Ａ１,1,,土田　武志,26,茨城,,,0,0,0,0,0,0,0,1,0,0,1,,,,26,chariloto,7,0,,,,,,
20251017CL2608,2025-10-17,08,,西武園,西武園競輪 レース結果 （2025年10月17日）,,,Ａ２,3,,岡崎　祥伍,36,岐阜,,,S,0,S,0,0,0,0,0,0,0,2,,,,26,chariloto,7,0,,,,,,
20251017CL2608,2025-10-17,08,,西武園,西武園競輪 レース結果 （2025年10月17日）,,,Ａ２,5,,根本　雄紀,48,茨城,,,0,0,0,0,0,0,0,0,0,0,3,,,,26,chariloto,7,0,,,,,,
20251017CL2608,2025-10-17,08,,西武園,西武園競輪 レース結果 （2025年10月17日）,,,Ａ２,4,,緒方 剛,42,埼玉,,,0,0,0,0,0,0,0,0,0,0,4,,,,26,chariloto,7,0,,,,,,
20251017CL2608,2025-10-17,08,,西武園,西武園競輪 レース結果 （2025年10月17日）,,,Ａ１,7,,小浦 凪,26,岐阜,,,B,0,B,0,0,0,0,0,0,0,5,,,,26,chariloto,7,0,,,,,,
20251017CL2608,2025-10-17,08,,西武園,西武園競輪 レース結果 （2025年10月17日）,,,Ａ２,2,,白石　大輔,42,福島,,,0,0,0,0,0,0,0,0,0,0,6,,,,26,chariloto,7,0,,,,,,
20251017CL2608,2025-10-17,08,,西武園,西武園競輪 レース結果 （2025年10月17日）,,,Ａ２,6,,鈴木　裕斗,34,宮城,,,0,0,0,0,0,0,0,0,0,0,7,,,,26,chariloto,7,0,,,,,,
20251017CL2609,2025-10-17,09,,西武園,西武園競輪 レース結果 （2025年10月17日）,,,Ａ１,1,,山口　智弘,35,愛知,,,0,0,0,0,0,0,0,0,1,0,1,,,,26,chariloto,7,0,,,,,,
20251017CL2609,2025-10-17,09,,西武園,西武園競輪 レース結果 （2025年10月17日）,,,Ａ２,4,,伊東　佑晟,23,三重,,,S  B,0,S  B,0,0,0,0,0,0,0,2,,,,26,chariloto,7,0,,,,,,
20251017CL2609,2025-10-17,09,,西武園,西武園競輪 レース結果 （2025年10月17日）,,,Ａ２,7,,乾 庄平,39,滋賀,,,0,0,0,0,0,0,0,0,0,0,3,,,,26,chariloto,7,0,,,,,,
20251017CL2609,2025-10-17,09,,西武園,西武園競輪 レース結果 （2025年10月17日）,,,Ａ１,3,,中西 司,44,神奈,,,0,0,0,0,0,0,0,0,0,0,4,,,,26,chariloto,7,0,,,,,,
20251017CL2609,2025-10-17,09,,西武園,西武園競輪 レース結果 （2025年10月17日）,,,Ａ１,5,,中曽　直彦,53,千葉,,,0,0,0,0,0,0,0,0,0,0,5,,,,26,chariloto,7,0,,,,,,
20251017CL2609,2025-10-17,09,,西武園,西武園競輪 レース結果 （2025年10月17日）,,,Ａ２,6,,本馬 鎌,31,福島,,,0,0,0,0,0,0,0,0,0,0,6,,,,26,chariloto,7,0,,,,,,
20251017CL2609,2025-10-17,09,,西武園,西武園競輪 レース結果 （2025年10月17日）,,,Ａ２,2,,加藤　健一,33,神奈,,,0,0,0,0,0,0,0,0,0,0,7,,,,26,chariloto,7,0,,,,,,
20251017CL2610,2025-10-17,10,,西武園,西武園競輪 レース結果 （2025年10月17日）,,,Ａ２,1,,永井　哉多,23,東京,,,0,0,0,0,0,0,0,1,0,0,1,,,,26,chariloto,7,0,,,,,,
20251017CL2610,2025-10-17,10,,西武園,西武園競輪 レース結果 （2025年10月17日）,,,Ａ２,7,,田中　俊充,50,福井,,,0,0,0,0,0,0,0,0,0,0,2,,,,26,chariloto,7,0,,,,,,
20251017CL2610,2025-10-17,10,,西武園,西武園競輪 レース結果 （2025年10月17日）,,,Ａ１,5,,原田　泰志,39,新潟,,,0,0,0,0,0,0,0,0,0,0,3,,,,26,chariloto,7,0,,,,,,
20251017CL2610,2025-10-17,10,,西武園,西武園競輪 レース結果 （2025年10月17日）,,,Ａ２,4,,平石　浩之,47,茨城,,,0,0,0,0,0,0,0,0,0,0,4,,,,26,chariloto,7,0,,,,,,
20251017CL2610,2025-10-17,10,,西武園,西武園競輪 レース結果 （2025年10月17日）,,,Ａ２,3,,中村　泰輔,32,和歌,,,S  B,0,S  B,0,0,0,0,0,0,0,5,,,,26,chariloto,7,0,,,,,,
20251017CL2610,2025-10-17,10,,西武園,西武園競輪 レース結果 （2025年10月17日）,,,Ａ１,2,,山出　裕幸,42,福井,,,0,0,0,0,0,0,0,0,0,0,6,,,,26,chariloto,7,0,,,,,,
20251017CL2610,2025-10-17,10,,西武園,西武園競輪 レース結果 （2025年10月17日）,,,Ａ２,6,,鶴岡　與之,48,千葉,,,0,0,0,0,0,0,0,0,0,0,7,,,,26,chariloto,7,0,,,,,,
20251017CL2611,2025-10-17,11,,西武園,西武園競輪 レース結果 （2025年10月17日）,,,Ａ１,1,,菊地 圭,24,宮城,,,0,0,0,0,0,0,0,1,0,0,1,,,,26,chariloto,7,0,,,,,,
20251017CL2611,2025-10-17,11,,西武園,西武園競輪 レース結果 （2025年10月17日）,,,Ａ１,7,,谷口　明正,41,三重,,,B,0,B,0,0,0,0,0,0,0,2,,,,26,chariloto,7,0,,,,,,
20251017CL2611,2025-10-17,11,,西武園,西武園競輪 レース結果 （2025年10月17日）,,,Ａ１,6,,宇佐見優介,32,福島,,,0,0,0,0,0,0,0,0,0,0,3,,,,26,chariloto,7,0,,,,,,
20251017CL2611,2025-10-17,11,,西武園,西武園競輪 レース結果 （2025年10月17日）,,,Ａ１,2,,笠松　将太,33,埼玉,,,0,0,0,0,0,0,0,0,0,0,4,,,,26,chariloto,7,0,,,,,,
20251017CL2611,2025-10-17,11,,西武園,西武園競輪 レース結果 （2025年10月17日）,,,Ａ１,5,,志村　龍己,39,山梨,,,S,0,S,0,0,0,0,0,0,0,5,,,,26,chariloto,7,0,,,,,,
20251017CL2611,2025-10-17,11,,西武園,西武園競輪 レース結果 （2025年10月17日）,,,Ａ１,4,,仁藤 秀,27,静岡,,,0,0,0,0,0,0,0,0,0,0,6,,,,26,chariloto,7,0,,,,,,
20251017CL2611,2025-10-17,11,,西武園,西武園競輪 レース結果 （2025年10月17日）,,,Ａ１,3,,西岡　正一,48,和歌,,,0,0,0,0,0,0,0,0,0,0,7,,,,26,chariloto,7,0,,,,,,
20251017CL4501,2025-10-17,01,,豊橋チャリロト レース結果 （2025年10月17日）,豊橋チャリロト レース結果 （2025年10月17日）,,,Ｓ２,7,,房州　輝也,39,福島,,,0,0,0,0,0,0,0,0,1,0,1,,,,45,chariloto,8,0,,,,,,
20251017CL4501,2025-10-17,01,,豊橋チャリロト レース結果 （2025年10月17日）,豊橋チャリロト レース結果 （2025年10月17日）,,,Ｓ２,4,,藤井　栄二,34,兵庫,,,0,0,0,0,0,0,0,0,0,0,2,,,,45,chariloto,8,0,,,,,,
20251017CL4501,2025-10-17,01,,豊橋チャリロト レース結果 （2025年10月17日）,豊橋チャリロト レース結果 （2025年10月17日）,,,Ｓ２,3,,後藤 悠,30,岩手,,,S  B,0,S  B,0,0,0,0,0,0,0,3,,,,45,chariloto,8,0,,,,,,
20251017CL4501,2025-10-17,01,,豊橋チャリロト レース結果 （2025年10月17日）,豊橋チャリロト レース結果 （2025年10月17日）,,,Ｓ２,6,,高津　晃治,46,岡山,,,0,0,0,0,0,0,0,0,0,0,4,,,,45,chariloto,8,0,,,,,,
20251017CL4501,2025-10-17,01,,豊橋チャリロト レース結果 （2025年10月17日）,豊橋チャリロト レース結果 （2025年10月17日）,,,Ｓ２,2,,小堺　浩二,42,石川,,,0,0,0,0,0,0,0,0,0,0,5,,,,45,chariloto,8,0,,,,,,
20251017CL4501,2025-10-17,01,,豊橋チャリロト レース結果 （2025年10月17日）,豊橋チャリロト レース結果 （2025年10月17日）,,,Ｓ２,8,,大西 祐,38,愛媛,,,0,0,0,0,0,0,0,0,0,0,6,,,,45,chariloto,8,0,,,,,,
20251017CL4501,2025-10-17,01,,豊橋チャリロト レース結果 （2025年10月17日）,豊橋チャリロト レース結果 （2025年10月17日）,,,Ｓ２,5,,長屋　秀明,24,岐阜,,,0,0,0,0,0,0,0,0,0,0,7,,,,45,chariloto,8,0,,,,,,
20251017CL4501,2025-10-17,01,,豊橋チャリロト レース結果 （2025年10月17日）,豊橋チャリロト レース結果 （2025年10月17日）,,,Ｓ１,1,,大石　崇晴,33,大阪,,,0,0,0,0,0,0,0,0,0,0,8,,,,45,chariloto,8,0,,,,,,
20251017CL4502,2025-10-17,02,,豊橋チャリロト レース結果 （2025年10月17日）,豊橋チャリロト レース結果 （2025年10月17日）,,,Ｓ２,8,,真鍋　顕汰,31,三重,,,B,0,B,0,0,0,0,1,0,0,1,,,,45,chariloto,8,0,,,,,,
20251017CL4502,2025-10-17,02,,豊橋チャリロト レース結果 （2025年10月17日）,豊橋チャリロト レース結果 （2025年10月17日）,,,Ｓ２,7,,佐々木堅次,30,福島,,,0,0,0,0,0,0,0,0,0,0,2,,,,45,chariloto,8,0,,,,,,
20251017CL4502,2025-10-17,02,,豊橋チャリロト レース結果 （2025年10月17日）,豊橋チャリロト レース結果 （2025年10月17日）,,,Ｓ２,5,,秋本耀太郎,27,栃木,,,0,0,0,0,0,0,0,0,0,0,3,,,,45,chariloto,8,0,,,,,,
20251017CL4502,2025-10-17,02,,豊橋チャリロト レース結果 （2025年10月17日）,豊橋チャリロト レース結果 （2025年10月17日）,,,Ｓ２,2,,鈴木謙太郎,40,茨城,,,0,0,0,0,0,0,0,0,0,0,4,,,,45,chariloto,8,0,,,,,,
20251017CL4502,2025-10-17,02,,豊橋チャリロト レース結果 （2025年10月17日）,豊橋チャリロト レース結果 （2025年10月17日）,,,Ｓ２,4,,佐々木翔一,38,佐賀,,,0,0,0,0,0,0,0,0,0,0,5,,,,45,chariloto,8,0,,,,,,
20251017CL4502,2025-10-17,02,,豊橋チャリロト レース結果 （2025年10月17日）,豊橋チャリロト レース結果 （2025年10月17日）,,,Ｓ２,1,,富永　益生,54,愛知,,,0,0,0,0,0,0,0,0,0,0,6,,,,45,chariloto,8,0,,,,,,
20251017CL4502,2025-10-17,02,,豊橋チャリロト レース結果 （2025年10月17日）,豊橋チャリロト レース結果 （2025年10月17日）,,,Ｓ２,3,,佐藤愼太郎,47,福島,,,0,0,0,0,0,0,0,0,0,0,7,,,,45,chariloto,8,0,,,,,,
20251017CL4502,2025-10-17,02,,豊橋チャリロト レース結果 （2025年10月17日）,豊橋チャリロト レース結果 （2025年10月17日）,,,Ｓ２,6,,堀川敬太郎,24,福岡,,,0,0,0,0,0,0,0,0,0,0,8,,,,45,chariloto,8,0,,,,,,
20251017CL4503,2025-10-17,03,,豊橋チャリロト レース結果 （2025年10月17日）,豊橋チャリロト レース結果 （2025年10月17日）,,,Ｓ２,2,,伊代野貴照,44,奈良,,,0,0,0,0,0,0,0,0,1,0,1,,,,45,chariloto,9,0,,,,,,
20251017CL4503,2025-10-17,03,,豊橋チャリロト レース結果 （2025年10月17日）,豊橋チャリロト レース結果 （2025年10月17日）,,,Ｓ２,5,,徳田 匠,28,京都,,,B,0,B,0,0,0,0,0,0,0,2,,,,45,chariloto,9,0,,,,,,
20251017CL4503,2025-10-17,03,,豊橋チャリロト レース結果 （2025年10月17日）,豊橋チャリロト レース結果 （2025年10月17日）,,,Ｓ２,9,,白戸淳太郎,52,神奈,,,S,0,S,0,0,0,0,0,0,0,3,,,,45,chariloto,9,0,,,,,,
20251017CL4503,2025-10-17,03,,豊橋チャリロト レース結果 （2025年10月17日）,豊橋チャリロト レース結果 （2025年10月17日）,,,Ｓ２,8,,藤田　昌宏,51,岡山,,,0,0,0,0,0,0,0,0,0,0,4,,,,45,chariloto,9,0,,,,,,
20251017CL4503,2025-10-17,03,,豊橋チャリロト レース結果 （2025年10月17日）,豊橋チャリロト レース結果 （2025年10月17日）,,,Ｓ２,6,,佐々木省司,47,青森,,,0,0,0,0,0,0,0,0,0,0,5,,,,45,chariloto,9,0,,,,,,
20251017CL4503,2025-10-17,03,,豊橋チャリロト レース結果 （2025年10月17日）,豊橋チャリロト レース結果 （2025年10月17日）,,,Ｓ２,7,,矢野　昌彦,43,栃木,,,0,0,0,0,0,0,0,0,0,0,6,,,,45,chariloto,9,0,,,,,,
20251017CL4503,2025-10-17,03,,豊橋チャリロト レース結果 （2025年10月17日）,豊橋チャリロト レース結果 （2025年10月17日）,,,Ｓ２,3,,吉松　直人,44,高知,,,0,0,0,0,0,0,0,0,0,0,7,,,,45,chariloto,9,0,,,,,,
20251017CL4503,2025-10-17,03,,豊橋チャリロト レース結果 （2025年10月17日）,豊橋チャリロト レース結果 （2025年10月17日）,,,Ｓ２,1,,藤原　憲征,46,新潟,,,0,0,0,0,0,0,0,0,0,0,8,,,,45,chariloto,9,0,,,,,,
20251017CL4503,2025-10-17,03,,豊橋チャリロト レース結果 （2025年10月17日）,豊橋チャリロト レース結果 （2025年10月17日）,,,Ｓ２,4,,村上　直久,44,神奈,,,0,0,0,0,0,0,0,0,0,0,9,,,,45,chariloto,9,0,,,,,,
20251017CL4504,2025-10-17,04,,豊橋チャリロト レース結果 （2025年10月17日）,豊橋チャリロト レース結果 （2025年10月17日）,,,Ｓ２,4,,坂本　紘規,29,青森,,,0,0,0,0,0,0,0,0,1,0,1,,,,45,chariloto,9,0,,,,,,
20251017CL4504,2025-10-17,04,,豊橋チャリロト レース結果 （2025年10月17日）,豊橋チャリロト レース結果 （2025年10月17日）,,,Ｓ２,5,,横関　裕樹,37,岐阜,,,S,0,S,0,0,0,0,0,0,0,2,,,,45,chariloto,9,0,,,,,,
20251017CL4504,2025-10-17,04,,豊橋チャリロト レース結果 （2025年10月17日）,豊橋チャリロト レース結果 （2025年10月17日）,,,Ｓ２,1,,浅見 隼,28,福岡,,,0,0,0,0,0,0,0,0,0,0,3,,,,45,chariloto,9,0,,,,,,
20251017CL4504,2025-10-17,04,,豊橋チャリロト レース結果 （2025年10月17日）,豊橋チャリロト レース結果 （2025年10月17日）,,,Ｓ２,3,,山中　秀将,39,千葉,,,0,0,0,0,0,0,0,0,0,0,4,,,,45,chariloto,9,0,,,,,,
20251017CL4504,2025-10-17,04,,豊橋チャリロト レース結果 （2025年10月17日）,豊橋チャリロト レース結果 （2025年10月17日）,,,Ｓ２,6,,中村　健志,39,熊本,,,0,0,0,0,0,0,0,0,0,0,5,,,,45,chariloto,9,0,,,,,,
20251017CL4504,2025-10-17,04,,豊橋チャリロト レース結果 （2025年10月17日）,豊橋チャリロト レース結果 （2025年10月17日）,,,Ｓ２,9,,佐藤　健太,37,福岡,,,0,0,0,0,0,0,0,0,0,0,6,,,,45,chariloto,9,0,,,,,,
20251017CL4504,2025-10-17,04,,豊橋チャリロト レース結果 （2025年10月17日）,豊橋チャリロト レース結果 （2025年10月17日）,,,Ｓ２,7,,齊藤　竜也,50,神奈,,,0,0,0,0,0,0,0,0,0,0,7,,,,45,chariloto,9,0,,,,,,
20251017CL4504,2025-10-17,04,,豊橋チャリロト レース結果 （2025年10月17日）,豊橋チャリロト レース結果 （2025年10月17日）,,,Ｓ２,2,,小嶋　敬二,55,石川,,,0,0,0,0,0,0,0,0,0,0,8,,,,45,chariloto,9,0,,,,,,
20251017CL4504,2025-10-17,04,,豊橋チャリロト レース結果 （2025年10月17日）,豊橋チャリロト レース結果 （2025年10月17日）,,,Ｓ２,8,,上遠野拓馬,32,宮城,,,B,0,B,0,0,0,0,0,0,0,9,,,,45,chariloto,9,0,,,,,,
20251017CL4505,2025-10-17,05,,豊橋チャリロト レース結果 （2025年10月17日）,豊橋チャリロト レース結果 （2025年10月17日）,,,Ｓ１,2,,林　慶次郎,28,福岡,,,0,0,0,0,0,0,0,1,0,0,1,,,,45,chariloto,9,0,,,,,,
20251017CL4505,2025-10-17,05,,豊橋チャリロト レース結果 （2025年10月17日）,豊橋チャリロト レース結果 （2025年10月17日）,,,Ｓ２,9,,宮崎　大空,26,熊本,,,0,0,0,0,0,0,0,0,0,0,2,,,,45,chariloto,9,0,,,,,,
20251017CL4505,2025-10-17,05,,豊橋チャリロト レース結果 （2025年10月17日）,豊橋チャリロト レース結果 （2025年10月17日）,,,Ｓ２,8,,蒋野　翔太,30,徳島,,,0,0,0,0,0,0,0,0,0,0,3,,,,45,chariloto,9,0,,,,,,
20251017CL4505,2025-10-17,05,,豊橋チャリロト レース結果 （2025年10月17日）,豊橋チャリロト レース結果 （2025年10月17日）,,,Ｓ２,6,,山口　龍也,30,長崎,,,0,0,0,0,0,0,0,0,0,0,4,,,,45,chariloto,9,0,,,,,,
20251017CL4505,2025-10-17,05,,豊橋チャリロト レース結果 （2025年10月17日）,豊橋チャリロト レース結果 （2025年10月17日）,,,Ｓ２,1,,天田　裕輝,40,群馬,,,0,0,0,0,0,0,0,0,0,0,5,,,,45,chariloto,9,0,,,,,,
20251017CL4505,2025-10-17,05,,豊橋チャリロト レース結果 （2025年10月17日）,豊橋チャリロト レース結果 （2025年10月17日）,,,Ｓ２,7,,松岡　健介,47,兵庫,,,0,0,0,0,0,0,0,0,0,0,6,,,,45,chariloto,9,0,,,,,,
20251017CL4505,2025-10-17,05,,豊橋チャリロト レース結果 （2025年10月17日）,豊橋チャリロト レース結果 （2025年10月17日）,,,Ｓ２,5,,今野　有樹,28,愛媛,,,0,0,0,0,0,0,0,0,0,0,7,,,,45,chariloto,9,0,,,,,,
20251017CL4505,2025-10-17,05,,豊橋チャリロト レース結果 （2025年10月17日）,豊橋チャリロト レース結果 （2025年10月17日）,,,Ｓ２,4,,伊藤慶太郎,31,埼玉,,,B,0,B,0,0,0,0,0,0,0,8,,,,45,chariloto,9,0,,,,,,
20251017CL4505,2025-10-17,05,,豊橋チャリロト レース結果 （2025年10月17日）,豊橋チャリロト レース結果 （2025年10月17日）,,,Ｓ１,3,,池野　健太,33,兵庫,,,0,0,0,0,0,0,0,0,0,0,9,,,,45,chariloto,9,0,,,,,,
20251017CL4506,2025-10-17,06,,豊橋チャリロト レース結果 （2025年10月17日）,豊橋チャリロト レース結果 （2025年10月17日）,,,Ｓ１,1,,近藤 保,43,千葉,,,S,0,S,0,0,0,0,0,1,0,1,,,,45,chariloto,9,0,,,,,,
20251017CL4506,2025-10-17,06,,豊橋チャリロト レース結果 （2025年10月17日）,豊橋チャリロト レース結果 （2025年10月17日）,,,Ｓ２,5,,簗田　一輝,29,静岡,,,0,0,0,0,0,0,0,0,0,0,2,,,,45,chariloto,9,0,,,,,,
20251017CL4506,2025-10-17,06,,豊橋チャリロト レース結果 （2025年10月17日）,豊橋チャリロト レース結果 （2025年10月17日）,,,Ｓ２,8,,竹山　陵太,40,宮城,,,0,0,0,0,0,0,0,0,0,0,3,,,,45,chariloto,9,0,,,,,,
20251017CL4506,2025-10-17,06,,豊橋チャリロト レース結果 （2025年10月17日）,豊橋チャリロト レース結果 （2025年10月17日）,,,Ｓ２,3,,岡本　大嗣,45,東京,,,0,0,0,0,0,0,0,0,0,0,4,,,,45,chariloto,9,0,,,,,,
20251017CL4506,2025-10-17,06,,豊橋チャリロト レース結果 （2025年10月17日）,豊橋チャリロト レース結果 （2025年10月17日）,,,Ｓ１,2,,吉本　卓仁,41,福岡,,,0,0,0,0,0,0,0,0,0,0,5,,,,45,chariloto,9,0,,,,,,
20251017CL4506,2025-10-17,06,,豊橋チャリロト レース結果 （2025年10月17日）,豊橋チャリロト レース結果 （2025年10月17日）,,,Ｓ２,9,,橋本　壮史,30,茨城,,,B,0,B,0,0,0,0,0,0,0,6,,,,45,chariloto,9,0,,,,,,
20251017CL4506,2025-10-17,06,,豊橋チャリロト レース結果 （2025年10月17日）,豊橋チャリロト レース結果 （2025年10月17日）,,,Ｓ２,6,,佐々木和紀,28,神奈,,,0,0,0,0,0,0,0,0,0,0,7,,,,45,chariloto,9,0,,,,,,
20251017CL4506,2025-10-17,06,,豊橋チャリロト レース結果 （2025年10月17日）,豊橋チャリロト レース結果 （2025年10月17日）,,,Ｓ２,4,,柴田　洋輔,39,東京,,,0,0,0,0,0,0,0,0,0,0,8,,,,45,chariloto,9,0,,,,,,
20251017CL4506,2025-10-17,06,,豊橋チャリロト レース結果 （2025年10月17日）,豊橋チャリロト レース結果 （2025年10月17日）,,,Ｓ１,7,,松川　高大,36,熊本,,,0,0,0,0,0,0,0,0,0,0,9,,,,45,chariloto,9,0,,,,,,
20251017CL4507,2025-10-17,07,,豊橋チャリロト レース結果 （2025年10月17日）,豊橋チャリロト レース結果 （2025年10月17日）,,,Ｓ１,2,,脇本　勇希,26,福井,,,0,0,0,0,0,0,0,1,0,0,1,,,,45,chariloto,9,0,,,,,,
20251017CL4507,2025-10-17,07,,豊橋チャリロト レース結果 （2025年10月17日）,豊橋チャリロト レース結果 （2025年10月17日）,,,Ｓ２,4,,佐々木則幸,49,高知,,,0,0,0,0,0,0,0,0,0,0,2,,,,45,chariloto,9,0,,,,,,
20251017CL4507,2025-10-17,07,,豊橋チャリロト レース結果 （2025年10月17日）,豊橋チャリロト レース結果 （2025年10月17日）,,,Ｓ２,9,,根本　哲吏,39,秋田,,,0,0,0,0,0,0,0,0,0,0,3,,,,45,chariloto,9,0,,,,,,
20251017CL4507,2025-10-17,07,,豊橋チャリロト レース結果 （2025年10月17日）,豊橋チャリロト レース結果 （2025年10月17日）,,,Ｓ２,6,,坂本　修一,38,岡山,,,0,0,0,0,0,0,0,0,0,0,4,,,,45,chariloto,9,0,,,,,,
20251017CL4507,2025-10-17,07,,豊橋チャリロト レース結果 （2025年10月17日）,豊橋チャリロト レース結果 （2025年10月17日）,,,Ｓ１,3,,太田　竜馬,29,徳島,,,B,0,B,0,0,0,0,0,0,0,5,,,,45,chariloto,9,0,,,,,,
20251017CL4507,2025-10-17,07,,豊橋チャリロト レース結果 （2025年10月17日）,豊橋チャリロト レース結果 （2025年10月17日）,,,Ｓ２,7,,松田　治之,51,大阪,,,0,0,0,0,0,0,0,0,0,0,6,,,,45,chariloto,9,0,,,,,,
20251017CL4507,2025-10-17,07,,豊橋チャリロト レース結果 （2025年10月17日）,豊橋チャリロト レース結果 （2025年10月17日）,,,Ｓ２,8,,三宅　裕武,44,三重,,,0,0,0,0,0,0,0,0,0,0,7,,,,45,chariloto,9,0,,,,,,
20251017CL4507,2025-10-17,07,,豊橋チャリロト レース結果 （2025年10月17日）,豊橋チャリロト レース結果 （2025年10月17日）,,,Ｓ１,1,,尾形　鉄馬,35,宮城,,,S,0,S,0,0,0,0,0,0,0,失,,,,45,chariloto,9,0,,,,,,
20251017CL4507,2025-10-17,07,,豊橋チャリロト レース結果 （2025年10月17日）,豊橋チャリロト レース結果 （2025年10月17日）,,,Ｓ１,5,,伏見　俊昭,49,福島,,,0,0,0,0,0,0,0,0,0,0,失,,,,45,chariloto,9,0,,,,,,
20251017CL4508,2025-10-17,08,,豊橋チャリロト レース結果 （2025年10月17日）,豊橋チャリロト レース結果 （2025年10月17日）,,,Ｓ１,4,,長尾　拳太,32,岐阜,,,0,0,0,0,0,0,0,0,1,0,1,,,,45,chariloto,9,0,,,,,,
20251017CL4508,2025-10-17,08,,豊橋チャリロト レース結果 （2025年10月17日）,豊橋チャリロト レース結果 （2025年10月17日）,,,Ｓ１,2,,寺沼　拓摩,26,東京,,,S,0,S,0,0,0,0,0,0,0,2,,,,45,chariloto,9,0,,,,,,
20251017CL4508,2025-10-17,08,,豊橋チャリロト レース結果 （2025年10月17日）,豊橋チャリロト レース結果 （2025年10月17日）,,,Ｓ１,5,,島川　将貴,31,徳島,,,0,0,0,0,0,0,0,0,0,0,3,,,,45,chariloto,9,0,,,,,,
20251017CL4508,2025-10-17,08,,豊橋チャリロト レース結果 （2025年10月17日）,豊橋チャリロト レース結果 （2025年10月17日）,,,Ｓ２,8,,伊藤　世哉,44,三重,,,0,0,0,0,0,0,0,0,0,0,4,,,,45,chariloto,9,0,,,,,,
20251017CL4508,2025-10-17,08,,豊橋チャリロト レース結果 （2025年10月17日）,豊橋チャリロト レース結果 （2025年10月17日）,,,Ｓ２,6,,石田　拓真,24,愛知,,,B,0,B,0,0,0,0,0,0,0,5,,,,45,chariloto,9,0,,,,,,
20251017CL4508,2025-10-17,08,,豊橋チャリロト レース結果 （2025年10月17日）,豊橋チャリロト レース結果 （2025年10月17日）,,,Ｓ１,7,,大矢　崇弘,34,東京,,,0,0,0,0,0,0,0,0,0,0,6,,,,45,chariloto,9,0,,,,,,
20251017CL4508,2025-10-17,08,,豊橋チャリロト レース結果 （2025年10月17日）,豊橋チャリロト レース結果 （2025年10月17日）,,,Ｓ２,9,,西田　雅志,47,広島,,,0,0,0,0,0,0,0,0,0,0,7,,,,45,chariloto,9,0,,,,,,
20251017CL4508,2025-10-17,08,,豊橋チャリロト レース結果 （2025年10月17日）,豊橋チャリロト レース結果 （2025年10月17日）,,,Ｓ１,3,,海老根恵太,48,千葉,,,0,0,0,0,0,0,0,0,0,0,8,,,,45,chariloto,9,0,,,,,,
20251017CL4508,2025-10-17,08,,豊橋チャリロト レース結果 （2025年10月17日）,豊橋チャリロト レース結果 （2025年10月17日）,,,Ｓ１,1,,湊 聖二,48,徳島,,,0,0,0,0,0,0,0,0,0,0,落,,,,45,chariloto,9,0,,,,,,
20251017CL4509,2025-10-17,09,,豊橋チャリロト レース結果 （2025年10月17日）,豊橋チャリロト レース結果 （2025年10月17日）,,,Ｓ２,5,,橋本　優己,25,岐阜,,,B,0,B,0,0,0,1,0,0,0,1,,,,45,chariloto,9,0,,,,,,
20251017CL4509,2025-10-17,09,,豊橋チャリロト レース結果 （2025年10月17日）,豊橋チャリロト レース結果 （2025年10月17日）,,,Ｓ２,9,,小原丈一郎,27,青森,,,0,0,0,0,0,0,0,0,0,0,2,,,,45,chariloto,9,0,,,,,,
20251017CL4509,2025-10-17,09,,豊橋チャリロト レース結果 （2025年10月17日）,豊橋チャリロト レース結果 （2025年10月17日）,,,Ｓ１,1,,纐纈　洸翔,23,愛知,,,S,0,S,0,0,0,0,0,0,0,3,,,,45,chariloto,9,0,,,,,,
20251017CL4509,2025-10-17,09,,豊橋チャリロト レース結果 （2025年10月17日）,豊橋チャリロト レース結果 （2025年10月17日）,,,Ｓ１,3,,石塚　孝幸,45,神奈,,,0,0,0,0,0,0,0,0,0,0,4,,,,45,chariloto,9,0,,,,,,
20251017CL4509,2025-10-17,09,,豊橋チャリロト レース結果 （2025年10月17日）,豊橋チャリロト レース結果 （2025年10月17日）,,,Ｓ２,2,,荒澤　貴史,46,北海,,,0,0,0,0,0,0,0,0,0,0,5,,,,45,chariloto,9,0,,,,,,
20251017CL4509,2025-10-17,09,,豊橋チャリロト レース結果 （2025年10月17日）,豊橋チャリロト レース結果 （2025年10月17日）,,,Ｓ２,8,,吉田　健市,48,愛知,,,0,0,0,0,0,0,0,0,0,0,6,,,,45,chariloto,9,0,,,,,,
20251017CL4509,2025-10-17,09,,豊橋チャリロト レース結果 （2025年10月17日）,豊橋チャリロト レース結果 （2025年10月17日）,,,Ｓ２,7,,高橋　広大,38,埼玉,,,0,0,0,0,0,0,0,0,0,0,7,,,,45,chariloto,9,0,,,,,,
20251017CL4509,2025-10-17,09,,豊橋チャリロト レース結果 （2025年10月17日）,豊橋チャリロト レース結果 （2025年10月17日）,,,Ｓ２,4,,宿口　潤平,43,埼玉,,,0,0,0,0,0,0,0,0,0,0,8,,,,45,chariloto,9,0,,,,,,
20251017CL4509,2025-10-17,09,,豊橋チャリロト レース結果 （2025年10月17日）,豊橋チャリロト レース結果 （2025年10月17日）,,,Ｓ２,6,,内山　雅貴,30,静岡,,,0,0,0,0,0,0,0,0,0,0,9,,,,45,chariloto,9,0,,,,,,
20251017CL4510,2025-10-17,10,,豊橋チャリロト レース結果 （2025年10月17日）,豊橋チャリロト レース結果 （2025年10月17日）,,,Ｓ２,1,,小森　貴大,35,福井,,,S,0,S,0,0,0,0,1,0,0,1,,,,45,chariloto,9,0,,,,,,
20251017CL4510,2025-10-17,10,,豊橋チャリロト レース結果 （2025年10月17日）,豊橋チャリロト レース結果 （2025年10月17日）,,,Ｓ１,5,,高久保雄介,38,京都,,,0,0,0,0,0,0,0,0,0,0,2,,,,45,chariloto,9,0,,,,,,
20251017CL4510,2025-10-17,10,,豊橋チャリロト レース結果 （2025年10月17日）,豊橋チャリロト レース結果 （2025年10月17日）,,,Ｓ１,2,,松岡　貴久,41,熊本,,,0,0,0,0,0,0,0,0,0,0,3,,,,45,chariloto,9,0,,,,,,
20251017CL4510,2025-10-17,10,,豊橋チャリロト レース結果 （2025年10月17日）,豊橋チャリロト レース結果 （2025年10月17日）,,,Ｓ２,9,,立部　楓真,27,佐賀,,,B,0,B,0,0,0,0,0,0,0,4,,,,45,chariloto,9,0,,,,,,
20251017CL4510,2025-10-17,10,,豊橋チャリロト レース結果 （2025年10月17日）,豊橋チャリロト レース結果 （2025年10月17日）,,,Ｓ２,8,,畑段　嵐士,35,京都,,,0,0,0,0,0,0,0,0,0,0,5,,,,45,chariloto,9,0,,,,,,
20251017CL4510,2025-10-17,10,,豊橋チャリロト レース結果 （2025年10月17日）,豊橋チャリロト レース結果 （2025年10月17日）,,,Ｓ２,6,,樫山　恭柄,39,福岡,,,0,0,0,0,0,0,0,0,0,0,6,,,,45,chariloto,9,0,,,,,,
20251017CL4510,2025-10-17,10,,豊橋チャリロト レース結果 （2025年10月17日）,豊橋チャリロト レース結果 （2025年10月17日）,,,Ｓ２,4,,石川　裕二,41,茨城,,,0,0,0,0,0,0,0,0,0,0,7,,,,45,chariloto,9,0,,,,,,
20251017CL4510,2025-10-17,10,,豊橋チャリロト レース結果 （2025年10月17日）,豊橋チャリロト レース結果 （2025年10月17日）,,,Ｓ１,3,,中田　健太,35,埼玉,,,0,0,0,0,0,0,0,0,0,0,8,,,,45,chariloto,9,0,,,,,,
20251017CL4510,2025-10-17,10,,豊橋チャリロト レース結果 （2025年10月17日）,豊橋チャリロト レース結果 （2025年10月17日）,,,Ｓ２,7,,中嶋　宣成,35,長野,,,0,0,0,0,0,0,0,0,0,0,9,,,,45,chariloto,9,0,,,,,,
20251017CL4511,2025-10-17,11,,豊橋チャリロト レース結果 （2025年10月17日）,豊橋チャリロト レース結果 （2025年10月17日）,,,Ｓ１,9,,吉田　有希,24,茨城,,,B,0,B,0,0,0,1,0,0,0,1,,,,45,chariloto,9,0,,,,,,
20251017CL4511,2025-10-17,11,,豊橋チャリロト レース結果 （2025年10月17日）,豊橋チャリロト レース結果 （2025年10月17日）,,,Ｓ２,7,,桑名　僚也,28,埼玉,,,S,0,S,0,0,0,0,0,0,0,2,,,,45,chariloto,9,0,,,,,,
20251017CL4511,2025-10-17,11,,豊橋チャリロト レース結果 （2025年10月17日）,豊橋チャリロト レース結果 （2025年10月17日）,,,Ｓ２,3,,佐藤 壮,33,千葉,,,0,0,0,0,0,0,0,0,0,0,3,,,,45,chariloto,9,0,,,,,,
20251017CL4511,2025-10-17,11,,豊橋チャリロト レース結果 （2025年10月17日）,豊橋チャリロト レース結果 （2025年10月17日）,,,Ｓ２,4,,才迫 開,33,広島,,,0,0,0,0,0,0,0,0,0,0,4,,,,45,chariloto,9,0,,,,,,
20251017CL4511,2025-10-17,11,,豊橋チャリロト レース結果 （2025年10月17日）,豊橋チャリロト レース結果 （2025年10月17日）,,,Ｓ２,5,,市橋司優人,33,福岡,,,0,0,0,0,0,0,0,0,0,0,5,,,,45,chariloto,9,0,,,,,,
20251017CL4511,2025-10-17,11,,豊橋チャリロト レース結果 （2025年10月17日）,豊橋チャリロト レース結果 （2025年10月17日）,,,Ｓ１,1,,山口　敦也,27,佐賀,,,0,0,0,0,0,0,0,0,0,0,6,,,,45,chariloto,9,0,,,,,,
20251017CL4511,2025-10-17,11,,豊橋チャリロト レース結果 （2025年10月17日）,豊橋チャリロト レース結果 （2025年10月17日）,,,Ｓ１,2,,松岡　篤哉,43,岐阜,,,0,0,0,0,0,0,0,0,0,0,7,,,,45,chariloto,9,0,,,,,,
20251017CL4511,2025-10-17,11,,豊橋チャリロト レース結果 （2025年10月17日）,豊橋チャリロト レース結果 （2025年10月17日）,,,Ｓ２,6,,鷲田　佳史,42,福井,,,0,0,0,0,0,0,0,0,0,0,8,,,,45,chariloto,9,0,,,,,,
20251017CL4511,2025-10-17,11,,豊橋チャリロト レース結果 （2025年10月17日）,豊橋チャリロト レース結果 （2025年10月17日）,,,Ｓ２,8,,内藤　久文,33,愛知,,,0,0,0,0,0,0,0,0,0,0,9,,,,45,chariloto,9,0,,,,,,
20251017CL4512,2025-10-17,12,,豊橋チャリロト レース結果 （2025年10月17日）,豊橋チャリロト レース結果 （2025年10月17日）,,,Ｓ１,9,,志田　龍星,28,岐阜,,,B,0,B,0,0,0,1,0,0,0,1,,,,45,chariloto,9,0,,,,,,
20251017CL4512,2025-10-17,12,,豊橋チャリロト レース結果 （2025年10月17日）,豊橋チャリロト レース結果 （2025年10月17日）,,,Ｓ１,1,,笠松　信幸,46,愛知,,,S,0,S,0,0,0,0,0,0,0,2,,,,45,chariloto,9,0,,,,,,
20251017CL4512,2025-10-17,12,,豊橋チャリロト レース結果 （2025年10月17日）,豊橋チャリロト レース結果 （2025年10月17日）,,,Ｓ２,6,,鈴木　伸之,45,愛知,,,0,0,0,0,0,0,0,0,0,0,3,,,,45,chariloto,9,0,,,,,,
20251017CL4512,2025-10-17,12,,豊橋チャリロト レース結果 （2025年10月17日）,豊橋チャリロト レース結果 （2025年10月17日）,,,Ｓ１,5,,徳永　哲人,43,熊本,,,0,0,0,0,0,0,0,0,0,0,4,,,,45,chariloto,9,0,,,,,,
20251017CL4512,2025-10-17,12,,豊橋チャリロト レース結果 （2025年10月17日）,豊橋チャリロト レース結果 （2025年10月17日）,,,Ｓ２,4,,蕗澤鴻太郎,30,群馬,,,0,0,0,0,0,0,0,0,0,0,5,,,,45,chariloto,9,0,,,,,,
20251017CL4512,2025-10-17,12,,豊橋チャリロト レース結果 （2025年10月17日）,豊橋チャリロト レース結果 （2025年10月17日）,,,Ｓ２,2,,佐方　良行,44,熊本,,,0,0,0,0,0,0,0,0,0,0,6,,,,45,chariloto,9,0,,,,,,
20251017CL4512,2025-10-17,12,,豊橋チャリロト レース結果 （2025年10月17日）,豊橋チャリロト レース結果 （2025年10月17日）,,,Ｓ２,7,,望月　永悟,48,静岡,,,0,0,0,0,0,0,0,0,0,0,7,,,,45,chariloto,9,0,,,,,,
20251017CL4512,2025-10-17,12,,豊橋チャリロト レース結果 （2025年10月17日）,豊橋チャリロト レース結果 （2025年10月17日）,,,Ｓ２,8,,棚橋 勉,44,岡山,,,0,0,0,0,0,0,0,0,0,0,8,,,,45,chariloto,9,0,,,,,,
20251017CL4512,2025-10-17,12,,豊橋チャリロト レース結果 （2025年10月17日）,豊橋チャリロト レース結果 （2025年10月17日）,,,Ｓ２,3,,古川　宗行,39,東京,,,0,0,0,0,0,0,0,0,0,0,9,,,,45,chariloto,9,0,,,,,,
