race_id,date,race_no,stadium,track,title,race_name,grade,class,lane_no,rider_id,rider_name,age,prefecture,score,style,backs,homes,starts,win_rate,quinella_rate,top3_rate,kimarite_nige,kimarite_makuri,kimarite_sashi,kimarite_mark,finish_pos,line_id,line_pos,gear,bank_code,source,field_size,line_count,line_pattern,start_time,weather,wind,kaizai_no,term
20240104CL3501,2024-01-04,01,,平塚チャリロト レース結果 （2024年1月4日）,平塚チャリロト レース結果 （2024年1月4日）,,,Ａ２,1,,吉松　賢二,38,群馬,,,S,0,S,0,0,0,0,0,1,0,1,,,,35,chariloto,5,0,,,,,,
20240104CL3501,2024-01-04,01,,平塚チャリロト レース結果 （2024年1月4日）,平塚チャリロト レース結果 （2024年1月4日）,,,Ａ２,4,,山田　隼司,37,岐阜,,,B,0,B,0,0,0,0,0,0,0,2,,,,35,chariloto,5,0,,,,,,
20240104CL3501,2024-01-04,01,,平塚チャリロト レース結果 （2024年1月4日）,平塚チャリロト レース結果 （2024年1月4日）,,,Ａ２,3,,佐藤　有輝,45,神奈,,,0,0,0,0,0,0,0,0,0,0,3,,,,35,chariloto,5,0,,,,,,
20240104CL3501,2024-01-04,01,,平塚チャリロト レース結果 （2024年1月4日）,平塚チャリロト レース結果 （2024年1月4日）,,,Ａ２,2,,林 洋二,47,岐阜,,,0,0,0,0,0,0,0,0,0,0,4,,,,35,chariloto,5,0,,,,,,
20240104CL3501,2024-01-04,01,,平塚チャリロト レース結果 （2024年1月4日）,平塚チャリロト レース結果 （2024年1月4日）,,,Ａ２,5,,安坂　洋一,47,神奈,,,0,0,0,0,0,0,0,0,0,0,5,,,,35,chariloto,5,0,,,,,,
20240104CL3502,2024-01-04,02,,平塚チャリロト レース結果 （2024年1月4日）,平塚チャリロト レース結果 （2024年1月4日）,,,Ａ２,5,,山田　祐太,35,福島,,,B,0,B,0,0,0,1,0,0,0,1,,,,35,chariloto,6,0,,,,,,
20240104CL3502,2024-01-04,02,,平塚チャリロト レース結果 （2024年1月4日）,平塚チャリロト レース結果 （2024年1月4日）,,,Ａ２,4,,石井 毅,50,神奈,,,0,0,0,0,0,0,0,0,0,0,2,,,,35,chariloto,6,0,,,,,,
20240104CL3502,2024-01-04,02,,平塚チャリロト レース結果 （2024年1月4日）,平塚チャリロト レース結果 （2024年1月4日）,,,Ａ２,2,,竹内　真一,42,福岡,,,0,0,0,0,0,0,0,0,0,0,3,,,,35,chariloto,6,0,,,,,,
20240104CL3502,2024-01-04,02,,平塚チャリロト レース結果 （2024年1月4日）,平塚チャリロト レース結果 （2024年1月4日）,,,Ａ２,6,,中村　秀幸,56,高知,,,0,0,0,0,0,0,0,0,0,0,4,,,,35,chariloto,6,0,,,,,,
20240104CL3502,2024-01-04,02,,平塚チャリロト レース結果 （2024年1月4日）,平塚チャリロト レース結果 （2024年1月4日）,,,Ａ１,1,,泉 文人,33,福島,,,S,0,S,0,0,0,0,0,0,0,5,,,,35,chariloto,6,0,,,,,,
20240104CL3502,2024-01-04,02,,平塚チャリロト レース結果 （2024年1月4日）,平塚チャリロト レース結果 （2024年1月4日）,,,Ａ１,3,,佐伯　辰哉,27,広島,,,0,0,0,0,0,0,0,0,0,0,失,,,,35,chariloto,6,0,,,,,,
20240104CL3503,2024-01-04,03,,平塚チャリロト レース結果 （2024年1月4日）,平塚チャリロト レース結果 （2024年1月4日）,,,Ａ１,6,,宮崎　一彰,48,高知,,,0,0,0,0,0,0,0,0,1,0,1,,,,35,chariloto,7,0,,,,,,
20240104CL3503,2024-01-04,03,,平塚チャリロト レース結果 （2024年1月4日）,平塚チャリロト レース結果 （2024年1月4日）,,,Ａ１,3,,房州　輝也,37,福島,,,0,0,0,0,0,0,0,0,0,0,2,,,,35,chariloto,7,0,,,,,,
20240104CL3503,2024-01-04,03,,平塚チャリロト レース結果 （2024年1月4日）,平塚チャリロト レース結果 （2024年1月4日）,,,Ａ１,7,,坂本　晃輝,44,佐賀,,,0,0,0,0,0,0,0,0,0,0,3,,,,35,chariloto,7,0,,,,,,
20240104CL3503,2024-01-04,03,,平塚チャリロト レース結果 （2024年1月4日）,平塚チャリロト レース結果 （2024年1月4日）,,,Ａ２,4,,外崎　一成,36,北海,,,0,0,0,0,0,0,0,0,0,0,4,,,,35,chariloto,7,0,,,,,,
20240104CL3503,2024-01-04,03,,平塚チャリロト レース結果 （2024年1月4日）,平塚チャリロト レース結果 （2024年1月4日）,,,Ａ２,2,,新井　剛央,45,埼玉,,,0,0,0,0,0,0,0,0,0,0,5,,,,35,chariloto,7,0,,,,,,
20240104CL3503,2024-01-04,03,,平塚チャリロト レース結果 （2024年1月4日）,平塚チャリロト レース結果 （2024年1月4日）,,,Ａ１,1,,高井　流星,28,岡山,,,S  B,0,S  B,0,0,0,0,0,0,0,6,,,,35,chariloto,7,0,,,,,,
20240104CL3503,2024-01-04,03,,平塚チャリロト レース結果 （2024年1月4日）,平塚チャリロト レース結果 （2024年1月4日）,,,Ａ２,5,,吉竹　尚城,30,静岡,,,0,0,0,0,0,0,0,0,0,0,7,,,,35,chariloto,7,0,,,,,,
20240104CL3504,2024-01-04,04,,平塚チャリロト レース結果 （2024年1月4日）,平塚チャリロト レース結果 （2024年1月4日）,,,Ａ１,6,,塚本　瑠羽,26,神奈,,,0,0,0,0,0,0,0,1,0,0,1,,,,35,chariloto,7,0,,,,,,
20240104CL3504,2024-01-04,04,,平塚チャリロト レース結果 （2024年1月4日）,平塚チャリロト レース結果 （2024年1月4日）,,,Ａ１,1,,伊豆田浩人,44,神奈,,,0,0,0,0,0,0,0,0,0,0,2,,,,35,chariloto,7,0,,,,,,
20240104CL3504,2024-01-04,04,,平塚チャリロト レース結果 （2024年1月4日）,平塚チャリロト レース結果 （2024年1月4日）,,,Ａ１,2,,三澤　康人,38,宮城,,,0,0,0,0,0,0,0,0,0,0,3,,,,35,chariloto,7,0,,,,,,
20240104CL3504,2024-01-04,04,,平塚チャリロト レース結果 （2024年1月4日）,平塚チャリロト レース結果 （2024年1月4日）,,,Ａ１,4,,山崎　光展,37,京都,,,0,0,0,0,0,0,0,0,0,0,4,,,,35,chariloto,7,0,,,,,,
20240104CL3504,2024-01-04,04,,平塚チャリロト レース結果 （2024年1月4日）,平塚チャリロト レース結果 （2024年1月4日）,,,Ａ２,3,,北川　紋部,49,福井,,,0,0,0,0,0,0,0,0,0,0,5,,,,35,chariloto,7,0,,,,,,
20240104CL3504,2024-01-04,04,,平塚チャリロト レース結果 （2024年1月4日）,平塚チャリロト レース結果 （2024年1月4日）,,,Ａ１,5,,勝谷　勝治,33,三重,,,B,0,B,0,0,0,0,0,0,0,6,,,,35,chariloto,7,0,,,,,,
20240104CL3504,2024-01-04,04,,平塚チャリロト レース結果 （2024年1月4日）,平塚チャリロト レース結果 （2024年1月4日）,,,Ａ２,7,,佐々木孝司,44,青森,,,0,0,0,0,0,0,0,0,0,0,7,,,,35,chariloto,7,0,,,,,,
20240104CL3505,2024-01-04,05,,平塚チャリロト レース結果 （2024年1月4日）,平塚チャリロト レース結果 （2024年1月4日）,,,Ｓ２,5,,堀江　省吾,26,長野,,,B,0,B,0,0,0,1,0,0,0,1,,,,35,chariloto,6,0,,,,,,
20240104CL3505,2024-01-04,05,,平塚チャリロト レース結果 （2024年1月4日）,平塚チャリロト レース結果 （2024年1月4日）,,,Ｓ２,1,,阿久津　修,43,栃木,,,S,0,S,0,0,0,0,0,0,0,2,,,,35,chariloto,6,0,,,,,,
20240104CL3505,2024-01-04,05,,平塚チャリロト レース結果 （2024年1月4日）,平塚チャリロト レース結果 （2024年1月4日）,,,Ｓ２,3,,川口　直人,47,神奈,,,0,0,0,0,0,0,0,0,0,0,3,,,,35,chariloto,6,0,,,,,,
20240104CL3505,2024-01-04,05,,平塚チャリロト レース結果 （2024年1月4日）,平塚チャリロト レース結果 （2024年1月4日）,,,Ｓ２,4,,磯島　康祐,31,青森,,,0,0,0,0,0,0,0,0,0,0,4,,,,35,chariloto,6,0,,,,,,
20240104CL3505,2024-01-04,05,,平塚チャリロト レース結果 （2024年1月4日）,平塚チャリロト レース結果 （2024年1月4日）,,,Ｓ２,2,,伊藤　大志,44,青森,,,0,0,0,0,0,0,0,0,0,0,5,,,,35,chariloto,6,0,,,,,,
20240104CL3505,2024-01-04,05,,平塚チャリロト レース結果 （2024年1月4日）,平塚チャリロト レース結果 （2024年1月4日）,,,Ｓ２,6,,荒澤　貴史,45,北海,,,0,0,0,0,0,0,0,0,0,0,6,,,,35,chariloto,6,0,,,,,,
20240104CL3506,2024-01-04,06,,平塚チャリロト レース結果 （2024年1月4日）,平塚チャリロト レース結果 （2024年1月4日）,,,Ｓ２,4,,佐藤　龍二,35,神奈,,,0,0,0,0,0,0,0,0,1,0,1,,,,35,chariloto,6,0,,,,,,
20240104CL3506,2024-01-04,06,,平塚チャリロト レース結果 （2024年1月4日）,平塚チャリロト レース結果 （2024年1月4日）,,,Ｓ１,3,,根本　哲吏,37,秋田,,,0,0,0,0,0,0,0,0,0,0,2,,,,35,chariloto,6,0,,,,,,
20240104CL3506,2024-01-04,06,,平塚チャリロト レース結果 （2024年1月4日）,平塚チャリロト レース結果 （2024年1月4日）,,,Ｓ２,2,,森山　智徳,40,熊本,,,S  B,0,S  B,0,0,0,0,0,0,0,3,,,,35,chariloto,6,0,,,,,,
20240104CL3506,2024-01-04,06,,平塚チャリロト レース結果 （2024年1月4日）,平塚チャリロト レース結果 （2024年1月4日）,,,Ｓ２,1,,武井　大介,43,千葉,,,0,0,0,0,0,0,0,0,0,0,4,,,,35,chariloto,6,0,,,,,,
20240104CL3506,2024-01-04,06,,平塚チャリロト レース結果 （2024年1月4日）,平塚チャリロト レース結果 （2024年1月4日）,,,Ｓ２,6,,寺沼　伊織,25,東京,,,0,0,0,0,0,0,0,0,0,0,5,,,,35,chariloto,6,0,,,,,,
20240104CL3506,2024-01-04,06,,平塚チャリロト レース結果 （2024年1月4日）,平塚チャリロト レース結果 （2024年1月4日）,,,Ｓ２,5,,大崎飛雄馬,45,愛媛,,,0,0,0,0,0,0,0,0,0,0,6,,,,35,chariloto,6,0,,,,,,
20240104CL3507,2024-01-04,07,,平塚チャリロト レース結果 （2024年1月4日）,平塚チャリロト レース結果 （2024年1月4日）,,,Ｓ２,5,,花田　将司,37,千葉,,,0,0,0,0,0,0,0,0,1,0,1,,,,35,chariloto,7,0,,,,,,
20240104CL3507,2024-01-04,07,,平塚チャリロト レース結果 （2024年1月4日）,平塚チャリロト レース結果 （2024年1月4日）,,,Ｓ２,2,,田中　孝彦,37,静岡,,,0,0,0,0,0,0,0,0,0,0,2,,,,35,chariloto,7,0,,,,,,
20240104CL3507,2024-01-04,07,,平塚チャリロト レース結果 （2024年1月4日）,平塚チャリロト レース結果 （2024年1月4日）,,,Ｓ２,6,,長井　優斗,36,東京,,,0,0,0,0,0,0,0,0,0,0,3,,,,35,chariloto,7,0,,,,,,
20240104CL3507,2024-01-04,07,,平塚チャリロト レース結果 （2024年1月4日）,平塚チャリロト レース結果 （2024年1月4日）,,,Ｓ２,4,,関根健太郎,33,神奈,,,B,0,B,0,0,0,0,0,0,0,4,,,,35,chariloto,7,0,,,,,,
20240104CL3507,2024-01-04,07,,平塚チャリロト レース結果 （2024年1月4日）,平塚チャリロト レース結果 （2024年1月4日）,,,Ｓ２,1,,大屋　健司,42,広島,,,S,0,S,0,0,0,0,0,0,0,5,,,,35,chariloto,7,0,,,,,,
20240104CL3507,2024-01-04,07,,平塚チャリロト レース結果 （2024年1月4日）,平塚チャリロト レース結果 （2024年1月4日）,,,Ｓ２,7,,大野　悟郎,44,大分,,,0,0,0,0,0,0,0,0,0,0,6,,,,35,chariloto,7,0,,,,,,
20240104CL3507,2024-01-04,07,,平塚チャリロト レース結果 （2024年1月4日）,平塚チャリロト レース結果 （2024年1月4日）,,,Ｓ２,3,,高市　訓但,35,愛媛,,,0,0,0,0,0,0,0,0,0,0,7,,,,35,chariloto,7,0,,,,,,
20240104CL3508,2024-01-04,08,,平塚チャリロト レース結果 （2024年1月4日）,平塚チャリロト レース結果 （2024年1月4日）,,,Ｓ１,1,,佐々木　龍,33,神奈,,,0,0,0,0,0,0,0,0,1,0,1,,,,35,chariloto,7,0,,,,,,
20240104CL3508,2024-01-04,08,,平塚チャリロト レース結果 （2024年1月4日）,平塚チャリロト レース結果 （2024年1月4日）,,,Ｓ２,4,,久田　裕也,24,徳島,,,0,0,0,0,0,0,0,0,0,0,2,,,,35,chariloto,7,0,,,,,,
20240104CL3508,2024-01-04,08,,平塚チャリロト レース結果 （2024年1月4日）,平塚チャリロト レース結果 （2024年1月4日）,,,Ｓ２,6,,真鍋　顕汰,29,三重,,,B,0,B,0,0,0,0,0,0,0,3,,,,35,chariloto,7,0,,,,,,
20240104CL3508,2024-01-04,08,,平塚チャリロト レース結果 （2024年1月4日）,平塚チャリロト レース結果 （2024年1月4日）,,,Ｓ２,5,,佐藤　真一,49,東京,,,0,0,0,0,0,0,0,0,0,0,4,,,,35,chariloto,7,0,,,,,,
20240104CL3508,2024-01-04,08,,平塚チャリロト レース結果 （2024年1月4日）,平塚チャリロト レース結果 （2024年1月4日）,,,Ｓ２,7,,松尾信太郎,40,福岡,,,0,0,0,0,0,0,0,0,0,0,5,,,,35,chariloto,7,0,,,,,,
20240104CL3508,2024-01-04,08,,平塚チャリロト レース結果 （2024年1月4日）,平塚チャリロト レース結果 （2024年1月4日）,,,Ｓ１,2,,松岡　貴久,39,熊本,,,0,0,0,0,0,0,0,0,0,0,6,,,,35,chariloto,7,0,,,,,,
20240104CL3508,2024-01-04,08,,平塚チャリロト レース結果 （2024年1月4日）,平塚チャリロト レース結果 （2024年1月4日）,,,Ｓ２,3,,堤 洋,48,徳島,,,0,0,0,0,0,0,0,0,0,0,7,,,,35,chariloto,7,0,,,,,,
20240104CL3509,2024-01-04,09,,平塚チャリロト レース結果 （2024年1月4日）,平塚チャリロト レース結果 （2024年1月4日）,,,Ｓ１,5,,内藤　秀久,41,神奈,,,0,0,0,0,0,0,0,0,1,0,1,,,,35,chariloto,7,0,,,,,,
20240104CL3509,2024-01-04,09,,平塚チャリロト レース結果 （2024年1月4日）,平塚チャリロト レース結果 （2024年1月4日）,,,Ｓ２,1,,松坂　洋平,41,神奈,,,0,0,0,0,0,0,0,0,0,0,2,,,,35,chariloto,7,0,,,,,,
20240104CL3509,2024-01-04,09,,平塚チャリロト レース結果 （2024年1月4日）,平塚チャリロト レース結果 （2024年1月4日）,,,Ｓ２,6,,佐藤　雅春,36,宮城,,,0,0,0,0,0,0,0,0,0,0,3,,,,35,chariloto,7,0,,,,,,
20240104CL3509,2024-01-04,09,,平塚チャリロト レース結果 （2024年1月4日）,平塚チャリロト レース結果 （2024年1月4日）,,,Ｓ２,4,,藤井　昭吾,37,滋賀,,,0,0,0,0,0,0,0,0,0,0,4,,,,35,chariloto,7,0,,,,,,
20240104CL3509,2024-01-04,09,,平塚チャリロト レース結果 （2024年1月4日）,平塚チャリロト レース結果 （2024年1月4日）,,,Ｓ２,7,,渡辺　十夢,43,福井,,,0,0,0,0,0,0,0,0,0,0,5,,,,35,chariloto,7,0,,,,,,
20240104CL3509,2024-01-04,09,,平塚チャリロト レース結果 （2024年1月4日）,平塚チャリロト レース結果 （2024年1月4日）,,,Ｓ２,2,,坂本　周作,31,青森,,,S  B,0,S  B,0,0,0,0,0,0,0,6,,,,35,chariloto,7,0,,,,,,
20240104CL3509,2024-01-04,09,,平塚チャリロト レース結果 （2024年1月4日）,平塚チャリロト レース結果 （2024年1月4日）,,,Ｓ１,3,,中井　太祐,34,奈良,,,0,0,0,0,0,0,0,0,0,0,7,,,,35,chariloto,7,0,,,,,,
20240104CL3510,2024-01-04,10,,平塚チャリロト レース結果 （2024年1月4日）,平塚チャリロト レース結果 （2024年1月4日）,,,Ｓ１,3,,野田　源一,45,福岡,,,S,0,S,0,0,0,0,1,0,0,1,,,,35,chariloto,7,0,,,,,,
20240104CL3510,2024-01-04,10,,平塚チャリロト レース結果 （2024年1月4日）,平塚チャリロト レース結果 （2024年1月4日）,,,Ｓ２,4,,田中　勇二,36,岡山,,,0,0,0,0,0,0,0,0,0,0,2,,,,35,chariloto,7,0,,,,,,
20240104CL3510,2024-01-04,10,,平塚チャリロト レース結果 （2024年1月4日）,平塚チャリロト レース結果 （2024年1月4日）,,,Ｓ１,7,,室井　健一,53,徳島,,,0,0,0,0,0,0,0,0,0,0,3,,,,35,chariloto,7,0,,,,,,
20240104CL3510,2024-01-04,10,,平塚チャリロト レース結果 （2024年1月4日）,平塚チャリロト レース結果 （2024年1月4日）,,,Ｓ１,2,,武田　豊樹,49,茨城,,,0,0,0,0,0,0,0,0,0,0,4,,,,35,chariloto,7,0,,,,,,
20240104CL3510,2024-01-04,10,,平塚チャリロト レース結果 （2024年1月4日）,平塚チャリロト レース結果 （2024年1月4日）,,,Ｓ２,1,,長尾　拳太,30,岐阜,,,0,0,0,0,0,0,0,0,0,0,5,,,,35,chariloto,7,0,,,,,,
20240104CL3510,2024-01-04,10,,平塚チャリロト レース結果 （2024年1月4日）,平塚チャリロト レース結果 （2024年1月4日）,,,Ｓ２,5,,鈴木　幸紀,47,三重,,,0,0,0,0,0,0,0,0,0,0,6,,,,35,chariloto,7,0,,,,,,
20240104CL3510,2024-01-04,10,,平塚チャリロト レース結果 （2024年1月4日）,平塚チャリロト レース結果 （2024年1月4日）,,,Ｓ２,6,,中村　隆生,23,栃木,,,B,0,B,0,0,0,0,0,0,0,7,,,,35,chariloto,7,0,,,,,,
20240104CL3511,2024-01-04,11,,平塚チャリロト レース結果 （2024年1月4日）,平塚チャリロト レース結果 （2024年1月4日）,,,Ａ１,4,,室井蓮太朗,22,徳島,,,0,0,0,0,0,0,0,0,1,0,1,,,,35,chariloto,7,0,,,,,,
20240104CL3511,2024-01-04,11,,平塚チャリロト レース結果 （2024年1月4日）,平塚チャリロト レース結果 （2024年1月4日）,,,Ａ１,3,,原田　泰志,37,新潟,,,0,0,0,0,0,0,0,0,0,0,2,,,,35,chariloto,7,0,,,,,,
20240104CL3511,2024-01-04,11,,平塚チャリロト レース結果 （2024年1月4日）,平塚チャリロト レース結果 （2024年1月4日）,,,Ａ２,5,,山根　慶太,24,岡山,,,B,0,B,0,0,0,0,0,0,0,3,,,,35,chariloto,7,0,,,,,,
20240104CL3511,2024-01-04,11,,平塚チャリロト レース結果 （2024年1月4日）,平塚チャリロト レース結果 （2024年1月4日）,,,Ａ１,7,,佐藤　成人,49,奈良,,,0,0,0,0,0,0,0,0,0,0,4,,,,35,chariloto,7,0,,,,,,
20240104CL3511,2024-01-04,11,,平塚チャリロト レース結果 （2024年1月4日）,平塚チャリロト レース結果 （2024年1月4日）,,,Ａ１,2,,藤井　準也,29,岐阜,,,0,0,0,0,0,0,0,0,0,0,5,,,,35,chariloto,7,0,,,,,,
20240104CL3511,2024-01-04,11,,平塚チャリロト レース結果 （2024年1月4日）,平塚チャリロト レース結果 （2024年1月4日）,,,Ａ２,1,,中曽　直彦,51,千葉,,,0,0,0,0,0,0,0,0,0,0,6,,,,35,chariloto,7,0,,,,,,
20240104CL3511,2024-01-04,11,,平塚チャリロト レース結果 （2024年1月4日）,平塚チャリロト レース結果 （2024年1月4日）,,,Ａ２,6,,才迫　勇馬,34,広島,,,S,0,S,0,0,0,0,0,0,0,7,,,,35,chariloto,7,0,,,,,,
20240104CL3512,2024-01-04,12,,平塚チャリロト レース結果 （2024年1月4日）,平塚チャリロト レース結果 （2024年1月4日）,,,Ｓ１,4,,吉田　拓矢,28,茨城,,,0,0,0,0,0,0,0,0,1,0,1,,,,35,chariloto,7,0,,,,,,
20240104CL3512,2024-01-04,12,,平塚チャリロト レース結果 （2024年1月4日）,平塚チャリロト レース結果 （2024年1月4日）,,,Ｓ１,1,,守澤　太志,38,秋田,,,S,0,S,0,0,0,0,0,0,0,2,,,,35,chariloto,7,0,,,,,,
20240104CL3512,2024-01-04,12,,平塚チャリロト レース結果 （2024年1月4日）,平塚チャリロト レース結果 （2024年1月4日）,,,Ｓ２,7,,永澤 剛,38,青森,,,0,0,0,0,0,0,0,0,0,0,3,,,,35,chariloto,7,0,,,,,,
20240104CL3512,2024-01-04,12,,平塚チャリロト レース結果 （2024年1月4日）,平塚チャリロト レース結果 （2024年1月4日）,,,Ｓ１,5,,伊藤 旭,23,熊本,,,0,0,0,0,0,0,0,0,0,0,4,,,,35,chariloto,7,0,,,,,,
20240104CL3512,2024-01-04,12,,平塚チャリロト レース結果 （2024年1月4日）,平塚チャリロト レース結果 （2024年1月4日）,,,Ｓ１,2,,谷口　遼平,29,三重,,,B,0,B,0,0,0,0,0,0,0,5,,,,35,chariloto,7,0,,,,,,
20240104CL3512,2024-01-04,12,,平塚チャリロト レース結果 （2024年1月4日）,平塚チャリロト レース結果 （2024年1月4日）,,,Ｓ１,3,,町田　太我,23,広島,,,0,0,0,0,0,0,0,0,0,0,6,,,,35,chariloto,7,0,,,,,,
20240104CL3512,2024-01-04,12,,平塚チャリロト レース結果 （2024年1月4日）,平塚チャリロト レース結果 （2024年1月4日）,,,Ｓ１,6,,三谷　将太,38,奈良,,,0,0,0,0,0,0,0,0,0,0,7,,,,35,chariloto,7,0,,,,,,
20240104CL4501,2024-01-04,01,,豊橋チャリロト レース結果 （2024年1月4日）,豊橋チャリロト レース結果 （2024年1月4日）,,,Ａ３,4,,戸塚　涼介,29,埼玉,,,0,0,0,0,0,0,0,0,1,0,1,,,,45,chariloto,6,0,,,,,,
20240104CL4501,2024-01-04,01,,豊橋チャリロト レース結果 （2024年1月4日）,豊橋チャリロト レース結果 （2024年1月4日）,,,Ａ３,1,,竹田　慎一,45,富山,,,S  B,0,S  B,0,0,0,0,0,0,0,2,,,,45,chariloto,6,0,,,,,,
20240104CL4501,2024-01-04,01,,豊橋チャリロト レース結果 （2024年1月4日）,豊橋チャリロト レース結果 （2024年1月4日）,,,Ａ３,3,,村本　慎吾,42,静岡,,,0,0,0,0,0,0,0,0,0,0,3,,,,45,chariloto,6,0,,,,,,
20240104CL4501,2024-01-04,01,,豊橋チャリロト レース結果 （2024年1月4日）,豊橋チャリロト レース結果 （2024年1月4日）,,,Ａ３,2,,門馬　琢麿,39,北海,,,0,0,0,0,0,0,0,0,0,0,4,,,,45,chariloto,6,0,,,,,,
20240104CL4501,2024-01-04,01,,豊橋チャリロト レース結果 （2024年1月4日）,豊橋チャリロト レース結果 （2024年1月4日）,,,Ａ３,5,,井上　将志,47,大阪,,,0,0,0,0,0,0,0,0,0,0,5,,,,45,chariloto,6,0,,,,,,
20240104CL4501,2024-01-04,01,,豊橋チャリロト レース結果 （2024年1月4日）,豊橋チャリロト レース結果 （2024年1月4日）,,,Ａ３,6,,木田　有隆,38,福島,,,0,0,0,0,0,0,0,0,0,0,6,,,,45,chariloto,6,0,,,,,,
20240104CL4502,2024-01-04,02,,豊橋チャリロト レース結果 （2024年1月4日）,豊橋チャリロト レース結果 （2024年1月4日）,,,Ａ３,2,,布居 翼,27,和歌,,,S  B,0,S  B,0,0,0,1,0,0,0,1,,,,45,chariloto,5,0,,,,,,
20240104CL4502,2024-01-04,02,,豊橋チャリロト レース結果 （2024年1月4日）,豊橋チャリロト レース結果 （2024年1月4日）,,,Ａ３,3,,堀内 昇,35,茨城,,,0,0,0,0,0,0,0,0,0,0,2,,,,45,chariloto,5,0,,,,,,
20240104CL4502,2024-01-04,02,,豊橋チャリロト レース結果 （2024年1月4日）,豊橋チャリロト レース結果 （2024年1月4日）,,,Ａ３,1,,坂本　英一,56,栃木,,,0,0,0,0,0,0,0,0,0,0,3,,,,45,chariloto,5,0,,,,,,
20240104CL4502,2024-01-04,02,,豊橋チャリロト レース結果 （2024年1月4日）,豊橋チャリロト レース結果 （2024年1月4日）,,,Ａ３,4,,中条　憲司,46,兵庫,,,0,0,0,0,0,0,0,0,0,0,4,,,,45,chariloto,5,0,,,,,,
20240104CL4502,2024-01-04,02,,豊橋チャリロト レース結果 （2024年1月4日）,豊橋チャリロト レース結果 （2024年1月4日）,,,Ａ３,5,,村上　順規,47,新潟,,,0,0,0,0,0,0,0,0,0,0,5,,,,45,chariloto,5,0,,,,,,
20240104CL4503,2024-01-04,03,,豊橋チャリロト レース結果 （2024年1月4日）,豊橋チャリロト レース結果 （2024年1月4日）,,,Ａ３,4,,立花　昌也,24,青森,,,B,0,B,0,0,0,0,1,0,0,1,,,,45,chariloto,7,0,,,,,,
20240104CL4503,2024-01-04,03,,豊橋チャリロト レース結果 （2024年1月4日）,豊橋チャリロト レース結果 （2024年1月4日）,,,Ａ３,2,,鳥海 創,22,千葉,,,0,0,0,0,0,0,0,0,0,0,2,,,,45,chariloto,7,0,,,,,,
20240104CL4503,2024-01-04,03,,豊橋チャリロト レース結果 （2024年1月4日）,豊橋チャリロト レース結果 （2024年1月4日）,,,Ａ３,5,,宮澤 晃,49,山梨,,,0,0,0,0,0,0,0,0,0,0,3,,,,45,chariloto,7,0,,,,,,
20240104CL4503,2024-01-04,03,,豊橋チャリロト レース結果 （2024年1月4日）,豊橋チャリロト レース結果 （2024年1月4日）,,,Ａ３,6,,宮原　貴之,53,栃木,,,0,0,0,0,0,0,0,0,0,0,4,,,,45,chariloto,7,0,,,,,,
20240104CL4503,2024-01-04,03,,豊橋チャリロト レース結果 （2024年1月4日）,豊橋チャリロト レース結果 （2024年1月4日）,,,Ａ３,1,,高峰　賢治,52,山梨,,,S,0,S,0,0,0,0,0,0,0,5,,,,45,chariloto,7,0,,,,,,
20240104CL4503,2024-01-04,03,,豊橋チャリロト レース結果 （2024年1月4日）,豊橋チャリロト レース結果 （2024年1月4日）,,,Ａ３,3,,辻本　兼市,53,兵庫,,,0,0,0,0,0,0,0,0,0,0,6,,,,45,chariloto,7,0,,,,,,
20240104CL4503,2024-01-04,03,,豊橋チャリロト レース結果 （2024年1月4日）,豊橋チャリロト レース結果 （2024年1月4日）,,,Ａ３,7,,山城　光央,54,静岡,,,0,0,0,0,0,0,0,0,0,0,7,,,,45,chariloto,7,0,,,,,,
20240104CL4504,2024-01-04,04,,豊橋チャリロト レース結果 （2024年1月4日）,豊橋チャリロト レース結果 （2024年1月4日）,,,Ａ３,7,,川本　恵二,48,兵庫,,,0,0,0,0,0,0,0,0,1,0,1,,,,45,chariloto,7,0,,,,,,
20240104CL4504,2024-01-04,04,,豊橋チャリロト レース結果 （2024年1月4日）,豊橋チャリロト レース結果 （2024年1月4日）,,,Ａ３,2,,児玉虎之介,22,岐阜,,,S  B,0,S  B,0,0,0,0,0,0,0,2,,,,45,chariloto,7,0,,,,,,
20240104CL4504,2024-01-04,04,,豊橋チャリロト レース結果 （2024年1月4日）,豊橋チャリロト レース結果 （2024年1月4日）,,,Ａ３,3,,小榑　佑弥,24,新潟,,,0,0,0,0,0,0,0,0,0,0,3,,,,45,chariloto,7,0,,,,,,
20240104CL4504,2024-01-04,04,,豊橋チャリロト レース結果 （2024年1月4日）,豊橋チャリロト レース結果 （2024年1月4日）,,,Ａ３,6,,藤田　晃英,48,千葉,,,0,0,0,0,0,0,0,0,0,0,4,,,,45,chariloto,7,0,,,,,,
20240104CL4504,2024-01-04,04,,豊橋チャリロト レース結果 （2024年1月4日）,豊橋チャリロト レース結果 （2024年1月4日）,,,Ａ３,5,,鈴木　裕斗,33,宮城,,,0,0,0,0,0,0,0,0,0,0,5,,,,45,chariloto,7,0,,,,,,
20240104CL4504,2024-01-04,04,,豊橋チャリロト レース結果 （2024年1月4日）,豊橋チャリロト レース結果 （2024年1月4日）,,,Ａ３,4,,神田　宏行,55,埼玉,,,0,0,0,0,0,0,0,0,0,0,6,,,,45,chariloto,7,0,,,,,,
20240104CL4504,2024-01-04,04,,豊橋チャリロト レース結果 （2024年1月4日）,豊橋チャリロト レース結果 （2024年1月4日）,,,Ａ３,1,,鈴木　規純,49,福島,,,0,0,0,0,0,0,0,0,0,0,7,,,,45,chariloto,7,0,,,,,,
20240104CL4505,2024-01-04,05,,豊橋チャリロト レース結果 （2024年1月4日）,豊橋チャリロト レース結果 （2024年1月4日）,,,Ａ３,1,,稲毛　知也,25,和歌,,,B,0,B,0,0,0,0,1,0,0,1,,,,45,chariloto,7,0,,,,,,
20240104CL4505,2024-01-04,05,,豊橋チャリロト レース結果 （2024年1月4日）,豊橋チャリロト レース結果 （2024年1月4日）,,,Ａ３,7,,細沼　健治,42,埼玉,,,0,0,0,0,0,0,0,0,0,0,2,,,,45,chariloto,7,0,,,,,,
20240104CL4505,2024-01-04,05,,豊橋チャリロト レース結果 （2024年1月4日）,豊橋チャリロト レース結果 （2024年1月4日）,,,Ａ３,3,,玉木　英典,38,北海,,,0,0,0,0,0,0,0,0,0,0,3,,,,45,chariloto,7,0,,,,,,
20240104CL4505,2024-01-04,05,,豊橋チャリロト レース結果 （2024年1月4日）,豊橋チャリロト レース結果 （2024年1月4日）,,,Ａ３,2,,畠山　裕行,46,神奈,,,0,0,0,0,0,0,0,0,0,0,4,,,,45,chariloto,7,0,,,,,,
20240104CL4505,2024-01-04,05,,豊橋チャリロト レース結果 （2024年1月4日）,豊橋チャリロト レース結果 （2024年1月4日）,,,Ａ３,5,,國井　裕樹,39,神奈,,,0,0,0,0,0,0,0,0,0,0,5,,,,45,chariloto,7,0,,,,,,
20240104CL4505,2024-01-04,05,,豊橋チャリロト レース結果 （2024年1月4日）,豊橋チャリロト レース結果 （2024年1月4日）,,,Ａ３,6,,高野　輝彰,47,愛知,,,0,0,0,0,0,0,0,0,0,0,6,,,,45,chariloto,7,0,,,,,,
20240104CL4505,2024-01-04,05,,豊橋チャリロト レース結果 （2024年1月4日）,豊橋チャリロト レース結果 （2024年1月4日）,,,Ａ３,4,,深見　仁哉,41,愛知,,,0,0,0,0,0,0,0,0,0,0,7,,,,45,chariloto,7,0,,,,,,
20240104CL4506,2024-01-04,06,,豊橋チャリロト レース結果 （2024年1月4日）,豊橋チャリロト レース結果 （2024年1月4日）,,,Ａ２,4,,栗田　雄矢,37,静岡,,,0,0,0,0,0,0,0,1,0,0,1,,,,45,chariloto,6,0,,,,,,
20240104CL4506,2024-01-04,06,,豊橋チャリロト レース結果 （2024年1月4日）,豊橋チャリロト レース結果 （2024年1月4日）,,,Ａ２,3,,堂村　知哉,41,福井,,,0,0,0,0,0,0,0,0,0,0,2,,,,45,chariloto,6,0,,,,,,
20240104CL4506,2024-01-04,06,,豊橋チャリロト レース結果 （2024年1月4日）,豊橋チャリロト レース結果 （2024年1月4日）,,,Ａ２,6,,黒田 篤,44,栃木,,,0,0,0,0,0,0,0,0,0,0,3,,,,45,chariloto,6,0,,,,,,
20240104CL4506,2024-01-04,06,,豊橋チャリロト レース結果 （2024年1月4日）,豊橋チャリロト レース結果 （2024年1月4日）,,,Ａ２,5,,武田　和也,36,奈良,,,B,0,B,0,0,0,0,0,0,0,4,,,,45,chariloto,6,0,,,,,,
20240104CL4506,2024-01-04,06,,豊橋チャリロト レース結果 （2024年1月4日）,豊橋チャリロト レース結果 （2024年1月4日）,,,Ａ２,2,,植田 誠,56,静岡,,,0,0,0,0,0,0,0,0,0,0,5,,,,45,chariloto,6,0,,,,,,
20240104CL4506,2024-01-04,06,,豊橋チャリロト レース結果 （2024年1月4日）,豊橋チャリロト レース結果 （2024年1月4日）,,,Ａ２,1,,工藤　考生,42,埼玉,,,S,0,S,0,0,0,0,0,0,0,6,,,,45,chariloto,6,0,,,,,,
20240104CL4507,2024-01-04,07,,豊橋チャリロト レース結果 （2024年1月4日）,豊橋チャリロト レース結果 （2024年1月4日）,,,Ａ２,6,,中釜　健次,25,大阪,,,0,0,0,0,0,0,0,0,1,0,1,,,,45,chariloto,6,0,,,,,,
20240104CL4507,2024-01-04,07,,豊橋チャリロト レース結果 （2024年1月4日）,豊橋チャリロト レース結果 （2024年1月4日）,,,Ａ２,2,,石川　恭規,46,福島,,,B,0,B,0,0,0,0,0,0,0,2,,,,45,chariloto,6,0,,,,,,
20240104CL4507,2024-01-04,07,,豊橋チャリロト レース結果 （2024年1月4日）,豊橋チャリロト レース結果 （2024年1月4日）,,,Ａ２,3,,中川　昌久,44,茨城,,,0,0,0,0,0,0,0,0,0,0,3,,,,45,chariloto,6,0,,,,,,
20240104CL4507,2024-01-04,07,,豊橋チャリロト レース結果 （2024年1月4日）,豊橋チャリロト レース結果 （2024年1月4日）,,,Ａ２,5,,根本　雄紀,46,茨城,,,0,0,0,0,0,0,0,0,0,0,4,,,,45,chariloto,6,0,,,,,,
20240104CL4507,2024-01-04,07,,豊橋チャリロト レース結果 （2024年1月4日）,豊橋チャリロト レース結果 （2024年1月4日）,,,Ａ１,4,,有賀　高士,54,石川,,,0,0,0,0,0,0,0,0,0,0,5,,,,45,chariloto,6,0,,,,,,
20240104CL4507,2024-01-04,07,,豊橋チャリロト レース結果 （2024年1月4日）,豊橋チャリロト レース結果 （2024年1月4日）,,,Ａ２,1,,中村　賢二,40,愛知,,,S,0,S,0,0,0,0,0,0,0,6,,,,45,chariloto,6,0,,,,,,
20240104CL4508,2024-01-04,08,,豊橋チャリロト レース結果 （2024年1月4日）,豊橋チャリロト レース結果 （2024年1月4日）,,,Ａ１,4,,緑川　修平,40,福島,,,B,0,B,0,0,0,1,0,0,0,1,,,,45,chariloto,7,0,,,,,,
20240104CL4508,2024-01-04,08,,豊橋チャリロト レース結果 （2024年1月4日）,豊橋チャリロト レース結果 （2024年1月4日）,,,Ａ１,2,,小林　史也,38,和歌,,,0,0,0,0,0,0,0,0,0,0,2,,,,45,chariloto,7,0,,,,,,
20240104CL4508,2024-01-04,08,,豊橋チャリロト レース結果 （2024年1月4日）,豊橋チャリロト レース結果 （2024年1月4日）,,,Ａ１,5,,田中　俊充,48,福井,,,0,0,0,0,0,0,0,0,0,0,3,,,,45,chariloto,7,0,,,,,,
20240104CL4508,2024-01-04,08,,豊橋チャリロト レース結果 （2024年1月4日）,豊橋チャリロト レース結果 （2024年1月4日）,,,Ａ１,3,,高谷　敏史,38,青森,,,0,0,0,0,0,0,0,0,0,0,4,,,,45,chariloto,7,0,,,,,,
20240104CL4508,2024-01-04,08,,豊橋チャリロト レース結果 （2024年1月4日）,豊橋チャリロト レース結果 （2024年1月4日）,,,Ａ１,7,,大竹　哲也,43,静岡,,,0,0,0,0,0,0,0,0,0,0,5,,,,45,chariloto,7,0,,,,,,
20240104CL4508,2024-01-04,08,,豊橋チャリロト レース結果 （2024年1月4日）,豊橋チャリロト レース結果 （2024年1月4日）,,,Ａ２,1,,榎本　光男,46,静岡,,,S,0,S,0,0,0,0,0,0,0,6,,,,45,chariloto,7,0,,,,,,
20240104CL4508,2024-01-04,08,,豊橋チャリロト レース結果 （2024年1月4日）,豊橋チャリロト レース結果 （2024年1月4日）,,,Ａ２,6,,柳 充,49,青森,,,0,0,0,0,0,0,0,0,0,0,7,,,,45,chariloto,7,0,,,,,,
20240104CL4509,2024-01-04,09,,豊橋チャリロト レース結果 （2024年1月4日）,豊橋チャリロト レース結果 （2024年1月4日）,,,Ａ２,2,,井上 嵩,34,愛知,,,0,0,0,0,0,0,0,0,1,0,1,,,,45,chariloto,7,0,,,,,,
20240104CL4509,2024-01-04,09,,豊橋チャリロト レース結果 （2024年1月4日）,豊橋チャリロト レース結果 （2024年1月4日）,,,Ａ２,1,,市川　健太,48,東京,,,0,0,0,0,0,0,0,0,0,0,2,,,,45,chariloto,7,0,,,,,,
20240104CL4509,2024-01-04,09,,豊橋チャリロト レース結果 （2024年1月4日）,豊橋チャリロト レース結果 （2024年1月4日）,,,Ａ２,7,,大越　啓介,34,栃木,,,0,0,0,0,0,0,0,0,0,0,3,,,,45,chariloto,7,0,,,,,,
20240104CL4509,2024-01-04,09,,豊橋チャリロト レース結果 （2024年1月4日）,豊橋チャリロト レース結果 （2024年1月4日）,,,Ａ１,5,,佐藤　竜太,23,愛知,,,B,0,B,0,0,0,0,0,0,0,4,,,,45,chariloto,7,0,,,,,,
20240104CL4509,2024-01-04,09,,豊橋チャリロト レース結果 （2024年1月4日）,豊橋チャリロト レース結果 （2024年1月4日）,,,Ａ２,4,,江本　博明,43,千葉,,,0,0,0,0,0,0,0,0,0,0,5,,,,45,chariloto,7,0,,,,,,
20240104CL4509,2024-01-04,09,,豊橋チャリロト レース結果 （2024年1月4日）,豊橋チャリロト レース結果 （2024年1月4日）,,,Ａ２,6,,渋谷 錬,33,神奈,,,S,0,S,0,0,0,0,0,0,0,6,,,,45,chariloto,7,0,,,,,,
20240104CL4509,2024-01-04,09,,豊橋チャリロト レース結果 （2024年1月4日）,豊橋チャリロト レース結果 （2024年1月4日）,,,Ａ１,3,,齋藤　宗徳,38,千葉,,,0,0,0,0,0,0,0,0,0,0,7,,,,45,chariloto,7,0,,,,,,
20240104CL4510,2024-01-04,10,,豊橋チャリロト レース結果 （2024年1月4日）,豊橋チャリロト レース結果 （2024年1月4日）,,,Ａ１,7,,佐藤　悦夫,44,栃木,,,0,0,0,0,0,0,0,0,1,0,1,,,,45,chariloto,7,0,,,,,,
20240104CL4510,2024-01-04,10,,豊橋チャリロト レース結果 （2024年1月4日）,豊橋チャリロト レース結果 （2024年1月4日）,,,Ａ１,6,,柴田　竜史,35,静岡,,,0,0,0,0,0,0,0,0,0,0,2,,,,45,chariloto,7,0,,,,,,
20240104CL4510,2024-01-04,10,,豊橋チャリロト レース結果 （2024年1月4日）,豊橋チャリロト レース結果 （2024年1月4日）,,,Ａ１,4,,西村　行貴,39,東京,,,0,0,0,0,0,0,0,0,0,0,3,,,,45,chariloto,7,0,,,,,,
20240104CL4510,2024-01-04,10,,豊橋チャリロト レース結果 （2024年1月4日）,豊橋チャリロト レース結果 （2024年1月4日）,,,Ａ１,5,,竹田　和幸,47,岐阜,,,0,0,0,0,0,0,0,0,0,0,4,,,,45,chariloto,7,0,,,,,,
20240104CL4510,2024-01-04,10,,豊橋チャリロト レース結果 （2024年1月4日）,豊橋チャリロト レース結果 （2024年1月4日）,,,Ａ２,1,,高橋　大輝,30,秋田,,,0,0,0,0,0,0,0,0,0,0,5,,,,45,chariloto,7,0,,,,,,
20240104CL4510,2024-01-04,10,,豊橋チャリロト レース結果 （2024年1月4日）,豊橋チャリロト レース結果 （2024年1月4日）,,,Ａ１,3,,植原　琢也,29,埼玉,,,0,0,0,0,0,0,0,0,0,0,6,,,,45,chariloto,7,0,,,,,,
20240104CL4510,2024-01-04,10,,豊橋チャリロト レース結果 （2024年1月4日）,豊橋チャリロト レース結果 （2024年1月4日）,,,Ａ２,2,,岩城　佑典,24,愛知,,,S  B,0,S  B,0,0,0,0,0,0,0,7,,,,45,chariloto,7,0,,,,,,
20240104CL4511,2024-01-04,11,,豊橋チャリロト レース結果 （2024年1月4日）,豊橋チャリロト レース結果 （2024年1月4日）,,,Ａ１,4,,加賀山　淳,39,千葉,,,0,0,0,0,0,0,0,1,0,0,1,,,,45,chariloto,7,0,,,,,,
20240104CL4511,2024-01-04,11,,豊橋チャリロト レース結果 （2024年1月4日）,豊橋チャリロト レース結果 （2024年1月4日）,,,Ａ１,5,,高橋　昇平,34,埼玉,,,S,0,S,0,0,0,0,0,0,0,2,,,,45,chariloto,7,0,,,,,,
20240104CL4511,2024-01-04,11,,豊橋チャリロト レース結果 （2024年1月4日）,豊橋チャリロト レース結果 （2024年1月4日）,,,Ａ２,3,,三浦　翔大,33,宮城,,,B,0,B,0,0,0,0,0,0,0,3,,,,45,chariloto,7,0,,,,,,
20240104CL4511,2024-01-04,11,,豊橋チャリロト レース結果 （2024年1月4日）,豊橋チャリロト レース結果 （2024年1月4日）,,,Ａ２,6,,伊藤　太一,41,山梨,,,0,0,0,0,0,0,0,0,0,0,4,,,,45,chariloto,7,0,,,,,,
20240104CL4511,2024-01-04,11,,豊橋チャリロト レース結果 （2024年1月4日）,豊橋チャリロト レース結果 （2024年1月4日）,,,Ａ２,7,,藤田 真,42,兵庫,,,0,0,0,0,0,0,0,0,0,0,5,,,,45,chariloto,7,0,,,,,,
20240104CL4511,2024-01-04,11,,豊橋チャリロト レース結果 （2024年1月4日）,豊橋チャリロト レース結果 （2024年1月4日）,,,Ａ１,1,,三谷　政史,41,奈良,,,0,0,0,0,0,0,0,0,0,0,落,,,,45,chariloto,7,0,,,,,,
20240104CL4511,2024-01-04,11,,豊橋チャリロト レース結果 （2024年1月4日）,豊橋チャリロト レース結果 （2024年1月4日）,,,Ａ１,2,,須藤 誠,39,千葉,,,0,0,0,0,0,0,0,0,0,0,失,,,,45,chariloto,7,0,,,,,,
20240104CL4512,2024-01-04,12,,豊橋チャリロト レース結果 （2024年1月4日）,豊橋チャリロト レース結果 （2024年1月4日）,,,Ａ１,1,,三浦　貴大,24,岐阜,,,B,0,B,0,0,0,0,1,0,0,1,,,,45,chariloto,7,0,,,,,,
20240104CL4512,2024-01-04,12,,豊橋チャリロト レース結果 （2024年1月4日）,豊橋チャリロト レース結果 （2024年1月4日）,,,Ａ１,5,,富永　益生,52,愛知,,,0,0,0,0,0,0,0,0,0,0,2,,,,45,chariloto,7,0,,,,,,
20240104CL4512,2024-01-04,12,,豊橋チャリロト レース結果 （2024年1月4日）,豊橋チャリロト レース結果 （2024年1月4日）,,,Ａ１,4,,小林　申太,40,茨城,,,S,0,S,0,0,0,0,0,0,0,3,,,,45,chariloto,7,0,,,,,,
20240104CL4512,2024-01-04,12,,豊橋チャリロト レース結果 （2024年1月4日）,豊橋チャリロト レース結果 （2024年1月4日）,,,Ａ２,3,,土屋 仁,48,茨城,,,0,0,0,0,0,0,0,0,0,0,4,,,,45,chariloto,7,0,,,,,,
20240104CL4512,2024-01-04,12,,豊橋チャリロト レース結果 （2024年1月4日）,豊橋チャリロト レース結果 （2024年1月4日）,,,Ａ１,2,,長田　祐弥,42,神奈,,,0,0,0,0,0,0,0,0,0,0,5,,,,45,chariloto,7,0,,,,,,
20240104CL4512,2024-01-04,12,,豊橋チャリロト レース結果 （2024年1月4日）,豊橋チャリロト レース結果 （2024年1月4日）,,,Ａ２,6,,阿久津浩之,40,東京,,,0,0,0,0,0,0,0,0,0,0,6,,,,45,chariloto,7,0,,,,,,
20240104CL4512,2024-01-04,12,,豊橋チャリロト レース結果 （2024年1月4日）,豊橋チャリロト レース結果 （2024年1月4日）,,,Ａ１,7,,相笠　翔太,33,福島,,,0,0,0,0,0,0,0,0,0,0,7,,,,45,chariloto,7,0,,,,,,
