race_id,date,race_no,stadium,track,title,race_name,grade,class,lane_no,rider_id,rider_name,age,prefecture,score,style,backs,homes,starts,win_rate,quinella_rate,top3_rate,kimarite_nige,kimarite_makuri,kimarite_sashi,kimarite_mark,finish_pos,line_id,line_pos,gear,bank_code,source,field_size,line_count,line_pattern,start_time,weather,wind,kaizai_no,term
20251016CL1301,2025-10-16,01,,いわき平チャリロト レース結果 （2025年10月16日）,いわき平チャリロト レース結果 （2025年10月16日）,,,Ａ３,1,,川村　昭弘,50,新潟,,,0,0,0,0,0,0,0,0,1,0,1,,,,13,chariloto,7,0,,,,,,
20251016CL1301,2025-10-16,01,,いわき平チャリロト レース結果 （2025年10月16日）,いわき平チャリロト レース結果 （2025年10月16日）,,,Ａ３,6,,倉田　紘希,24,三重,,,B,0,B,0,0,0,0,0,0,0,2,,,,13,chariloto,7,0,,,,,,
20251016CL1301,2025-10-16,01,,いわき平チャリロト レース結果 （2025年10月16日）,いわき平チャリロト レース結果 （2025年10月16日）,,,Ａ３,4,,藤田　和彦,55,神奈,,,0,0,0,0,0,0,0,0,0,0,3,,,,13,chariloto,7,0,,,,,,
20251016CL1301,2025-10-16,01,,いわき平チャリロト レース結果 （2025年10月16日）,いわき平チャリロト レース結果 （2025年10月16日）,,,Ａ３,3,,滝川　秀嗣,52,愛知,,,0,0,0,0,0,0,0,0,0,0,4,,,,13,chariloto,7,0,,,,,,
20251016CL1301,2025-10-16,01,,いわき平チャリロト レース結果 （2025年10月16日）,いわき平チャリロト レース結果 （2025年10月16日）,,,Ａ３,7,,松木　竜也,56,愛媛,,,0,0,0,0,0,0,0,0,0,0,5,,,,13,chariloto,7,0,,,,,,
20251016CL1301,2025-10-16,01,,いわき平チャリロト レース結果 （2025年10月16日）,いわき平チャリロト レース結果 （2025年10月16日）,,,Ａ３,2,,邊見 斎,40,福島,,,S,0,S,0,0,0,0,0,0,0,6,,,,13,chariloto,7,0,,,,,,
20251016CL1301,2025-10-16,01,,いわき平チャリロト レース結果 （2025年10月16日）,いわき平チャリロト レース結果 （2025年10月16日）,,,Ａ３,5,,齋藤 仁,46,徳島,,,0,0,0,0,0,0,0,0,0,0,7,,,,13,chariloto,7,0,,,,,,
20251016CL1302,2025-10-16,02,,いわき平チャリロト レース結果 （2025年10月16日）,いわき平チャリロト レース結果 （2025年10月16日）,,,Ａ３,3,,龍門慎太郎,40,岡山,,,0,0,0,0,0,0,0,0,1,0,1,,,,13,chariloto,7,0,,,,,,
20251016CL1302,2025-10-16,02,,いわき平チャリロト レース結果 （2025年10月16日）,いわき平チャリロト レース結果 （2025年10月16日）,,,Ａ３,1,,近藤　直幹,52,徳島,,,S,0,S,0,0,0,0,0,0,0,2,,,,13,chariloto,7,0,,,,,,
20251016CL1302,2025-10-16,02,,いわき平チャリロト レース結果 （2025年10月16日）,いわき平チャリロト レース結果 （2025年10月16日）,,,Ａ３,5,,澤亀　浩司,57,福岡,,,0,0,0,0,0,0,0,0,0,0,3,,,,13,chariloto,7,0,,,,,,
20251016CL1302,2025-10-16,02,,いわき平チャリロト レース結果 （2025年10月16日）,いわき平チャリロト レース結果 （2025年10月16日）,,,Ａ３,2,,三木　翔太,37,群馬,,,0,0,0,0,0,0,0,0,0,0,4,,,,13,chariloto,7,0,,,,,,
20251016CL1302,2025-10-16,02,,いわき平チャリロト レース結果 （2025年10月16日）,いわき平チャリロト レース結果 （2025年10月16日）,,,Ａ３,4,,河合　康晴,55,静岡,,,0,0,0,0,0,0,0,0,0,0,5,,,,13,chariloto,7,0,,,,,,
20251016CL1302,2025-10-16,02,,いわき平チャリロト レース結果 （2025年10月16日）,いわき平チャリロト レース結果 （2025年10月16日）,,,Ａ３,6,,松本　充生,47,愛媛,,,B,0,B,0,0,0,0,0,0,0,6,,,,13,chariloto,7,0,,,,,,
20251016CL1302,2025-10-16,02,,いわき平チャリロト レース結果 （2025年10月16日）,いわき平チャリロト レース結果 （2025年10月16日）,,,Ａ３,7,,神田　宏行,57,埼玉,,,0,0,0,0,0,0,0,0,0,0,7,,,,13,chariloto,7,0,,,,,,
20251016CL1303,2025-10-16,03,,いわき平チャリロト レース結果 （2025年10月16日）,いわき平チャリロト レース結果 （2025年10月16日）,,,Ａ３,2,,桜井　大地,31,静岡,,,0,0,0,0,0,0,0,1,0,0,1,,,,13,chariloto,7,0,,,,,,
20251016CL1303,2025-10-16,03,,いわき平チャリロト レース結果 （2025年10月16日）,いわき平チャリロト レース結果 （2025年10月16日）,,,Ａ３,1,,池田　充槻,19,秋田,,,S  B,0,S  B,0,0,0,0,0,0,0,2,,,,13,chariloto,7,0,,,,,,
20251016CL1303,2025-10-16,03,,いわき平チャリロト レース結果 （2025年10月16日）,いわき平チャリロト レース結果 （2025年10月16日）,,,Ａ３,4,,相樂 修,52,千葉,,,0,0,0,0,0,0,0,0,0,0,3,,,,13,chariloto,7,0,,,,,,
20251016CL1303,2025-10-16,03,,いわき平チャリロト レース結果 （2025年10月16日）,いわき平チャリロト レース結果 （2025年10月16日）,,,Ａ３,5,,鈴木　規純,50,福島,,,0,0,0,0,0,0,0,0,0,0,4,,,,13,chariloto,7,0,,,,,,
20251016CL1303,2025-10-16,03,,いわき平チャリロト レース結果 （2025年10月16日）,いわき平チャリロト レース結果 （2025年10月16日）,,,Ａ３,7,,亀井　道佳,47,宮城,,,0,0,0,0,0,0,0,0,0,0,5,,,,13,chariloto,7,0,,,,,,
20251016CL1303,2025-10-16,03,,いわき平チャリロト レース結果 （2025年10月16日）,いわき平チャリロト レース結果 （2025年10月16日）,,,Ａ３,3,,増成　富夫,55,岡山,,,0,0,0,0,0,0,0,0,0,0,6,,,,13,chariloto,7,0,,,,,,
20251016CL1303,2025-10-16,03,,いわき平チャリロト レース結果 （2025年10月16日）,いわき平チャリロト レース結果 （2025年10月16日）,,,Ａ３,6,,中野　功史,47,長崎,,,0,0,0,0,0,0,0,0,0,0,7,,,,13,chariloto,7,0,,,,,,
20251016CL1304,2025-10-16,04,,いわき平チャリロト レース結果 （2025年10月16日）,いわき平チャリロト レース結果 （2025年10月16日）,,,Ａ３,1,,松田　安綱,24,大阪,,,S,0,S,0,0,0,0,1,0,0,1,,,,13,chariloto,7,0,,,,,,
20251016CL1304,2025-10-16,04,,いわき平チャリロト レース結果 （2025年10月16日）,いわき平チャリロト レース結果 （2025年10月16日）,,,Ａ３,2,,鶴 淳志,25,福岡,,,B,0,B,0,0,0,0,0,0,0,2,,,,13,chariloto,7,0,,,,,,
20251016CL1304,2025-10-16,04,,いわき平チャリロト レース結果 （2025年10月16日）,いわき平チャリロト レース結果 （2025年10月16日）,,,Ａ３,4,,山崎　光展,38,京都,,,0,0,0,0,0,0,0,0,0,0,3,,,,13,chariloto,7,0,,,,,,
20251016CL1304,2025-10-16,04,,いわき平チャリロト レース結果 （2025年10月16日）,いわき平チャリロト レース結果 （2025年10月16日）,,,Ａ３,5,,岡嵜　浩一,57,神奈,,,0,0,0,0,0,0,0,0,0,0,4,,,,13,chariloto,7,0,,,,,,
20251016CL1304,2025-10-16,04,,いわき平チャリロト レース結果 （2025年10月16日）,いわき平チャリロト レース結果 （2025年10月16日）,,,Ａ３,3,,足達　重満,50,長崎,,,0,0,0,0,0,0,0,0,0,0,5,,,,13,chariloto,7,0,,,,,,
20251016CL1304,2025-10-16,04,,いわき平チャリロト レース結果 （2025年10月16日）,いわき平チャリロト レース結果 （2025年10月16日）,,,Ａ３,7,,松本　琢也,41,兵庫,,,0,0,0,0,0,0,0,0,0,0,6,,,,13,chariloto,7,0,,,,,,
20251016CL1304,2025-10-16,04,,いわき平チャリロト レース結果 （2025年10月16日）,いわき平チャリロト レース結果 （2025年10月16日）,,,Ａ３,6,,長田　彰人,39,宮城,,,0,0,0,0,0,0,0,0,0,0,7,,,,13,chariloto,7,0,,,,,,
20251016CL1305,2025-10-16,05,,いわき平チャリロト レース結果 （2025年10月16日）,いわき平チャリロト レース結果 （2025年10月16日）,,,Ａ１,2,,福田 要,26,宮崎,,,B,0,B,0,0,0,0,1,0,0,1,,,,13,chariloto,7,0,,,,,,
20251016CL1305,2025-10-16,05,,いわき平チャリロト レース結果 （2025年10月16日）,いわき平チャリロト レース結果 （2025年10月16日）,,,Ａ２,6,,鳥海 創,24,千葉,,,0,0,0,0,0,0,0,0,0,0,2,,,,13,chariloto,7,0,,,,,,
20251016CL1305,2025-10-16,05,,いわき平チャリロト レース結果 （2025年10月16日）,いわき平チャリロト レース結果 （2025年10月16日）,,,Ａ２,7,,石川　英昭,54,静岡,,,0,0,0,0,0,0,0,0,0,0,3,,,,13,chariloto,7,0,,,,,,
20251016CL1305,2025-10-16,05,,いわき平チャリロト レース結果 （2025年10月16日）,いわき平チャリロト レース結果 （2025年10月16日）,,,Ａ１,3,,甲斐　康昭,41,群馬,,,S,0,S,0,0,0,0,0,0,0,4,,,,13,chariloto,7,0,,,,,,
20251016CL1305,2025-10-16,05,,いわき平チャリロト レース結果 （2025年10月16日）,いわき平チャリロト レース結果 （2025年10月16日）,,,Ａ２,4,,山根　泰道,56,岡山,,,0,0,0,0,0,0,0,0,0,0,5,,,,13,chariloto,7,0,,,,,,
20251016CL1305,2025-10-16,05,,いわき平チャリロト レース結果 （2025年10月16日）,いわき平チャリロト レース結果 （2025年10月16日）,,,Ａ２,5,,藤井　稜也,29,岐阜,,,0,0,0,0,0,0,0,0,0,0,6,,,,13,chariloto,7,0,,,,,,
20251016CL1305,2025-10-16,05,,いわき平チャリロト レース結果 （2025年10月16日）,いわき平チャリロト レース結果 （2025年10月16日）,,,Ａ１,1,,菊谷　信一,40,大阪,,,0,0,0,0,0,0,0,0,0,0,欠,,,,13,chariloto,7,0,,,,,,
20251016CL1306,2025-10-16,06,,いわき平チャリロト レース結果 （2025年10月16日）,いわき平チャリロト レース結果 （2025年10月16日）,,,Ａ１,4,,朝日 勇,51,愛知,,,0,0,0,0,0,0,0,0,1,0,1,,,,13,chariloto,7,0,,,,,,
20251016CL1306,2025-10-16,06,,いわき平チャリロト レース結果 （2025年10月16日）,いわき平チャリロト レース結果 （2025年10月16日）,,,Ａ２,3,,金子周一郎,48,埼玉,,,0,0,0,0,0,0,0,0,0,0,2,,,,13,chariloto,7,0,,,,,,
20251016CL1306,2025-10-16,06,,いわき平チャリロト レース結果 （2025年10月16日）,いわき平チャリロト レース結果 （2025年10月16日）,,,Ａ２,5,,田中　孝法,43,福岡,,,0,0,0,0,0,0,0,0,0,0,3,,,,13,chariloto,7,0,,,,,,
20251016CL1306,2025-10-16,06,,いわき平チャリロト レース結果 （2025年10月16日）,いわき平チャリロト レース結果 （2025年10月16日）,,,Ａ２,7,,稲留　敦貴,24,鹿児,,,B,0,B,0,0,0,0,0,0,0,4,,,,13,chariloto,7,0,,,,,,
20251016CL1306,2025-10-16,06,,いわき平チャリロト レース結果 （2025年10月16日）,いわき平チャリロト レース結果 （2025年10月16日）,,,Ａ２,2,,米澤　大輔,50,徳島,,,0,0,0,0,0,0,0,0,0,0,5,,,,13,chariloto,7,0,,,,,,
20251016CL1306,2025-10-16,06,,いわき平チャリロト レース結果 （2025年10月16日）,いわき平チャリロト レース結果 （2025年10月16日）,,,Ａ２,6,,藤縄　洋介,45,兵庫,,,0,0,0,0,0,0,0,0,0,0,6,,,,13,chariloto,7,0,,,,,,
20251016CL1306,2025-10-16,06,,いわき平チャリロト レース結果 （2025年10月16日）,いわき平チャリロト レース結果 （2025年10月16日）,,,Ａ２,1,,中野光太郎,25,徳島,,,S,0,S,0,0,0,0,0,0,0,7,,,,13,chariloto,7,0,,,,,,
20251016CL1307,2025-10-16,07,,いわき平チャリロト レース結果 （2025年10月16日）,いわき平チャリロト レース結果 （2025年10月16日）,,,Ａ１,3,,上川　直紀,29,栃木,,,0,0,0,0,0,0,0,1,0,0,1,,,,13,chariloto,7,0,,,,,,
20251016CL1307,2025-10-16,07,,いわき平チャリロト レース結果 （2025年10月16日）,いわき平チャリロト レース結果 （2025年10月16日）,,,Ａ１,1,,阿部　大樹,36,埼玉,,,0,0,0,0,0,0,0,0,0,0,2,,,,13,chariloto,7,0,,,,,,
20251016CL1307,2025-10-16,07,,いわき平チャリロト レース結果 （2025年10月16日）,いわき平チャリロト レース結果 （2025年10月16日）,,,Ａ１,2,,立花　昌也,26,青森,,,0,0,0,0,0,0,0,0,0,0,3,,,,13,chariloto,7,0,,,,,,
20251016CL1307,2025-10-16,07,,いわき平チャリロト レース結果 （2025年10月16日）,いわき平チャリロト レース結果 （2025年10月16日）,,,Ａ１,6,,岡田　啓渡,34,愛媛,,,0,0,0,0,0,0,0,0,0,0,4,,,,13,chariloto,7,0,,,,,,
20251016CL1307,2025-10-16,07,,いわき平チャリロト レース結果 （2025年10月16日）,いわき平チャリロト レース結果 （2025年10月16日）,,,Ａ１,4,,中川　繁樹,39,京都,,,S  B,0,S  B,0,0,0,0,0,0,0,5,,,,13,chariloto,7,0,,,,,,
20251016CL1307,2025-10-16,07,,いわき平チャリロト レース結果 （2025年10月16日）,いわき平チャリロト レース結果 （2025年10月16日）,,,Ａ２,7,,中村美千隆,49,兵庫,,,0,0,0,0,0,0,0,0,0,0,6,,,,13,chariloto,7,0,,,,,,
20251016CL1307,2025-10-16,07,,いわき平チャリロト レース結果 （2025年10月16日）,いわき平チャリロト レース結果 （2025年10月16日）,,,Ａ２,5,,鎌田 聡,47,宮城,,,0,0,0,0,0,0,0,0,0,0,7,,,,13,chariloto,7,0,,,,,,
20251016CL1308,2025-10-16,08,,いわき平チャリロト レース結果 （2025年10月16日）,いわき平チャリロト レース結果 （2025年10月16日）,,,Ａ１,1,,竹内　雄作,38,岐阜,,,S,0,S,0,0,0,0,1,0,0,1,,,,13,chariloto,7,0,,,,,,
20251016CL1308,2025-10-16,08,,いわき平チャリロト レース結果 （2025年10月16日）,いわき平チャリロト レース結果 （2025年10月16日）,,,Ａ１,2,,土屋　裕二,49,静岡,,,0,0,0,0,0,0,0,0,0,0,2,,,,13,chariloto,7,0,,,,,,
20251016CL1308,2025-10-16,08,,いわき平チャリロト レース結果 （2025年10月16日）,いわき平チャリロト レース結果 （2025年10月16日）,,,Ａ２,6,,上田 隼,36,岐阜,,,0,0,0,0,0,0,0,0,0,0,3,,,,13,chariloto,7,0,,,,,,
20251016CL1308,2025-10-16,08,,いわき平チャリロト レース結果 （2025年10月16日）,いわき平チャリロト レース結果 （2025年10月16日）,,,Ａ１,3,,滝本　泰行,29,岡山,,,0,0,0,0,0,0,0,0,0,0,4,,,,13,chariloto,7,0,,,,,,
20251016CL1308,2025-10-16,08,,いわき平チャリロト レース結果 （2025年10月16日）,いわき平チャリロト レース結果 （2025年10月16日）,,,Ａ２,7,,山田　祐太,37,福島,,,0,0,0,0,0,0,0,0,0,0,5,,,,13,chariloto,7,0,,,,,,
20251016CL1308,2025-10-16,08,,いわき平チャリロト レース結果 （2025年10月16日）,いわき平チャリロト レース結果 （2025年10月16日）,,,Ａ１,4,,近藤　範昌,47,岡山,,,0,0,0,0,0,0,0,0,0,0,6,,,,13,chariloto,7,0,,,,,,
20251016CL1308,2025-10-16,08,,いわき平チャリロト レース結果 （2025年10月16日）,いわき平チャリロト レース結果 （2025年10月16日）,,,Ａ１,5,,池邉 聖,30,神奈,,,B,0,B,0,0,0,0,0,0,0,7,,,,13,chariloto,7,0,,,,,,
20251016CL1309,2025-10-16,09,,いわき平チャリロト レース結果 （2025年10月16日）,いわき平チャリロト レース結果 （2025年10月16日）,,,Ａ２,1,,佐々木亮太,21,青森,,,B,0,B,0,0,0,0,1,0,0,1,,,,13,chariloto,7,0,,,,,,
20251016CL1309,2025-10-16,09,,いわき平チャリロト レース結果 （2025年10月16日）,いわき平チャリロト レース結果 （2025年10月16日）,,,Ａ１,2,,佐野　梅一,49,京都,,,0,0,0,0,0,0,0,0,0,0,2,,,,13,chariloto,7,0,,,,,,
20251016CL1309,2025-10-16,09,,いわき平チャリロト レース結果 （2025年10月16日）,いわき平チャリロト レース結果 （2025年10月16日）,,,Ａ２,5,,梅澤　忠秀,24,三重,,,S,0,S,0,0,0,0,0,0,0,3,,,,13,chariloto,7,0,,,,,,
20251016CL1309,2025-10-16,09,,いわき平チャリロト レース結果 （2025年10月16日）,いわき平チャリロト レース結果 （2025年10月16日）,,,Ａ１,3,,山崎 司,41,福島,,,0,0,0,0,0,0,0,0,0,0,4,,,,13,chariloto,7,0,,,,,,
20251016CL1309,2025-10-16,09,,いわき平チャリロト レース結果 （2025年10月16日）,いわき平チャリロト レース結果 （2025年10月16日）,,,Ａ２,7,,関 敬,49,栃木,,,0,0,0,0,0,0,0,0,0,0,5,,,,13,chariloto,7,0,,,,,,
20251016CL1309,2025-10-16,09,,いわき平チャリロト レース結果 （2025年10月16日）,いわき平チャリロト レース結果 （2025年10月16日）,,,Ａ１,4,,藤原 浩,46,高知,,,0,0,0,0,0,0,0,0,0,0,6,,,,13,chariloto,7,0,,,,,,
20251016CL1309,2025-10-16,09,,いわき平チャリロト レース結果 （2025年10月16日）,いわき平チャリロト レース結果 （2025年10月16日）,,,Ａ１,6,,梶原　大地,28,福岡,,,0,0,0,0,0,0,0,0,0,0,7,,,,13,chariloto,7,0,,,,,,
20251016CL2201,2025-10-16,01,,前橋,前橋競輪 レース結果 （2025年10月16日）,,,Ｌ１,1,,柳原　真緒,28,福井,,,B,0,B,0,0,0,1,0,0,0,1,,,,22,chariloto,6,0,,,,,,
20251016CL2201,2025-10-16,01,,前橋,前橋競輪 レース結果 （2025年10月16日）,,,Ｌ１,2,,又多　風緑,23,石川,,,0,0,0,0,0,0,0,0,0,0,2,,,,22,chariloto,6,0,,,,,,
20251016CL2201,2025-10-16,01,,前橋,前橋競輪 レース結果 （2025年10月16日）,,,Ｌ１,3,,千葉　捺美,30,群馬,,,S,0,S,0,0,0,0,0,0,0,3,,,,22,chariloto,6,0,,,,,,
20251016CL2201,2025-10-16,01,,前橋,前橋競輪 レース結果 （2025年10月16日）,,,Ｌ１,6,,吉村美有紀,23,静岡,,,0,0,0,0,0,0,0,0,0,0,4,,,,22,chariloto,6,0,,,,,,
20251016CL2201,2025-10-16,01,,前橋,前橋競輪 レース結果 （2025年10月16日）,,,Ｌ１,5,,山本さくら,24,愛知,,,0,0,0,0,0,0,0,0,0,0,5,,,,22,chariloto,6,0,,,,,,
20251016CL2201,2025-10-16,01,,前橋,前橋競輪 レース結果 （2025年10月16日）,,,Ｌ１,4,,戸邉香奈実,32,茨城,,,0,0,0,0,0,0,0,0,0,0,6,,,,22,chariloto,6,0,,,,,,
20251016CL2202,2025-10-16,02,,前橋,前橋競輪 レース結果 （2025年10月16日）,,,Ｌ１,1,,小林　莉子,32,東京,,,0,0,0,0,0,0,0,1,0,0,1,,,,22,chariloto,7,0,,,,,,
20251016CL2202,2025-10-16,02,,前橋,前橋競輪 レース結果 （2025年10月16日）,,,Ｌ１,5,,高橋　朋恵,31,東京,,,0,0,0,0,0,0,0,0,0,0,2,,,,22,chariloto,7,0,,,,,,
20251016CL2202,2025-10-16,02,,前橋,前橋競輪 レース結果 （2025年10月16日）,,,Ｌ１,2,,小坂　知子,40,岐阜,,,S,0,S,0,0,0,0,0,0,0,3,,,,22,chariloto,7,0,,,,,,
20251016CL2202,2025-10-16,02,,前橋,前橋競輪 レース結果 （2025年10月16日）,,,Ｌ１,3,,加藤 舞,28,沖縄,,,B,0,B,0,0,0,0,0,0,0,4,,,,22,chariloto,7,0,,,,,,
20251016CL2202,2025-10-16,02,,前橋,前橋競輪 レース結果 （2025年10月16日）,,,Ｌ１,6,,池原 杏,21,沖縄,,,0,0,0,0,0,0,0,0,0,0,5,,,,22,chariloto,7,0,,,,,,
20251016CL2202,2025-10-16,02,,前橋,前橋競輪 レース結果 （2025年10月16日）,,,Ｌ１,4,,神戸暖稀羽,21,北海,,,0,0,0,0,0,0,0,0,0,0,6,,,,22,chariloto,7,0,,,,,,
20251016CL2202,2025-10-16,02,,前橋,前橋競輪 レース結果 （2025年10月16日）,,,Ｌ１,7,,池上あかり,25,福岡,,,0,0,0,0,0,0,0,0,0,0,7,,,,22,chariloto,7,0,,,,,,
20251016CL2203,2025-10-16,03,,前橋,前橋競輪 レース結果 （2025年10月16日）,,,Ａ２,5,,吉良　勝信,51,福岡,,,0,0,0,0,0,0,0,0,1,0,1,,,,22,chariloto,7,0,,,,,,
20251016CL2203,2025-10-16,03,,前橋,前橋競輪 レース結果 （2025年10月16日）,,,Ａ２,7,,松本　一志,29,宮崎,,,B,0,B,0,0,0,0,0,0,0,2,,,,22,chariloto,7,0,,,,,,
20251016CL2203,2025-10-16,03,,前橋,前橋競輪 レース結果 （2025年10月16日）,,,Ａ２,6,,松尾　大樹,44,長崎,,,S,0,S,0,0,0,0,0,0,0,3,,,,22,chariloto,7,0,,,,,,
20251016CL2203,2025-10-16,03,,前橋,前橋競輪 レース結果 （2025年10月16日）,,,Ａ２,2,,三住　博昭,57,神奈,,,0,0,0,0,0,0,0,0,0,0,4,,,,22,chariloto,7,0,,,,,,
20251016CL2203,2025-10-16,03,,前橋,前橋競輪 レース結果 （2025年10月16日）,,,Ａ１,1,,三ッ井　武,40,神奈,,,0,0,0,0,0,0,0,0,0,0,5,,,,22,chariloto,7,0,,,,,,
20251016CL2203,2025-10-16,03,,前橋,前橋競輪 レース結果 （2025年10月16日）,,,Ａ１,3,,齋藤　一茂,36,群馬,,,0,0,0,0,0,0,0,0,0,0,6,,,,22,chariloto,7,0,,,,,,
20251016CL2203,2025-10-16,03,,前橋,前橋競輪 レース結果 （2025年10月16日）,,,Ａ２,4,,飯島 淳,49,東京,,,0,0,0,0,0,0,0,0,0,0,7,,,,22,chariloto,7,0,,,,,,
20251016CL2204,2025-10-16,04,,前橋,前橋競輪 レース結果 （2025年10月16日）,,,Ａ２,5,,久保　光司,28,佐賀,,,B,0,B,0,0,0,1,0,0,0,1,,,,22,chariloto,7,0,,,,,,
20251016CL2204,2025-10-16,04,,前橋,前橋競輪 レース結果 （2025年10月16日）,,,Ａ１,3,,松尾　玄太,40,佐賀,,,0,0,0,0,0,0,0,0,0,0,2,,,,22,chariloto,7,0,,,,,,
20251016CL2204,2025-10-16,04,,前橋,前橋競輪 レース結果 （2025年10月16日）,,,Ａ１,2,,吉永　好宏,50,広島,,,0,0,0,0,0,0,0,0,0,0,3,,,,22,chariloto,7,0,,,,,,
20251016CL2204,2025-10-16,04,,前橋,前橋競輪 レース結果 （2025年10月16日）,,,Ａ２,6,,梶山裕次郎,44,福岡,,,0,0,0,0,0,0,0,0,0,0,4,,,,22,chariloto,7,0,,,,,,
20251016CL2204,2025-10-16,04,,前橋,前橋競輪 レース結果 （2025年10月16日）,,,Ａ２,4,,高倉　俊宏,39,福岡,,,S,0,S,0,0,0,0,0,0,0,5,,,,22,chariloto,7,0,,,,,,
20251016CL2204,2025-10-16,04,,前橋,前橋競輪 レース結果 （2025年10月16日）,,,Ａ１,7,,松永　真太,43,福岡,,,0,0,0,0,0,0,0,0,0,0,6,,,,22,chariloto,7,0,,,,,,
20251016CL2204,2025-10-16,04,,前橋,前橋競輪 レース結果 （2025年10月16日）,,,Ａ１,1,,立花　成泰,47,岡山,,,0,0,0,0,0,0,0,0,0,0,7,,,,22,chariloto,7,0,,,,,,
20251016CL2205,2025-10-16,05,,前橋,前橋競輪 レース結果 （2025年10月16日）,,,Ａ２,1,,助川翔太郎,29,埼玉,,,0,0,0,0,0,0,0,1,0,0,1,,,,22,chariloto,7,0,,,,,,
20251016CL2205,2025-10-16,05,,前橋,前橋競輪 レース結果 （2025年10月16日）,,,Ａ２,4,,伊藤　大理,48,長野,,,0,0,0,0,0,0,0,0,0,0,2,,,,22,chariloto,7,0,,,,,,
20251016CL2205,2025-10-16,05,,前橋,前橋競輪 レース結果 （2025年10月16日）,,,Ａ２,7,,瀧野　勝太,38,群馬,,,0,0,0,0,0,0,0,0,0,0,3,,,,22,chariloto,7,0,,,,,,
20251016CL2205,2025-10-16,05,,前橋,前橋競輪 レース結果 （2025年10月16日）,,,Ａ２,3,,中石　昌芳,50,広島,,,0,0,0,0,0,0,0,0,0,0,4,,,,22,chariloto,7,0,,,,,,
20251016CL2205,2025-10-16,05,,前橋,前橋競輪 レース結果 （2025年10月16日）,,,Ａ２,5,,野上　竜太,29,岡山,,,0,0,0,0,0,0,0,0,0,0,5,,,,22,chariloto,7,0,,,,,,
20251016CL2205,2025-10-16,05,,前橋,前橋競輪 レース結果 （2025年10月16日）,,,Ａ１,2,,竹山　慶太,32,宮城,,,S  B,0,S  B,0,0,0,0,0,0,0,6,,,,22,chariloto,7,0,,,,,,
20251016CL2205,2025-10-16,05,,前橋,前橋競輪 レース結果 （2025年10月16日）,,,Ａ２,6,,杉浦　康一,60,北海,,,0,0,0,0,0,0,0,0,0,0,7,,,,22,chariloto,7,0,,,,,,
20251016CL2206,2025-10-16,06,,前橋,前橋競輪 レース結果 （2025年10月16日）,,,Ａ２,4,,望月　紀男,48,静岡,,,0,0,0,0,0,0,0,0,1,0,1,,,,22,chariloto,7,0,,,,,,
20251016CL2206,2025-10-16,06,,前橋,前橋競輪 レース結果 （2025年10月16日）,,,Ａ２,6,,坂木田雄介,51,千葉,,,B,0,B,0,0,0,0,0,0,0,2,,,,22,chariloto,7,0,,,,,,
20251016CL2206,2025-10-16,06,,前橋,前橋競輪 レース結果 （2025年10月16日）,,,Ａ２,2,,長野　和弘,48,福岡,,,0,0,0,0,0,0,0,0,0,0,3,,,,22,chariloto,7,0,,,,,,
20251016CL2206,2025-10-16,06,,前橋,前橋競輪 レース結果 （2025年10月16日）,,,Ａ１,3,,堀 政美,56,茨城,,,0,0,0,0,0,0,0,0,0,0,4,,,,22,chariloto,7,0,,,,,,
20251016CL2206,2025-10-16,06,,前橋,前橋競輪 レース結果 （2025年10月16日）,,,Ａ２,1,,會澤 龍,36,宮城,,,S,0,S,0,0,0,0,0,0,0,5,,,,22,chariloto,7,0,,,,,,
20251016CL2206,2025-10-16,06,,前橋,前橋競輪 レース結果 （2025年10月16日）,,,Ａ２,7,,井上 剛,45,岡山,,,0,0,0,0,0,0,0,0,0,0,6,,,,22,chariloto,7,0,,,,,,
20251016CL2206,2025-10-16,06,,前橋,前橋競輪 レース結果 （2025年10月16日）,,,Ａ２,5,,大崎　智久,43,青森,,,0,0,0,0,0,0,0,0,0,0,7,,,,22,chariloto,7,0,,,,,,
20251016CL2207,2025-10-16,07,,前橋,前橋競輪 レース結果 （2025年10月16日）,,,Ａ１,1,,真船圭一郎,37,福島,,,S,0,S,0,0,0,0,1,0,0,1,,,,22,chariloto,7,0,,,,,,
20251016CL2207,2025-10-16,07,,前橋,前橋競輪 レース結果 （2025年10月16日）,,,Ａ１,3,,松澤　敬輔,38,北海,,,0,0,0,0,0,0,0,0,0,0,2,,,,22,chariloto,7,0,,,,,,
20251016CL2207,2025-10-16,07,,前橋,前橋競輪 レース結果 （2025年10月16日）,,,Ａ１,2,,西田　大志,34,福岡,,,0,0,0,0,0,0,0,0,0,0,3,,,,22,chariloto,7,0,,,,,,
20251016CL2207,2025-10-16,07,,前橋,前橋競輪 レース結果 （2025年10月16日）,,,Ａ１,6,,原井　剣也,31,福岡,,,0,0,0,0,0,0,0,0,0,0,4,,,,22,chariloto,7,0,,,,,,
20251016CL2207,2025-10-16,07,,前橋,前橋競輪 レース結果 （2025年10月16日）,,,Ａ１,4,,古屋　琢晶,39,山梨,,,0,0,0,0,0,0,0,0,0,0,5,,,,22,chariloto,7,0,,,,,,
20251016CL2207,2025-10-16,07,,前橋,前橋競輪 レース結果 （2025年10月16日）,,,Ａ２,5,,松田　優一,40,茨城,,,0,0,0,0,0,0,0,0,0,0,6,,,,22,chariloto,7,0,,,,,,
20251016CL2207,2025-10-16,07,,前橋,前橋競輪 レース結果 （2025年10月16日）,,,Ａ２,7,,佐藤　啓斗,28,青森,,,B,0,B,0,0,0,0,0,0,0,7,,,,22,chariloto,7,0,,,,,,
20251016CL2208,2025-10-16,08,,前橋,前橋競輪 レース結果 （2025年10月16日）,,,Ａ１,1,,原田　亮太,29,千葉,,,B,0,B,0,0,0,1,0,0,0,1,,,,22,chariloto,7,0,,,,,,
20251016CL2208,2025-10-16,08,,前橋,前橋競輪 レース結果 （2025年10月16日）,,,Ａ１,5,,成田　健児,50,神奈,,,0,0,0,0,0,0,0,0,0,0,2,,,,22,chariloto,7,0,,,,,,
20251016CL2208,2025-10-16,08,,前橋,前橋競輪 レース結果 （2025年10月16日）,,,Ａ１,2,,柿沼　信也,41,埼玉,,,0,0,0,0,0,0,0,0,0,0,3,,,,22,chariloto,7,0,,,,,,
20251016CL2208,2025-10-16,08,,前橋,前橋競輪 レース結果 （2025年10月16日）,,,Ａ１,7,,荒木　伸哉,46,静岡,,,S,0,S,0,0,0,0,0,0,0,4,,,,22,chariloto,7,0,,,,,,
20251016CL2208,2025-10-16,08,,前橋,前橋競輪 レース結果 （2025年10月16日）,,,Ａ１,4,,中島　将尊,31,東京,,,0,0,0,0,0,0,0,0,0,0,5,,,,22,chariloto,7,0,,,,,,
20251016CL2208,2025-10-16,08,,前橋,前橋競輪 レース結果 （2025年10月16日）,,,Ａ１,3,,田中　洋輔,45,宮崎,,,0,0,0,0,0,0,0,0,0,0,6,,,,22,chariloto,7,0,,,,,,
20251016CL2208,2025-10-16,08,,前橋,前橋競輪 レース結果 （2025年10月16日）,,,Ａ１,6,,小竹　洋平,36,福岡,,,0,0,0,0,0,0,0,0,0,0,7,,,,22,chariloto,7,0,,,,,,
20251016CL2209,2025-10-16,09,,前橋,前橋競輪 レース結果 （2025年10月16日）,,,Ａ１,3,,花田　将司,39,千葉,,,0,0,0,0,0,0,0,0,1,0,1,,,,22,chariloto,7,0,,,,,,
20251016CL2209,2025-10-16,09,,前橋,前橋競輪 レース結果 （2025年10月16日）,,,Ａ１,6,,望月　一成,29,静岡,,,0,0,0,0,0,0,0,0,0,0,2,,,,22,chariloto,7,0,,,,,,
20251016CL2209,2025-10-16,09,,前橋,前橋競輪 レース結果 （2025年10月16日）,,,Ａ１,1,,小川将二郎,23,徳島,,,B,0,B,0,0,0,0,0,0,0,3,,,,22,chariloto,7,0,,,,,,
20251016CL2209,2025-10-16,09,,前橋,前橋競輪 レース結果 （2025年10月16日）,,,Ａ２,4,,吉岡　篤志,46,徳島,,,0,0,0,0,0,0,0,0,0,0,4,,,,22,chariloto,7,0,,,,,,
20251016CL2209,2025-10-16,09,,前橋,前橋競輪 レース結果 （2025年10月16日）,,,Ａ１,2,,小原　唯志,42,茨城,,,0,0,0,0,0,0,0,0,0,0,5,,,,22,chariloto,7,0,,,,,,
20251016CL2209,2025-10-16,09,,前橋,前橋競輪 レース結果 （2025年10月16日）,,,Ａ２,7,,黒滝　大翔,30,茨城,,,0,0,0,0,0,0,0,0,0,0,6,,,,22,chariloto,7,0,,,,,,
20251016CL2209,2025-10-16,09,,前橋,前橋競輪 レース結果 （2025年10月16日）,,,Ａ１,5,,木村　貴宏,48,茨城,,,S,0,S,0,0,0,0,0,0,0,7,,,,22,chariloto,7,0,,,,,,
20251016CL2401,2025-10-16,01,,宇都宮,宇都宮競輪 レース結果 （2025年10月16日）,,,Ａ１,4,,大谷　靖茂,43,愛知,,,B,0,B,0,0,0,1,0,0,0,1,,,,24,chariloto,7,0,,,,,,
20251016CL2401,2025-10-16,01,,宇都宮,宇都宮競輪 レース結果 （2025年10月16日）,,,Ａ２,6,,小林　大能,45,千葉,,,0,0,0,0,0,0,0,0,0,0,2,,,,24,chariloto,7,0,,,,,,
20251016CL2401,2025-10-16,01,,宇都宮,宇都宮競輪 レース結果 （2025年10月16日）,,,Ａ２,3,,坂本 毅,53,岩手,,,0,0,0,0,0,0,0,0,0,0,3,,,,24,chariloto,7,0,,,,,,
20251016CL2401,2025-10-16,01,,宇都宮,宇都宮競輪 レース結果 （2025年10月16日）,,,Ａ２,1,,河野　淳吾,43,神奈,,,0,0,0,0,0,0,0,0,0,0,4,,,,24,chariloto,7,0,,,,,,
20251016CL2401,2025-10-16,01,,宇都宮,宇都宮競輪 レース結果 （2025年10月16日）,,,Ａ２,7,,峠 祐介,50,埼玉,,,0,0,0,0,0,0,0,0,0,0,5,,,,24,chariloto,7,0,,,,,,
20251016CL2401,2025-10-16,01,,宇都宮,宇都宮競輪 レース結果 （2025年10月16日）,,,Ａ２,5,,藤野　貴章,37,佐賀,,,S,0,S,0,0,0,0,0,0,0,6,,,,24,chariloto,7,0,,,,,,
20251016CL2401,2025-10-16,01,,宇都宮,宇都宮競輪 レース結果 （2025年10月16日）,,,Ａ１,2,,長松　大祐,27,大分,,,0,0,0,0,0,0,0,0,0,0,7,,,,24,chariloto,7,0,,,,,,
20251016CL2402,2025-10-16,02,,宇都宮,宇都宮競輪 レース結果 （2025年10月16日）,,,Ａ１,2,,梅田加津也,32,神奈,,,S,0,S,0,0,0,0,0,1,0,1,,,,24,chariloto,7,0,,,,,,
20251016CL2402,2025-10-16,02,,宇都宮,宇都宮競輪 レース結果 （2025年10月16日）,,,Ａ２,7,,山口幸太郎,46,長崎,,,0,0,0,0,0,0,0,0,0,0,2,,,,24,chariloto,7,0,,,,,,
20251016CL2402,2025-10-16,02,,宇都宮,宇都宮競輪 レース結果 （2025年10月16日）,,,Ａ２,4,,篠崎　高志,53,栃木,,,0,0,0,0,0,0,0,0,0,0,3,,,,24,chariloto,7,0,,,,,,
20251016CL2402,2025-10-16,02,,宇都宮,宇都宮競輪 レース結果 （2025年10月16日）,,,Ａ２,6,,羽石　国臣,50,栃木,,,0,0,0,0,0,0,0,0,0,0,4,,,,24,chariloto,7,0,,,,,,
20251016CL2402,2025-10-16,02,,宇都宮,宇都宮競輪 レース結果 （2025年10月16日）,,,Ａ２,5,,布居　大地,28,和歌,,,B,0,B,0,0,0,0,0,0,0,5,,,,24,chariloto,7,0,,,,,,
20251016CL2402,2025-10-16,02,,宇都宮,宇都宮競輪 レース結果 （2025年10月16日）,,,Ａ２,3,,黒田　大介,51,愛媛,,,0,0,0,0,0,0,0,0,0,0,6,,,,24,chariloto,7,0,,,,,,
20251016CL2402,2025-10-16,02,,宇都宮,宇都宮競輪 レース結果 （2025年10月16日）,,,Ａ２,1,,佐野　洋継,37,京都,,,0,0,0,0,0,0,0,0,0,0,7,,,,24,chariloto,7,0,,,,,,
20251016CL2403,2025-10-16,03,,宇都宮,宇都宮競輪 レース結果 （2025年10月16日）,,,Ａ２,1,,堂村　知哉,42,福井,,,0,0,0,0,0,0,0,0,1,0,1,,,,24,chariloto,7,0,,,,,,
20251016CL2403,2025-10-16,03,,宇都宮,宇都宮競輪 レース結果 （2025年10月16日）,,,Ａ１,3,,上田 学,54,愛媛,,,S,0,S,0,0,0,0,0,0,0,2,,,,24,chariloto,7,0,,,,,,
20251016CL2403,2025-10-16,03,,宇都宮,宇都宮競輪 レース結果 （2025年10月16日）,,,Ａ１,4,,引地　正人,45,秋田,,,B,0,B,0,0,0,0,0,0,0,3,,,,24,chariloto,7,0,,,,,,
20251016CL2403,2025-10-16,03,,宇都宮,宇都宮競輪 レース結果 （2025年10月16日）,,,Ａ２,7,,小坂 丈,29,茨城,,,0,0,0,0,0,0,0,0,0,0,4,,,,24,chariloto,7,0,,,,,,
20251016CL2403,2025-10-16,03,,宇都宮,宇都宮競輪 レース結果 （2025年10月16日）,,,Ａ１,2,,渡邉　高志,48,栃木,,,0,0,0,0,0,0,0,0,0,0,5,,,,24,chariloto,7,0,,,,,,
20251016CL2403,2025-10-16,03,,宇都宮,宇都宮競輪 レース結果 （2025年10月16日）,,,Ａ２,5,,高野　信元,26,愛知,,,0,0,0,0,0,0,0,0,0,0,6,,,,24,chariloto,7,0,,,,,,
20251016CL2403,2025-10-16,03,,宇都宮,宇都宮競輪 レース結果 （2025年10月16日）,,,Ａ２,6,,藤井　準也,31,岐阜,,,0,0,0,0,0,0,0,0,0,0,7,,,,24,chariloto,7,0,,,,,,
20251016CL2404,2025-10-16,04,,宇都宮,宇都宮競輪 レース結果 （2025年10月16日）,,,Ａ１,5,,古川　貴之,41,佐賀,,,0,0,0,0,0,0,0,0,1,0,1,,,,24,chariloto,7,0,,,,,,
20251016CL2404,2025-10-16,04,,宇都宮,宇都宮競輪 レース結果 （2025年10月16日）,,,Ａ２,1,,岡部　伶音,27,福島,,,S,0,S,0,0,0,0,0,0,0,2,,,,24,chariloto,7,0,,,,,,
20251016CL2404,2025-10-16,04,,宇都宮,宇都宮競輪 レース結果 （2025年10月16日）,,,Ａ１,7,,宮下　一歩,32,長野,,,B,0,B,0,0,0,0,0,0,0,3,,,,24,chariloto,7,0,,,,,,
20251016CL2404,2025-10-16,04,,宇都宮,宇都宮競輪 レース結果 （2025年10月16日）,,,Ａ１,4,,金澤　幸司,40,福島,,,0,0,0,0,0,0,0,0,0,0,4,,,,24,chariloto,7,0,,,,,,
20251016CL2404,2025-10-16,04,,宇都宮,宇都宮競輪 レース結果 （2025年10月16日）,,,Ａ２,6,,佐藤　和典,54,神奈,,,0,0,0,0,0,0,0,0,0,0,5,,,,24,chariloto,7,0,,,,,,
20251016CL2404,2025-10-16,04,,宇都宮,宇都宮競輪 レース結果 （2025年10月16日）,,,Ａ２,3,,平 総一,54,熊本,,,0,0,0,0,0,0,0,0,0,0,6,,,,24,chariloto,7,0,,,,,,
20251016CL2404,2025-10-16,04,,宇都宮,宇都宮競輪 レース結果 （2025年10月16日）,,,Ａ２,2,,神尾　敬冬,25,静岡,,,0,0,0,0,0,0,0,0,0,0,7,,,,24,chariloto,7,0,,,,,,
20251016CL2405,2025-10-16,05,,宇都宮,宇都宮競輪 レース結果 （2025年10月16日）,,,Ｓ２,2,,渡邉　晴智,52,静岡,,,0,0,0,0,0,0,0,0,1,0,1,,,,24,chariloto,6,0,,,,,,
20251016CL2405,2025-10-16,05,,宇都宮,宇都宮競輪 レース結果 （2025年10月16日）,,,Ｓ２,4,,稲吉　悠大,39,福岡,,,0,0,0,0,0,0,0,0,0,0,2,,,,24,chariloto,6,0,,,,,,
20251016CL2405,2025-10-16,05,,宇都宮,宇都宮競輪 レース結果 （2025年10月16日）,,,Ｓ２,5,,山口　貴嗣,47,福岡,,,0,0,0,0,0,0,0,0,0,0,3,,,,24,chariloto,6,0,,,,,,
20251016CL2405,2025-10-16,05,,宇都宮,宇都宮競輪 レース結果 （2025年10月16日）,,,Ｓ２,3,,浦川　尊明,49,茨城,,,0,0,0,0,0,0,0,0,0,0,4,,,,24,chariloto,6,0,,,,,,
20251016CL2405,2025-10-16,05,,宇都宮,宇都宮競輪 レース結果 （2025年10月16日）,,,Ｓ２,6,,矢口　大樹,37,千葉,,,B,0,B,0,0,0,0,0,0,0,5,,,,24,chariloto,6,0,,,,,,
20251016CL2405,2025-10-16,05,,宇都宮,宇都宮競輪 レース結果 （2025年10月16日）,,,Ｓ２,1,,金ヶ江勇気,29,佐賀,,,S,0,S,0,0,0,0,0,0,0,6,,,,24,chariloto,6,0,,,,,,
20251016CL2406,2025-10-16,06,,宇都宮,宇都宮競輪 レース結果 （2025年10月16日）,,,Ｓ２,2,,水谷　好宏,42,大阪,,,0,0,0,0,0,0,0,0,1,0,1,,,,24,chariloto,6,0,,,,,,
20251016CL2406,2025-10-16,06,,宇都宮,宇都宮競輪 レース結果 （2025年10月16日）,,,Ｓ２,6,,小林　稜武,32,栃木,,,B,0,B,0,0,0,0,0,0,0,2,,,,24,chariloto,6,0,,,,,,
20251016CL2406,2025-10-16,06,,宇都宮,宇都宮競輪 レース結果 （2025年10月16日）,,,Ｓ２,4,,川口　直人,48,神奈,,,0,0,0,0,0,0,0,0,0,0,3,,,,24,chariloto,6,0,,,,,,
20251016CL2406,2025-10-16,06,,宇都宮,宇都宮競輪 レース結果 （2025年10月16日）,,,Ｓ２,1,,金子　真也,53,群馬,,,S,0,S,0,0,0,0,0,0,0,4,,,,24,chariloto,6,0,,,,,,
20251016CL2406,2025-10-16,06,,宇都宮,宇都宮競輪 レース結果 （2025年10月16日）,,,Ｓ２,3,,金澤　竜二,40,福島,,,0,0,0,0,0,0,0,0,0,0,5,,,,24,chariloto,6,0,,,,,,
20251016CL2406,2025-10-16,06,,宇都宮,宇都宮競輪 レース結果 （2025年10月16日）,,,Ｓ２,5,,開坂　秀明,50,青森,,,0,0,0,0,0,0,0,0,0,0,落,,,,24,chariloto,6,0,,,,,,
20251016CL2407,2025-10-16,07,,宇都宮,宇都宮競輪 レース結果 （2025年10月16日）,,,Ｓ２,1,,八日市屋浩,50,石川,,,S,0,S,0,0,0,0,0,1,0,1,,,,24,chariloto,7,0,,,,,,
20251016CL2407,2025-10-16,07,,宇都宮,宇都宮競輪 レース結果 （2025年10月16日）,,,Ｓ２,6,,岡本　英之,46,千葉,,,0,0,0,0,0,0,0,0,0,0,2,,,,24,chariloto,7,0,,,,,,
20251016CL2407,2025-10-16,07,,宇都宮,宇都宮競輪 レース結果 （2025年10月16日）,,,Ｓ２,3,,重倉　高史,40,富山,,,B,0,B,0,0,0,0,0,0,0,3,,,,24,chariloto,7,0,,,,,,
20251016CL2407,2025-10-16,07,,宇都宮,宇都宮競輪 レース結果 （2025年10月16日）,,,Ｓ２,5,,磯島　康祐,33,青森,,,0,0,0,0,0,0,0,0,0,0,4,,,,24,chariloto,7,0,,,,,,
20251016CL2407,2025-10-16,07,,宇都宮,宇都宮競輪 レース結果 （2025年10月16日）,,,Ｓ２,4,,室井　竜二,54,徳島,,,0,0,0,0,0,0,0,0,0,0,5,,,,24,chariloto,7,0,,,,,,
20251016CL2407,2025-10-16,07,,宇都宮,宇都宮競輪 レース結果 （2025年10月16日）,,,Ｓ２,2,,東　龍之介,35,神奈,,,0,0,0,0,0,0,0,0,0,0,落,,,,24,chariloto,7,0,,,,,,
20251016CL2407,2025-10-16,07,,宇都宮,宇都宮競輪 レース結果 （2025年10月16日）,,,Ｓ２,7,,北野　武史,53,石川,,,0,0,0,0,0,0,0,0,0,0,失,,,,24,chariloto,7,0,,,,,,
20251016CL2408,2025-10-16,08,,宇都宮,宇都宮競輪 レース結果 （2025年10月16日）,,,Ｓ１,7,,橋本 強,40,愛媛,,,0,0,0,0,0,0,0,0,1,0,1,,,,24,chariloto,7,0,,,,,,
20251016CL2408,2025-10-16,08,,宇都宮,宇都宮競輪 レース結果 （2025年10月16日）,,,Ｓ２,1,,林 昌幸,23,愛媛,,,B,0,B,0,0,0,0,0,0,0,2,,,,24,chariloto,7,0,,,,,,
20251016CL2408,2025-10-16,08,,宇都宮,宇都宮競輪 レース結果 （2025年10月16日）,,,Ｓ２,4,,山口　貴弘,41,佐賀,,,0,0,0,0,0,0,0,0,0,0,3,,,,24,chariloto,7,0,,,,,,
20251016CL2408,2025-10-16,08,,宇都宮,宇都宮競輪 レース結果 （2025年10月16日）,,,Ｓ２,6,,中村　隆生,25,栃木,,,S,0,S,0,0,0,0,0,0,0,4,,,,24,chariloto,7,0,,,,,,
20251016CL2408,2025-10-16,08,,宇都宮,宇都宮競輪 レース結果 （2025年10月16日）,,,Ｓ２,3,,城 幸弘,39,山梨,,,0,0,0,0,0,0,0,0,0,0,5,,,,24,chariloto,7,0,,,,,,
20251016CL2408,2025-10-16,08,,宇都宮,宇都宮競輪 レース結果 （2025年10月16日）,,,Ｓ２,2,,土生　敦弘,26,大阪,,,0,0,0,0,0,0,0,0,0,0,6,,,,24,chariloto,7,0,,,,,,
20251016CL2408,2025-10-16,08,,宇都宮,宇都宮競輪 レース結果 （2025年10月16日）,,,Ｓ１,5,,稲毛　健太,36,和歌,,,0,0,0,0,0,0,0,0,0,0,7,,,,24,chariloto,7,0,,,,,,
20251016CL2409,2025-10-16,09,,宇都宮,宇都宮競輪 レース結果 （2025年10月16日）,,,Ｓ１,1,,小原　太樹,37,神奈,,,S,0,S,0,0,0,0,1,0,0,1,,,,24,chariloto,7,0,,,,,,
20251016CL2409,2025-10-16,09,,宇都宮,宇都宮競輪 レース結果 （2025年10月16日）,,,Ｓ２,3,,田中 誠,42,福岡,,,0,0,0,0,0,0,0,0,0,0,2,,,,24,chariloto,7,0,,,,,,
20251016CL2409,2025-10-16,09,,宇都宮,宇都宮競輪 レース結果 （2025年10月16日）,,,Ｓ２,5,,坂本　亮馬,40,福岡,,,0,0,0,0,0,0,0,0,0,0,3,,,,24,chariloto,7,0,,,,,,
20251016CL2409,2025-10-16,09,,宇都宮,宇都宮競輪 レース結果 （2025年10月16日）,,,Ｓ２,6,,橋本　宇宙,26,佐賀,,,B,0,B,0,0,0,0,0,0,0,4,,,,24,chariloto,7,0,,,,,,
20251016CL2409,2025-10-16,09,,宇都宮,宇都宮競輪 レース結果 （2025年10月16日）,,,Ｓ１,4,,川口公太朗,35,岐阜,,,0,0,0,0,0,0,0,0,0,0,5,,,,24,chariloto,7,0,,,,,,
20251016CL2409,2025-10-16,09,,宇都宮,宇都宮競輪 レース結果 （2025年10月16日）,,,Ｓ２,7,,中島　詩音,27,山梨,,,0,0,0,0,0,0,0,0,0,0,6,,,,24,chariloto,7,0,,,,,,
20251016CL2409,2025-10-16,09,,宇都宮,宇都宮競輪 レース結果 （2025年10月16日）,,,Ｓ２,2,,荒川　達郎,26,埼玉,,,0,0,0,0,0,0,0,0,0,0,7,,,,24,chariloto,7,0,,,,,,
20251016CL2410,2025-10-16,10,,宇都宮,宇都宮競輪 レース結果 （2025年10月16日）,,,Ｓ２,1,,福田　稔希,22,栃木,,,0,0,0,0,0,0,0,1,0,0,1,,,,24,chariloto,7,0,,,,,,
20251016CL2410,2025-10-16,10,,宇都宮,宇都宮競輪 レース結果 （2025年10月16日）,,,Ｓ１,2,,阿竹　智史,43,徳島,,,S,0,S,0,0,0,0,0,0,0,2,,,,24,chariloto,7,0,,,,,,
20251016CL2410,2025-10-16,10,,宇都宮,宇都宮競輪 レース結果 （2025年10月16日）,,,Ｓ２,7,,濱田　浩司,46,愛媛,,,0,0,0,0,0,0,0,0,0,0,3,,,,24,chariloto,7,0,,,,,,
20251016CL2410,2025-10-16,10,,宇都宮,宇都宮競輪 レース結果 （2025年10月16日）,,,Ｓ２,3,,戸田　洋平,42,岡山,,,0,0,0,0,0,0,0,0,0,0,4,,,,24,chariloto,7,0,,,,,,
20251016CL2410,2025-10-16,10,,宇都宮,宇都宮競輪 レース結果 （2025年10月16日）,,,Ｓ２,5,,柿澤　大貴,36,長野,,,0,0,0,0,0,0,0,0,0,0,5,,,,24,chariloto,7,0,,,,,,
20251016CL2410,2025-10-16,10,,宇都宮,宇都宮競輪 レース結果 （2025年10月16日）,,,Ｓ２,6,,小橋　明紀,52,青森,,,0,0,0,0,0,0,0,0,0,0,6,,,,24,chariloto,7,0,,,,,,
20251016CL2410,2025-10-16,10,,宇都宮,宇都宮競輪 レース結果 （2025年10月16日）,,,Ｓ２,4,,川口　雄太,28,徳島,,,B,0,B,0,0,0,0,0,0,0,7,,,,24,chariloto,7,0,,,,,,
20251016CL2411,2025-10-16,11,,宇都宮,宇都宮競輪 レース結果 （2025年10月16日）,,,Ａ１,1,,金子　哲大,36,埼玉,,,0,0,0,0,0,0,0,1,0,0,1,,,,24,chariloto,7,0,,,,,,
20251016CL2411,2025-10-16,11,,宇都宮,宇都宮競輪 レース結果 （2025年10月16日）,,,Ａ１,3,,小松原正登,27,福井,,,0,0,0,0,0,0,0,0,0,0,2,,,,24,chariloto,7,0,,,,,,
20251016CL2411,2025-10-16,11,,宇都宮,宇都宮競輪 レース結果 （2025年10月16日）,,,Ａ１,4,,森本桂太郎,27,愛媛,,,B,0,B,0,0,0,0,0,0,0,3,,,,24,chariloto,7,0,,,,,,
20251016CL2411,2025-10-16,11,,宇都宮,宇都宮競輪 レース結果 （2025年10月16日）,,,Ａ１,5,,内田　英介,44,東京,,,S,0,S,0,0,0,0,0,0,0,4,,,,24,chariloto,7,0,,,,,,
20251016CL2411,2025-10-16,11,,宇都宮,宇都宮競輪 レース結果 （2025年10月16日）,,,Ａ１,6,,春日　勇人,49,千葉,,,0,0,0,0,0,0,0,0,0,0,5,,,,24,chariloto,7,0,,,,,,
20251016CL2411,2025-10-16,11,,宇都宮,宇都宮競輪 レース結果 （2025年10月16日）,,,Ａ１,7,,高橋清太郎,40,岡山,,,0,0,0,0,0,0,0,0,0,0,6,,,,24,chariloto,7,0,,,,,,
20251016CL2411,2025-10-16,11,,宇都宮,宇都宮競輪 レース結果 （2025年10月16日）,,,Ａ１,2,,櫻井　太士,41,岡山,,,0,0,0,0,0,0,0,0,0,0,7,,,,24,chariloto,7,0,,,,,,
20251016CL2412,2025-10-16,12,,宇都宮,宇都宮競輪 レース結果 （2025年10月16日）,,,Ｓ１,5,,小林　泰正,31,群馬,,,S,0,S,0,0,0,0,1,0,0,1,,,,24,chariloto,7,0,,,,,,
20251016CL2412,2025-10-16,12,,宇都宮,宇都宮競輪 レース結果 （2025年10月16日）,,,Ｓ１,1,,磯田 旭,35,栃木,,,0,0,0,0,0,0,0,0,0,0,2,,,,24,chariloto,7,0,,,,,,
20251016CL2412,2025-10-16,12,,宇都宮,宇都宮競輪 レース結果 （2025年10月16日）,,,Ｓ２,7,,山下 渡,42,茨城,,,0,0,0,0,0,0,0,0,0,0,3,,,,24,chariloto,7,0,,,,,,
20251016CL2412,2025-10-16,12,,宇都宮,宇都宮競輪 レース結果 （2025年10月16日）,,,Ｓ１,2,,村上　博幸,46,京都,,,0,0,0,0,0,0,0,0,0,0,4,,,,24,chariloto,7,0,,,,,,
20251016CL2412,2025-10-16,12,,宇都宮,宇都宮競輪 レース結果 （2025年10月16日）,,,Ｓ１,3,,山賀　雅仁,43,千葉,,,0,0,0,0,0,0,0,0,0,0,5,,,,24,chariloto,7,0,,,,,,
20251016CL2412,2025-10-16,12,,宇都宮,宇都宮競輪 レース結果 （2025年10月16日）,,,Ｓ１,4,,三谷　竜生,38,奈良,,,0,0,0,0,0,0,0,0,0,0,6,,,,24,chariloto,7,0,,,,,,
20251016CL2412,2025-10-16,12,,宇都宮,宇都宮競輪 レース結果 （2025年10月16日）,,,Ｓ２,6,,武田 亮,26,東京,,,B,0,B,0,0,0,0,0,0,0,7,,,,24,chariloto,7,0,,,,,,
20251016CL4501,2025-10-16,01,,豊橋チャリロト レース結果 （2025年10月16日）,豊橋チャリロト レース結果 （2025年10月16日）,,,Ｓ２,5,,岡本　大嗣,45,東京,,,0,0,0,0,0,0,0,0,1,0,1,,,,45,chariloto,8,0,,,,,,
20251016CL4501,2025-10-16,01,,豊橋チャリロト レース結果 （2025年10月16日）,豊橋チャリロト レース結果 （2025年10月16日）,,,Ｓ２,3,,中嶋　宣成,35,長野,,,B,0,B,0,0,0,0,0,0,0,2,,,,45,chariloto,8,0,,,,,,
20251016CL4501,2025-10-16,01,,豊橋チャリロト レース結果 （2025年10月16日）,豊橋チャリロト レース結果 （2025年10月16日）,,,Ｓ２,6,,内山　雅貴,30,静岡,,,0,0,0,0,0,0,0,0,0,0,3,,,,45,chariloto,8,0,,,,,,
20251016CL4501,2025-10-16,01,,豊橋チャリロト レース結果 （2025年10月16日）,豊橋チャリロト レース結果 （2025年10月16日）,,,Ｓ２,8,,宿口　潤平,43,埼玉,,,0,0,0,0,0,0,0,0,0,0,4,,,,45,chariloto,8,0,,,,,,
20251016CL4501,2025-10-16,01,,豊橋チャリロト レース結果 （2025年10月16日）,豊橋チャリロト レース結果 （2025年10月16日）,,,Ｓ２,4,,望月　永悟,48,静岡,,,0,0,0,0,0,0,0,0,0,0,5,,,,45,chariloto,8,0,,,,,,
20251016CL4501,2025-10-16,01,,豊橋チャリロト レース結果 （2025年10月16日）,豊橋チャリロト レース結果 （2025年10月16日）,,,Ｓ２,2,,横関　裕樹,37,岐阜,,,S,0,S,0,0,0,0,0,0,0,6,,,,45,chariloto,8,0,,,,,,
20251016CL4501,2025-10-16,01,,豊橋チャリロト レース結果 （2025年10月16日）,豊橋チャリロト レース結果 （2025年10月16日）,,,Ｓ２,1,,佐々木翔一,38,佐賀,,,0,0,0,0,0,0,0,0,0,0,7,,,,45,chariloto,8,0,,,,,,
20251016CL4501,2025-10-16,01,,豊橋チャリロト レース結果 （2025年10月16日）,豊橋チャリロト レース結果 （2025年10月16日）,,,Ｓ２,7,,長屋　秀明,24,岐阜,,,0,0,0,0,0,0,0,0,0,0,8,,,,45,chariloto,8,0,,,,,,
20251016CL4502,2025-10-16,02,,豊橋チャリロト レース結果 （2025年10月16日）,豊橋チャリロト レース結果 （2025年10月16日）,,,Ｓ１,3,,高久保雄介,38,京都,,,0,0,0,0,0,0,0,0,1,0,1,,,,45,chariloto,9,0,,,,,,
20251016CL4502,2025-10-16,02,,豊橋チャリロト レース結果 （2025年10月16日）,豊橋チャリロト レース結果 （2025年10月16日）,,,Ｓ２,4,,才迫 開,33,広島,,,0,0,0,0,0,0,0,0,0,0,2,,,,45,chariloto,9,0,,,,,,
20251016CL4502,2025-10-16,02,,豊橋チャリロト レース結果 （2025年10月16日）,豊橋チャリロト レース結果 （2025年10月16日）,,,Ｓ２,1,,西田　雅志,47,広島,,,0,0,0,0,0,0,0,0,0,0,3,,,,45,chariloto,9,0,,,,,,
20251016CL4502,2025-10-16,02,,豊橋チャリロト レース結果 （2025年10月16日）,豊橋チャリロト レース結果 （2025年10月16日）,,,Ｓ２,8,,鷲田　佳史,42,福井,,,0,0,0,0,0,0,0,0,0,0,4,,,,45,chariloto,9,0,,,,,,
20251016CL4502,2025-10-16,02,,豊橋チャリロト レース結果 （2025年10月16日）,豊橋チャリロト レース結果 （2025年10月16日）,,,Ｓ１,2,,大矢　崇弘,34,東京,,,0,0,0,0,0,0,0,0,0,0,5,,,,45,chariloto,9,0,,,,,,
20251016CL4502,2025-10-16,02,,豊橋チャリロト レース結果 （2025年10月16日）,豊橋チャリロト レース結果 （2025年10月16日）,,,Ｓ２,7,,徳田 匠,28,京都,,,S  B,0,S  B,0,0,0,0,0,0,0,6,,,,45,chariloto,9,0,,,,,,
20251016CL4502,2025-10-16,02,,豊橋チャリロト レース結果 （2025年10月16日）,豊橋チャリロト レース結果 （2025年10月16日）,,,Ｓ２,6,,大西 祐,38,愛媛,,,0,0,0,0,0,0,0,0,0,0,7,,,,45,chariloto,9,0,,,,,,
20251016CL4502,2025-10-16,02,,豊橋チャリロト レース結果 （2025年10月16日）,豊橋チャリロト レース結果 （2025年10月16日）,,,Ｓ２,9,,天田　裕輝,40,群馬,,,0,0,0,0,0,0,0,0,0,0,8,,,,45,chariloto,9,0,,,,,,
20251016CL4502,2025-10-16,02,,豊橋チャリロト レース結果 （2025年10月16日）,豊橋チャリロト レース結果 （2025年10月16日）,,,Ｓ１,5,,山岸　佳太,35,茨城,,,0,0,0,0,0,0,0,0,0,0,9,,,,45,chariloto,9,0,,,,,,
20251016CL4503,2025-10-16,03,,豊橋チャリロト レース結果 （2025年10月16日）,豊橋チャリロト レース結果 （2025年10月16日）,,,Ｓ１,2,,徳永　哲人,43,熊本,,,0,0,0,0,0,0,0,1,0,0,1,,,,45,chariloto,9,0,,,,,,
20251016CL4503,2025-10-16,03,,豊橋チャリロト レース結果 （2025年10月16日）,豊橋チャリロト レース結果 （2025年10月16日）,,,Ｓ２,9,,桑名　僚也,28,埼玉,,,0,0,0,0,0,0,0,0,0,0,2,,,,45,chariloto,9,0,,,,,,
20251016CL4503,2025-10-16,03,,豊橋チャリロト レース結果 （2025年10月16日）,豊橋チャリロト レース結果 （2025年10月16日）,,,Ｓ２,3,,橋本　壮史,30,茨城,,,B,0,B,0,0,0,0,0,0,0,3,,,,45,chariloto,9,0,,,,,,
20251016CL4503,2025-10-16,03,,豊橋チャリロト レース結果 （2025年10月16日）,豊橋チャリロト レース結果 （2025年10月16日）,,,Ｓ２,1,,畑段　嵐士,35,京都,,,S,0,S,0,0,0,0,0,0,0,4,,,,45,chariloto,9,0,,,,,,
20251016CL4503,2025-10-16,03,,豊橋チャリロト レース結果 （2025年10月16日）,豊橋チャリロト レース結果 （2025年10月16日）,,,Ｓ２,4,,高橋　広大,38,埼玉,,,0,0,0,0,0,0,0,0,0,0,5,,,,45,chariloto,9,0,,,,,,
20251016CL4503,2025-10-16,03,,豊橋チャリロト レース結果 （2025年10月16日）,豊橋チャリロト レース結果 （2025年10月16日）,,,Ｓ２,7,,宮崎　大空,26,熊本,,,0,0,0,0,0,0,0,0,0,0,6,,,,45,chariloto,9,0,,,,,,
20251016CL4503,2025-10-16,03,,豊橋チャリロト レース結果 （2025年10月16日）,豊橋チャリロト レース結果 （2025年10月16日）,,,Ｓ１,8,,池野　健太,33,兵庫,,,0,0,0,0,0,0,0,0,0,0,7,,,,45,chariloto,9,0,,,,,,
20251016CL4503,2025-10-16,03,,豊橋チャリロト レース結果 （2025年10月16日）,豊橋チャリロト レース結果 （2025年10月16日）,,,Ｓ２,5,,佐藤愼太郎,47,福島,,,0,0,0,0,0,0,0,0,0,0,8,,,,45,chariloto,9,0,,,,,,
20251016CL4503,2025-10-16,03,,豊橋チャリロト レース結果 （2025年10月16日）,豊橋チャリロト レース結果 （2025年10月16日）,,,Ｓ２,6,,上遠野拓馬,32,宮城,,,0,0,0,0,0,0,0,0,0,0,9,,,,45,chariloto,9,0,,,,,,
20251016CL4504,2025-10-16,04,,豊橋チャリロト レース結果 （2025年10月16日）,豊橋チャリロト レース結果 （2025年10月16日）,,,Ｓ２,2,,根本　哲吏,39,秋田,,,0,0,0,0,0,0,0,1,0,0,1,,,,45,chariloto,9,0,,,,,,
20251016CL4504,2025-10-16,04,,豊橋チャリロト レース結果 （2025年10月16日）,豊橋チャリロト レース結果 （2025年10月16日）,,,Ｓ２,7,,古川　宗行,39,東京,,,0,0,0,0,0,0,0,0,0,0,2,,,,45,chariloto,9,0,,,,,,
20251016CL4504,2025-10-16,04,,豊橋チャリロト レース結果 （2025年10月16日）,豊橋チャリロト レース結果 （2025年10月16日）,,,Ｓ１,9,,山口　敦也,27,佐賀,,,0,0,0,0,0,0,0,0,0,0,3,,,,45,chariloto,9,0,,,,,,
20251016CL4504,2025-10-16,04,,豊橋チャリロト レース結果 （2025年10月16日）,豊橋チャリロト レース結果 （2025年10月16日）,,,Ｓ２,3,,立部　楓真,27,佐賀,,,B,0,B,0,0,0,0,0,0,0,4,,,,45,chariloto,9,0,,,,,,
20251016CL4504,2025-10-16,04,,豊橋チャリロト レース結果 （2025年10月16日）,豊橋チャリロト レース結果 （2025年10月16日）,,,Ｓ２,4,,樫山　恭柄,39,福岡,,,S,0,S,0,0,0,0,0,0,0,5,,,,45,chariloto,9,0,,,,,,
20251016CL4504,2025-10-16,04,,豊橋チャリロト レース結果 （2025年10月16日）,豊橋チャリロト レース結果 （2025年10月16日）,,,Ｓ２,5,,佐々木堅次,30,福島,,,0,0,0,0,0,0,0,0,0,0,6,,,,45,chariloto,9,0,,,,,,
20251016CL4504,2025-10-16,04,,豊橋チャリロト レース結果 （2025年10月16日）,豊橋チャリロト レース結果 （2025年10月16日）,,,Ｓ２,1,,矢野　昌彦,43,栃木,,,0,0,0,0,0,0,0,0,0,0,7,,,,45,chariloto,9,0,,,,,,
20251016CL4504,2025-10-16,04,,豊橋チャリロト レース結果 （2025年10月16日）,豊橋チャリロト レース結果 （2025年10月16日）,,,Ｓ２,8,,小嶋　敬二,55,石川,,,0,0,0,0,0,0,0,0,0,0,8,,,,45,chariloto,9,0,,,,,,
20251016CL4504,2025-10-16,04,,豊橋チャリロト レース結果 （2025年10月16日）,豊橋チャリロト レース結果 （2025年10月16日）,,,Ｓ２,6,,真鍋　顕汰,31,三重,,,0,0,0,0,0,0,0,0,0,0,9,,,,45,chariloto,9,0,,,,,,
20251016CL4505,2025-10-16,05,,豊橋チャリロト レース結果 （2025年10月16日）,豊橋チャリロト レース結果 （2025年10月16日）,,,Ｓ１,2,,長尾　拳太,32,岐阜,,,0,0,0,0,0,0,0,0,1,0,1,,,,45,chariloto,9,0,,,,,,
20251016CL4505,2025-10-16,05,,豊橋チャリロト レース結果 （2025年10月16日）,豊橋チャリロト レース結果 （2025年10月16日）,,,Ｓ２,4,,伊藤　世哉,44,三重,,,0,0,0,0,0,0,0,0,0,0,2,,,,45,chariloto,9,0,,,,,,
20251016CL4505,2025-10-16,05,,豊橋チャリロト レース結果 （2025年10月16日）,豊橋チャリロト レース結果 （2025年10月16日）,,,Ｓ２,8,,石田　拓真,24,愛知,,,B,0,B,0,0,0,0,0,0,0,3,,,,45,chariloto,9,0,,,,,,
20251016CL4505,2025-10-16,05,,豊橋チャリロト レース結果 （2025年10月16日）,豊橋チャリロト レース結果 （2025年10月16日）,,,Ｓ１,5,,中田　健太,35,埼玉,,,0,0,0,0,0,0,0,0,0,0,4,,,,45,chariloto,9,0,,,,,,
20251016CL4505,2025-10-16,05,,豊橋チャリロト レース結果 （2025年10月16日）,豊橋チャリロト レース結果 （2025年10月16日）,,,Ｓ２,7,,市橋司優人,33,福岡,,,0,0,0,0,0,0,0,0,0,0,5,,,,45,chariloto,9,0,,,,,,
20251016CL4505,2025-10-16,05,,豊橋チャリロト レース結果 （2025年10月16日）,豊橋チャリロト レース結果 （2025年10月16日）,,,Ｓ２,6,,高津　晃治,46,岡山,,,0,0,0,0,0,0,0,0,0,0,6,,,,45,chariloto,9,0,,,,,,
20251016CL4505,2025-10-16,05,,豊橋チャリロト レース結果 （2025年10月16日）,豊橋チャリロト レース結果 （2025年10月16日）,,,Ｓ２,1,,齊藤　竜也,50,神奈,,,0,0,0,0,0,0,0,0,0,0,7,,,,45,chariloto,9,0,,,,,,
20251016CL4505,2025-10-16,05,,豊橋チャリロト レース結果 （2025年10月16日）,豊橋チャリロト レース結果 （2025年10月16日）,,,Ｓ２,9,,鈴木謙太郎,40,茨城,,,0,0,0,0,0,0,0,0,0,0,8,,,,45,chariloto,9,0,,,,,,
20251016CL4505,2025-10-16,05,,豊橋チャリロト レース結果 （2025年10月16日）,豊橋チャリロト レース結果 （2025年10月16日）,,,Ｓ２,3,,浅見 隼,28,福岡,,,0,0,0,0,0,0,0,0,0,0,9,,,,45,chariloto,9,0,,,,,,
20251016CL4506,2025-10-16,06,,豊橋チャリロト レース結果 （2025年10月16日）,豊橋チャリロト レース結果 （2025年10月16日）,,,Ｓ２,8,,坂本　修一,38,岡山,,,0,0,0,0,0,0,0,0,1,0,1,,,,45,chariloto,9,0,,,,,,
20251016CL4506,2025-10-16,06,,豊橋チャリロト レース結果 （2025年10月16日）,豊橋チャリロト レース結果 （2025年10月16日）,,,Ｓ２,1,,佐々木則幸,49,高知,,,0,0,0,0,0,0,0,0,0,0,2,,,,45,chariloto,9,0,,,,,,
20251016CL4506,2025-10-16,06,,豊橋チャリロト レース結果 （2025年10月16日）,豊橋チャリロト レース結果 （2025年10月16日）,,,Ｓ１,9,,島川　将貴,31,徳島,,,B,0,B,0,0,0,0,0,0,0,3,,,,45,chariloto,9,0,,,,,,
20251016CL4506,2025-10-16,06,,豊橋チャリロト レース結果 （2025年10月16日）,豊橋チャリロト レース結果 （2025年10月16日）,,,Ｓ２,7,,蕗澤鴻太郎,30,群馬,,,0,0,0,0,0,0,0,0,0,0,4,,,,45,chariloto,9,0,,,,,,
20251016CL4506,2025-10-16,06,,豊橋チャリロト レース結果 （2025年10月16日）,豊橋チャリロト レース結果 （2025年10月16日）,,,Ｓ２,4,,佐々木和紀,28,神奈,,,0,0,0,0,0,0,0,0,0,0,5,,,,45,chariloto,9,0,,,,,,
20251016CL4506,2025-10-16,06,,豊橋チャリロト レース結果 （2025年10月16日）,豊橋チャリロト レース結果 （2025年10月16日）,,,Ｓ２,2,,藤原　憲征,46,新潟,,,0,0,0,0,0,0,0,0,0,0,6,,,,45,chariloto,9,0,,,,,,
20251016CL4506,2025-10-16,06,,豊橋チャリロト レース結果 （2025年10月16日）,豊橋チャリロト レース結果 （2025年10月16日）,,,Ｓ２,5,,伊代野貴照,44,奈良,,,0,0,0,0,0,0,0,0,0,0,7,,,,45,chariloto,9,0,,,,,,
20251016CL4506,2025-10-16,06,,豊橋チャリロト レース結果 （2025年10月16日）,豊橋チャリロト レース結果 （2025年10月16日）,,,Ｓ２,6,,佐々木省司,47,青森,,,S,0,S,0,0,0,0,0,0,0,8,,,,45,chariloto,9,0,,,,,,
20251016CL4506,2025-10-16,06,,豊橋チャリロト レース結果 （2025年10月16日）,豊橋チャリロト レース結果 （2025年10月16日）,,,Ｓ２,3,,藤井　栄二,34,兵庫,,,0,0,0,0,0,0,0,0,0,0,9,,,,45,chariloto,9,0,,,,,,
20251016CL4507,2025-10-16,07,,豊橋チャリロト レース結果 （2025年10月16日）,豊橋チャリロト レース結果 （2025年10月16日）,,,Ｓ１,2,,石塚　孝幸,45,神奈,,,0,0,0,0,0,0,0,0,1,0,1,,,,45,chariloto,9,0,,,,,,
20251016CL4507,2025-10-16,07,,豊橋チャリロト レース結果 （2025年10月16日）,豊橋チャリロト レース結果 （2025年10月16日）,,,Ｓ２,4,,三宅　裕武,44,三重,,,0,0,0,0,0,0,0,0,0,0,2,,,,45,chariloto,9,0,,,,,,
20251016CL4507,2025-10-16,07,,豊橋チャリロト レース結果 （2025年10月16日）,豊橋チャリロト レース結果 （2025年10月16日）,,,Ｓ２,1,,鈴木　伸之,45,愛知,,,0,0,0,0,0,0,0,0,0,0,3,,,,45,chariloto,9,0,,,,,,
20251016CL4507,2025-10-16,07,,豊橋チャリロト レース結果 （2025年10月16日）,豊橋チャリロト レース結果 （2025年10月16日）,,,Ｓ２,7,,簗田　一輝,29,静岡,,,0,0,0,0,0,0,0,0,0,0,4,,,,45,chariloto,9,0,,,,,,
20251016CL4507,2025-10-16,07,,豊橋チャリロト レース結果 （2025年10月16日）,豊橋チャリロト レース結果 （2025年10月16日）,,,Ｓ２,9,,内藤　久文,33,愛知,,,B,0,B,0,0,0,0,0,0,0,5,,,,45,chariloto,9,0,,,,,,
20251016CL4507,2025-10-16,07,,豊橋チャリロト レース結果 （2025年10月16日）,豊橋チャリロト レース結果 （2025年10月16日）,,,Ｓ２,5,,白戸淳太郎,52,神奈,,,0,0,0,0,0,0,0,0,0,0,6,,,,45,chariloto,9,0,,,,,,
20251016CL4507,2025-10-16,07,,豊橋チャリロト レース結果 （2025年10月16日）,豊橋チャリロト レース結果 （2025年10月16日）,,,Ｓ２,3,,佐藤　健太,37,福岡,,,S,0,S,0,0,0,0,0,0,0,7,,,,45,chariloto,9,0,,,,,,
20251016CL4507,2025-10-16,07,,豊橋チャリロト レース結果 （2025年10月16日）,豊橋チャリロト レース結果 （2025年10月16日）,,,Ｓ２,6,,山口　龍也,30,長崎,,,0,0,0,0,0,0,0,0,0,0,8,,,,45,chariloto,9,0,,,,,,
20251016CL4507,2025-10-16,07,,豊橋チャリロト レース結果 （2025年10月16日）,豊橋チャリロト レース結果 （2025年10月16日）,,,Ｓ２,8,,堀川敬太郎,24,福岡,,,0,0,0,0,0,0,0,0,0,0,9,,,,45,chariloto,9,0,,,,,,
20251016CL4508,2025-10-16,08,,豊橋チャリロト レース結果 （2025年10月16日）,豊橋チャリロト レース結果 （2025年10月16日）,,,Ｓ２,1,,小原丈一郎,27,青森,,,0,0,0,0,0,0,0,1,0,0,1,,,,45,chariloto,9,0,,,,,,
20251016CL4508,2025-10-16,08,,豊橋チャリロト レース結果 （2025年10月16日）,豊橋チャリロト レース結果 （2025年10月16日）,,,Ｓ２,9,,荒澤　貴史,46,北海,,,0,0,0,0,0,0,0,0,0,0,2,,,,45,chariloto,9,0,,,,,,
20251016CL4508,2025-10-16,08,,豊橋チャリロト レース結果 （2025年10月16日）,豊橋チャリロト レース結果 （2025年10月16日）,,,Ｓ１,2,,松川　高大,36,熊本,,,0,0,0,0,0,0,0,0,0,0,3,,,,45,chariloto,9,0,,,,,,
20251016CL4508,2025-10-16,08,,豊橋チャリロト レース結果 （2025年10月16日）,豊橋チャリロト レース結果 （2025年10月16日）,,,Ｓ２,4,,棚橋 勉,44,岡山,,,0,0,0,0,0,0,0,0,0,0,4,,,,45,chariloto,9,0,,,,,,
20251016CL4508,2025-10-16,08,,豊橋チャリロト レース結果 （2025年10月16日）,豊橋チャリロト レース結果 （2025年10月16日）,,,Ｓ２,5,,佐方　良行,44,熊本,,,0,0,0,0,0,0,0,0,0,0,5,,,,45,chariloto,9,0,,,,,,
20251016CL4508,2025-10-16,08,,豊橋チャリロト レース結果 （2025年10月16日）,豊橋チャリロト レース結果 （2025年10月16日）,,,Ｓ２,6,,藤田　昌宏,51,岡山,,,B,0,B,0,0,0,0,0,0,0,6,,,,45,chariloto,9,0,,,,,,
20251016CL4508,2025-10-16,08,,豊橋チャリロト レース結果 （2025年10月16日）,豊橋チャリロト レース結果 （2025年10月16日）,,,Ｓ２,3,,松岡　健介,47,兵庫,,,0,0,0,0,0,0,0,0,0,0,7,,,,45,chariloto,9,0,,,,,,
20251016CL4508,2025-10-16,08,,豊橋チャリロト レース結果 （2025年10月16日）,豊橋チャリロト レース結果 （2025年10月16日）,,,Ｓ１,7,,林　慶次郎,28,福岡,,,0,0,0,0,0,0,0,0,0,0,8,,,,45,chariloto,9,0,,,,,,
20251016CL4508,2025-10-16,08,,豊橋チャリロト レース結果 （2025年10月16日）,豊橋チャリロト レース結果 （2025年10月16日）,,,Ｓ１,8,,大石　崇晴,33,大阪,,,0,0,0,0,0,0,0,0,0,0,9,,,,45,chariloto,9,0,,,,,,
20251016CL4509,2025-10-16,09,,豊橋チャリロト レース結果 （2025年10月16日）,豊橋チャリロト レース結果 （2025年10月16日）,,,Ｓ１,7,,笠松　信幸,46,愛知,,,0,0,0,0,0,0,0,0,1,0,1,,,,45,chariloto,9,0,,,,,,
20251016CL4509,2025-10-16,09,,豊橋チャリロト レース結果 （2025年10月16日）,豊橋チャリロト レース結果 （2025年10月16日）,,,Ｓ２,5,,佐藤 壮,33,千葉,,,S,0,S,0,0,0,0,0,0,0,2,,,,45,chariloto,9,0,,,,,,
20251016CL4509,2025-10-16,09,,豊橋チャリロト レース結果 （2025年10月16日）,豊橋チャリロト レース結果 （2025年10月16日）,,,Ｓ２,3,,柴田　洋輔,39,東京,,,0,0,0,0,0,0,0,0,0,0,3,,,,45,chariloto,9,0,,,,,,
20251016CL4509,2025-10-16,09,,豊橋チャリロト レース結果 （2025年10月16日）,豊橋チャリロト レース結果 （2025年10月16日）,,,Ｓ２,1,,橋本　優己,25,岐阜,,,B,0,B,0,0,0,0,0,0,0,4,,,,45,chariloto,9,0,,,,,,
20251016CL4509,2025-10-16,09,,豊橋チャリロト レース結果 （2025年10月16日）,豊橋チャリロト レース結果 （2025年10月16日）,,,Ｓ２,4,,富永　益生,54,愛知,,,0,0,0,0,0,0,0,0,0,0,5,,,,45,chariloto,9,0,,,,,,
20251016CL4509,2025-10-16,09,,豊橋チャリロト レース結果 （2025年10月16日）,豊橋チャリロト レース結果 （2025年10月16日）,,,Ｓ２,2,,房州　輝也,39,福島,,,0,0,0,0,0,0,0,0,0,0,6,,,,45,chariloto,9,0,,,,,,
20251016CL4509,2025-10-16,09,,豊橋チャリロト レース結果 （2025年10月16日）,豊橋チャリロト レース結果 （2025年10月16日）,,,Ｓ２,8,,坂本　紘規,29,青森,,,0,0,0,0,0,0,0,0,0,0,7,,,,45,chariloto,9,0,,,,,,
20251016CL4509,2025-10-16,09,,豊橋チャリロト レース結果 （2025年10月16日）,豊橋チャリロト レース結果 （2025年10月16日）,,,Ｓ２,6,,伊藤慶太郎,31,埼玉,,,0,0,0,0,0,0,0,0,0,0,8,,,,45,chariloto,9,0,,,,,,
20251016CL4509,2025-10-16,09,,豊橋チャリロト レース結果 （2025年10月16日）,豊橋チャリロト レース結果 （2025年10月16日）,,,Ｓ２,9,,山中　秀将,39,千葉,,,0,0,0,0,0,0,0,0,0,0,9,,,,45,chariloto,9,0,,,,,,
20251016CL4510,2025-10-16,10,,豊橋チャリロト レース結果 （2025年10月16日）,豊橋チャリロト レース結果 （2025年10月16日）,,,Ｓ１,2,,太田　竜馬,29,徳島,,,S  B,0,S  B,0,0,0,1,0,0,0,1,,,,45,chariloto,9,0,,,,,,
20251016CL4510,2025-10-16,10,,豊橋チャリロト レース結果 （2025年10月16日）,豊橋チャリロト レース結果 （2025年10月16日）,,,Ｓ１,5,,湊 聖二,48,徳島,,,0,0,0,0,0,0,0,0,0,0,2,,,,45,chariloto,9,0,,,,,,
20251016CL4510,2025-10-16,10,,豊橋チャリロト レース結果 （2025年10月16日）,豊橋チャリロト レース結果 （2025年10月16日）,,,Ｓ１,7,,尾形　鉄馬,35,宮城,,,0,0,0,0,0,0,0,0,0,0,3,,,,45,chariloto,9,0,,,,,,
20251016CL4510,2025-10-16,10,,豊橋チャリロト レース結果 （2025年10月16日）,豊橋チャリロト レース結果 （2025年10月16日）,,,Ｓ１,3,,松岡　篤哉,43,岐阜,,,0,0,0,0,0,0,0,0,0,0,4,,,,45,chariloto,9,0,,,,,,
20251016CL4510,2025-10-16,10,,豊橋チャリロト レース結果 （2025年10月16日）,豊橋チャリロト レース結果 （2025年10月16日）,,,Ｓ２,4,,竹山　陵太,40,宮城,,,0,0,0,0,0,0,0,0,0,0,5,,,,45,chariloto,9,0,,,,,,
20251016CL4510,2025-10-16,10,,豊橋チャリロト レース結果 （2025年10月16日）,豊橋チャリロト レース結果 （2025年10月16日）,,,Ｓ２,9,,小堺　浩二,42,石川,,,0,0,0,0,0,0,0,0,0,0,6,,,,45,chariloto,9,0,,,,,,
20251016CL4510,2025-10-16,10,,豊橋チャリロト レース結果 （2025年10月16日）,豊橋チャリロト レース結果 （2025年10月16日）,,,Ｓ２,1,,後藤 悠,30,岩手,,,0,0,0,0,0,0,0,0,0,0,7,,,,45,chariloto,9,0,,,,,,
20251016CL4510,2025-10-16,10,,豊橋チャリロト レース結果 （2025年10月16日）,豊橋チャリロト レース結果 （2025年10月16日）,,,Ｓ２,8,,今野　有樹,28,愛媛,,,0,0,0,0,0,0,0,0,0,0,8,,,,45,chariloto,9,0,,,,,,
20251016CL4510,2025-10-16,10,,豊橋チャリロト レース結果 （2025年10月16日）,豊橋チャリロト レース結果 （2025年10月16日）,,,Ｓ２,6,,中村　健志,39,熊本,,,0,0,0,0,0,0,0,0,0,0,9,,,,45,chariloto,9,0,,,,,,
20251016CL4511,2025-10-16,11,,豊橋チャリロト レース結果 （2025年10月16日）,豊橋チャリロト レース結果 （2025年10月16日）,,,Ｓ２,5,,小森　貴大,35,福井,,,S  B,0,S  B,0,0,0,0,1,0,0,1,,,,45,chariloto,9,0,,,,,,
20251016CL4511,2025-10-16,11,,豊橋チャリロト レース結果 （2025年10月16日）,豊橋チャリロト レース結果 （2025年10月16日）,,,Ｓ２,1,,松田　治之,51,大阪,,,0,0,0,0,0,0,0,0,0,0,2,,,,45,chariloto,9,0,,,,,,
20251016CL4511,2025-10-16,11,,豊橋チャリロト レース結果 （2025年10月16日）,豊橋チャリロト レース結果 （2025年10月16日）,,,Ｓ２,8,,吉田　健市,48,愛知,,,0,0,0,0,0,0,0,0,0,0,3,,,,45,chariloto,9,0,,,,,,
20251016CL4511,2025-10-16,11,,豊橋チャリロト レース結果 （2025年10月16日）,豊橋チャリロト レース結果 （2025年10月16日）,,,Ｓ１,9,,海老根恵太,48,千葉,,,0,0,0,0,0,0,0,0,0,0,4,,,,45,chariloto,9,0,,,,,,
20251016CL4511,2025-10-16,11,,豊橋チャリロト レース結果 （2025年10月16日）,豊橋チャリロト レース結果 （2025年10月16日）,,,Ｓ２,7,,石川　裕二,41,茨城,,,0,0,0,0,0,0,0,0,0,0,5,,,,45,chariloto,9,0,,,,,,
20251016CL4511,2025-10-16,11,,豊橋チャリロト レース結果 （2025年10月16日）,豊橋チャリロト レース結果 （2025年10月16日）,,,Ｓ２,6,,蒋野　翔太,30,徳島,,,0,0,0,0,0,0,0,0,0,0,6,,,,45,chariloto,9,0,,,,,,
20251016CL4511,2025-10-16,11,,豊橋チャリロト レース結果 （2025年10月16日）,豊橋チャリロト レース結果 （2025年10月16日）,,,Ｓ２,3,,村上　直久,44,神奈,,,0,0,0,0,0,0,0,0,0,0,7,,,,45,chariloto,9,0,,,,,,
20251016CL4511,2025-10-16,11,,豊橋チャリロト レース結果 （2025年10月16日）,豊橋チャリロト レース結果 （2025年10月16日）,,,Ｓ２,2,,吉松　直人,44,高知,,,0,0,0,0,0,0,0,0,0,0,8,,,,45,chariloto,9,0,,,,,,
20251016CL4511,2025-10-16,11,,豊橋チャリロト レース結果 （2025年10月16日）,豊橋チャリロト レース結果 （2025年10月16日）,,,Ｓ２,4,,秋本耀太郎,27,栃木,,,0,0,0,0,0,0,0,0,0,0,9,,,,45,chariloto,9,0,,,,,,
20251016CL4512,2025-10-16,12,,豊橋チャリロト レース結果 （2025年10月16日）,豊橋チャリロト レース結果 （2025年10月16日）,,,Ｓ１,2,,志田　龍星,28,岐阜,,,S  B,0,S  B,0,0,0,0,1,0,0,1,,,,45,chariloto,9,0,,,,,,
20251016CL4512,2025-10-16,12,,豊橋チャリロト レース結果 （2025年10月16日）,豊橋チャリロト レース結果 （2025年10月16日）,,,Ｓ１,1,,吉田　有希,24,茨城,,,0,0,0,0,0,0,0,0,0,0,2,,,,45,chariloto,9,0,,,,,,
20251016CL4512,2025-10-16,12,,豊橋チャリロト レース結果 （2025年10月16日）,豊橋チャリロト レース結果 （2025年10月16日）,,,Ｓ１,8,,纐纈　洸翔,23,愛知,,,0,0,0,0,0,0,0,0,0,0,3,,,,45,chariloto,9,0,,,,,,
20251016CL4512,2025-10-16,12,,豊橋チャリロト レース結果 （2025年10月16日）,豊橋チャリロト レース結果 （2025年10月16日）,,,Ｓ１,9,,寺沼　拓摩,26,東京,,,0,0,0,0,0,0,0,0,0,0,4,,,,45,chariloto,9,0,,,,,,
20251016CL4512,2025-10-16,12,,豊橋チャリロト レース結果 （2025年10月16日）,豊橋チャリロト レース結果 （2025年10月16日）,,,Ｓ１,3,,松岡　貴久,41,熊本,,,0,0,0,0,0,0,0,0,0,0,5,,,,45,chariloto,9,0,,,,,,
20251016CL4512,2025-10-16,12,,豊橋チャリロト レース結果 （2025年10月16日）,豊橋チャリロト レース結果 （2025年10月16日）,,,Ｓ１,4,,近藤 保,43,千葉,,,0,0,0,0,0,0,0,0,0,0,6,,,,45,chariloto,9,0,,,,,,
20251016CL4512,2025-10-16,12,,豊橋チャリロト レース結果 （2025年10月16日）,豊橋チャリロト レース結果 （2025年10月16日）,,,Ｓ１,5,,脇本　勇希,26,福井,,,0,0,0,0,0,0,0,0,0,0,7,,,,45,chariloto,9,0,,,,,,
20251016CL4512,2025-10-16,12,,豊橋チャリロト レース結果 （2025年10月16日）,豊橋チャリロト レース結果 （2025年10月16日）,,,Ｓ１,7,,伏見　俊昭,49,福島,,,0,0,0,0,0,0,0,0,0,0,7,,,,45,chariloto,9,0,,,,,,
20251016CL4512,2025-10-16,12,,豊橋チャリロト レース結果 （2025年10月16日）,豊橋チャリロト レース結果 （2025年10月16日）,,,Ｓ１,6,,吉本　卓仁,41,福岡,,,0,0,0,0,0,0,0,0,0,0,9,,,,45,chariloto,9,0,,,,,,
