race_id,date,race_no,stadium,track,title,race_name,grade,class,lane_no,rider_id,rider_name,age,prefecture,score,style,backs,homes,starts,win_rate,quinella_rate,top3_rate,kimarite_nige,kimarite_makuri,kimarite_sashi,kimarite_mark,finish_pos,line_id,line_pos,gear,bank_code,source,field_size,line_count,line_pattern,start_time,weather,wind,kaizai_no,term
20240101CL2401,2024-01-01,01,,宇都宮,宇都宮競輪 レース結果 （2024年1月1日）,,,Ａ３,1,,伊藤 翼,38,神奈,,,S,0,S,0,0,0,0,1,0,0,1,,,,24,chariloto,7,0,,,,,,
20240101CL2401,2024-01-01,01,,宇都宮,宇都宮競輪 レース結果 （2024年1月1日）,,,Ａ３,4,,桂馬　将人,41,福島,,,B,0,B,0,0,0,0,0,0,0,2,,,,24,chariloto,7,0,,,,,,
20240101CL2401,2024-01-01,01,,宇都宮,宇都宮競輪 レース結果 （2024年1月1日）,,,Ａ３,7,,對馬　太陽,44,神奈,,,0,0,0,0,0,0,0,0,0,0,3,,,,24,chariloto,7,0,,,,,,
20240101CL2401,2024-01-01,01,,宇都宮,宇都宮競輪 レース結果 （2024年1月1日）,,,Ａ３,3,,長田　彰人,37,宮城,,,0,0,0,0,0,0,0,0,0,0,4,,,,24,chariloto,7,0,,,,,,
20240101CL2401,2024-01-01,01,,宇都宮,宇都宮競輪 レース結果 （2024年1月1日）,,,Ａ３,2,,廣川　貞治,56,東京,,,0,0,0,0,0,0,0,0,0,0,5,,,,24,chariloto,7,0,,,,,,
20240101CL2401,2024-01-01,01,,宇都宮,宇都宮競輪 レース結果 （2024年1月1日）,,,Ａ３,5,,佐野多喜男,44,新潟,,,0,0,0,0,0,0,0,0,0,0,6,,,,24,chariloto,7,0,,,,,,
20240101CL2401,2024-01-01,01,,宇都宮,宇都宮競輪 レース結果 （2024年1月1日）,,,Ａ３,6,,塚本 諭,47,福島,,,0,0,0,0,0,0,0,0,0,0,7,,,,24,chariloto,7,0,,,,,,
20240101CL2402,2024-01-01,02,,宇都宮,宇都宮競輪 レース結果 （2024年1月1日）,,,Ａ３,1,,駒井　大輔,48,東京,,,S  B,0,S  B,0,0,0,1,0,0,0,1,,,,24,chariloto,7,0,,,,,,
20240101CL2402,2024-01-01,02,,宇都宮,宇都宮競輪 レース結果 （2024年1月1日）,,,Ａ３,5,,鈴木　広人,39,神奈,,,0,0,0,0,0,0,0,0,0,0,2,,,,24,chariloto,7,0,,,,,,
20240101CL2402,2024-01-01,02,,宇都宮,宇都宮競輪 レース結果 （2024年1月1日）,,,Ａ３,3,,菊池　崇訓,46,栃木,,,0,0,0,0,0,0,0,0,0,0,3,,,,24,chariloto,7,0,,,,,,
20240101CL2402,2024-01-01,02,,宇都宮,宇都宮競輪 レース結果 （2024年1月1日）,,,Ａ３,7,,野崎　修一,60,栃木,,,0,0,0,0,0,0,0,0,0,0,4,,,,24,chariloto,7,0,,,,,,
20240101CL2402,2024-01-01,02,,宇都宮,宇都宮競輪 レース結果 （2024年1月1日）,,,Ａ３,2,,山田慎一郎,44,神奈,,,0,0,0,0,0,0,0,0,0,0,5,,,,24,chariloto,7,0,,,,,,
20240101CL2402,2024-01-01,02,,宇都宮,宇都宮競輪 レース結果 （2024年1月1日）,,,Ａ３,4,,黒瀬　浩一,58,静岡,,,0,0,0,0,0,0,0,0,0,0,6,,,,24,chariloto,7,0,,,,,,
20240101CL2402,2024-01-01,02,,宇都宮,宇都宮競輪 レース結果 （2024年1月1日）,,,Ａ３,6,,小酒　大司,37,福島,,,0,0,0,0,0,0,0,0,0,0,7,,,,24,chariloto,7,0,,,,,,
20240101CL2403,2024-01-01,03,,宇都宮,宇都宮競輪 レース結果 （2024年1月1日）,,,Ａ３,3,,坪内 恒,32,千葉,,,0,0,0,0,0,0,0,1,0,0,1,,,,24,chariloto,7,0,,,,,,
20240101CL2403,2024-01-01,03,,宇都宮,宇都宮競輪 レース結果 （2024年1月1日）,,,Ａ３,7,,松山　正和,52,静岡,,,S,0,S,0,0,0,0,0,0,0,2,,,,24,chariloto,7,0,,,,,,
20240101CL2403,2024-01-01,03,,宇都宮,宇都宮競輪 レース結果 （2024年1月1日）,,,Ａ３,4,,阿部 晃,43,宮城,,,0,0,0,0,0,0,0,0,0,0,3,,,,24,chariloto,7,0,,,,,,
20240101CL2403,2024-01-01,03,,宇都宮,宇都宮競輪 レース結果 （2024年1月1日）,,,Ａ３,2,,松岡　慶彦,49,栃木,,,0,0,0,0,0,0,0,0,0,0,4,,,,24,chariloto,7,0,,,,,,
20240101CL2403,2024-01-01,03,,宇都宮,宇都宮競輪 レース結果 （2024年1月1日）,,,Ａ３,6,,廣瀬　裕道,50,茨城,,,0,0,0,0,0,0,0,0,0,0,5,,,,24,chariloto,7,0,,,,,,
20240101CL2403,2024-01-01,03,,宇都宮,宇都宮競輪 レース結果 （2024年1月1日）,,,Ａ３,1,,藤原　義晴,42,岩手,,,0,0,0,0,0,0,0,0,0,0,6,,,,24,chariloto,7,0,,,,,,
20240101CL2403,2024-01-01,03,,宇都宮,宇都宮競輪 レース結果 （2024年1月1日）,,,Ａ３,5,,島田　茂希,37,北海,,,B,0,B,0,0,0,0,0,0,0,7,,,,24,chariloto,7,0,,,,,,
20240101CL2404,2024-01-01,04,,宇都宮,宇都宮競輪 レース結果 （2024年1月1日）,,,Ａ３,4,,菊地 圭,22,宮城,,,S  B,0,S  B,0,0,0,1,0,0,0,1,,,,24,chariloto,7,0,,,,,,
20240101CL2404,2024-01-01,04,,宇都宮,宇都宮競輪 レース結果 （2024年1月1日）,,,Ａ３,2,,前川　裕希,46,北海,,,0,0,0,0,0,0,0,0,0,0,2,,,,24,chariloto,7,0,,,,,,
20240101CL2404,2024-01-01,04,,宇都宮,宇都宮競輪 レース結果 （2024年1月1日）,,,Ａ３,7,,須々田大昇,51,青森,,,0,0,0,0,0,0,0,0,0,0,3,,,,24,chariloto,7,0,,,,,,
20240101CL2404,2024-01-01,04,,宇都宮,宇都宮競輪 レース結果 （2024年1月1日）,,,Ａ３,5,,土屋 宏,46,群馬,,,0,0,0,0,0,0,0,0,0,0,4,,,,24,chariloto,7,0,,,,,,
20240101CL2404,2024-01-01,04,,宇都宮,宇都宮競輪 レース結果 （2024年1月1日）,,,Ａ３,3,,中山　善仁,49,新潟,,,0,0,0,0,0,0,0,0,0,0,5,,,,24,chariloto,7,0,,,,,,
20240101CL2404,2024-01-01,04,,宇都宮,宇都宮競輪 レース結果 （2024年1月1日）,,,Ａ３,6,,菱沼　元樹,29,埼玉,,,0,0,0,0,0,0,0,0,0,0,6,,,,24,chariloto,7,0,,,,,,
20240101CL2404,2024-01-01,04,,宇都宮,宇都宮競輪 レース結果 （2024年1月1日）,,,Ａ３,1,,茂木　和臣,54,埼玉,,,0,0,0,0,0,0,0,0,0,0,7,,,,24,chariloto,7,0,,,,,,
20240101CL2405,2024-01-01,05,,宇都宮,宇都宮競輪 レース結果 （2024年1月1日）,,,Ａ３,1,,吉田　晏生,24,埼玉,,,S  B,0,S  B,0,0,0,1,0,0,0,1,,,,24,chariloto,7,0,,,,,,
20240101CL2405,2024-01-01,05,,宇都宮,宇都宮競輪 レース結果 （2024年1月1日）,,,Ａ３,5,,羽石　国臣,48,栃木,,,0,0,0,0,0,0,0,0,0,0,2,,,,24,chariloto,7,0,,,,,,
20240101CL2405,2024-01-01,05,,宇都宮,宇都宮競輪 レース結果 （2024年1月1日）,,,Ａ３,3,,内海　雅夫,45,群馬,,,0,0,0,0,0,0,0,0,0,0,3,,,,24,chariloto,7,0,,,,,,
20240101CL2405,2024-01-01,05,,宇都宮,宇都宮競輪 レース結果 （2024年1月1日）,,,Ａ３,7,,北沢　勝弘,61,栃木,,,0,0,0,0,0,0,0,0,0,0,4,,,,24,chariloto,7,0,,,,,,
20240101CL2405,2024-01-01,05,,宇都宮,宇都宮競輪 レース結果 （2024年1月1日）,,,Ａ３,2,,吉澤 賢,45,千葉,,,0,0,0,0,0,0,0,0,0,0,5,,,,24,chariloto,7,0,,,,,,
20240101CL2405,2024-01-01,05,,宇都宮,宇都宮競輪 レース結果 （2024年1月1日）,,,Ａ３,6,,岡崎　泰士,54,静岡,,,0,0,0,0,0,0,0,0,0,0,6,,,,24,chariloto,7,0,,,,,,
20240101CL2405,2024-01-01,05,,宇都宮,宇都宮競輪 レース結果 （2024年1月1日）,,,Ａ３,4,,米倉　剛志,41,千葉,,,0,0,0,0,0,0,0,0,0,0,7,,,,24,chariloto,7,0,,,,,,
20240101CL2406,2024-01-01,06,,宇都宮,宇都宮競輪 レース結果 （2024年1月1日）,,,Ｌ１,1,,増茂るるこ,32,東京,,,0,0,0,0,0,0,0,0,1,0,1,,,,24,chariloto,7,0,,,,,,
20240101CL2406,2024-01-01,06,,宇都宮,宇都宮競輪 レース結果 （2024年1月1日）,,,Ｌ１,3,,山口　伊吹,24,長崎,,,0,0,0,0,0,0,0,0,0,0,2,,,,24,chariloto,7,0,,,,,,
20240101CL2406,2024-01-01,06,,宇都宮,宇都宮競輪 レース結果 （2024年1月1日）,,,Ｌ１,6,,加瀬加奈子,43,新潟,,,B,0,B,0,0,0,0,0,0,0,3,,,,24,chariloto,7,0,,,,,,
20240101CL2406,2024-01-01,06,,宇都宮,宇都宮競輪 レース結果 （2024年1月1日）,,,Ｌ１,7,,野寺 楓,25,静岡,,,0,0,0,0,0,0,0,0,0,0,4,,,,24,chariloto,7,0,,,,,,
20240101CL2406,2024-01-01,06,,宇都宮,宇都宮競輪 レース結果 （2024年1月1日）,,,Ｌ１,4,,松本　詩乃,24,東京,,,0,0,0,0,0,0,0,0,0,0,5,,,,24,chariloto,7,0,,,,,,
20240101CL2406,2024-01-01,06,,宇都宮,宇都宮競輪 レース結果 （2024年1月1日）,,,Ｌ１,2,,高橋美沙紀,32,愛知,,,0,0,0,0,0,0,0,0,0,0,6,,,,24,chariloto,7,0,,,,,,
20240101CL2406,2024-01-01,06,,宇都宮,宇都宮競輪 レース結果 （2024年1月1日）,,,Ｌ１,5,,中瀬　由真,32,大阪,,,0,0,0,0,0,0,0,0,0,0,7,,,,24,chariloto,7,0,,,,,,
20240101CL2407,2024-01-01,07,,宇都宮,宇都宮競輪 レース結果 （2024年1月1日）,,,Ｌ１,7,,荒牧　聖未,33,栃木,,,0,0,0,0,0,0,0,0,1,0,1,,,,24,chariloto,7,0,,,,,,
20240101CL2407,2024-01-01,07,,宇都宮,宇都宮競輪 レース結果 （2024年1月1日）,,,Ｌ１,2,,畠山ひすい,21,北海,,,0,0,0,0,0,0,0,0,0,0,2,,,,24,chariloto,7,0,,,,,,
20240101CL2407,2024-01-01,07,,宇都宮,宇都宮競輪 レース結果 （2024年1月1日）,,,Ｌ１,6,,熊谷　芽緯,20,岩手,,,S  B,0,S  B,0,0,0,0,0,0,0,3,,,,24,chariloto,7,0,,,,,,
20240101CL2407,2024-01-01,07,,宇都宮,宇都宮競輪 レース結果 （2024年1月1日）,,,Ｌ１,3,,下条　未悠,23,富山,,,0,0,0,0,0,0,0,0,0,0,4,,,,24,chariloto,7,0,,,,,,
20240101CL2407,2024-01-01,07,,宇都宮,宇都宮競輪 レース結果 （2024年1月1日）,,,Ｌ１,5,,新井　美菜,24,埼玉,,,0,0,0,0,0,0,0,0,0,0,5,,,,24,chariloto,7,0,,,,,,
20240101CL2407,2024-01-01,07,,宇都宮,宇都宮競輪 レース結果 （2024年1月1日）,,,Ｌ１,4,,福田　礼佳,28,熊本,,,0,0,0,0,0,0,0,0,0,0,6,,,,24,chariloto,7,0,,,,,,
20240101CL2407,2024-01-01,07,,宇都宮,宇都宮競輪 レース結果 （2024年1月1日）,,,Ｌ１,1,,奈良岡彩子,33,神奈,,,0,0,0,0,0,0,0,0,0,0,7,,,,24,chariloto,7,0,,,,,,
20240101CL2408,2024-01-01,08,,宇都宮,宇都宮競輪 レース結果 （2024年1月1日）,,,Ａ２,5,,小玉　勇一,29,埼玉,,,0,0,0,0,0,0,0,1,0,0,1,,,,24,chariloto,7,0,,,,,,
20240101CL2408,2024-01-01,08,,宇都宮,宇都宮競輪 レース結果 （2024年1月1日）,,,Ａ１,2,,佐藤　政利,41,新潟,,,S,0,S,0,0,0,0,0,0,0,2,,,,24,chariloto,7,0,,,,,,
20240101CL2408,2024-01-01,08,,宇都宮,宇都宮競輪 レース結果 （2024年1月1日）,,,Ａ１,1,,成清謙二郎,40,千葉,,,0,0,0,0,0,0,0,0,0,0,3,,,,24,chariloto,7,0,,,,,,
20240101CL2408,2024-01-01,08,,宇都宮,宇都宮競輪 レース結果 （2024年1月1日）,,,Ａ１,4,,平田 徹,48,静岡,,,0,0,0,0,0,0,0,0,0,0,4,,,,24,chariloto,7,0,,,,,,
20240101CL2408,2024-01-01,08,,宇都宮,宇都宮競輪 レース結果 （2024年1月1日）,,,Ａ２,7,,伊藤　一貴,51,栃木,,,0,0,0,0,0,0,0,0,0,0,5,,,,24,chariloto,7,0,,,,,,
20240101CL2408,2024-01-01,08,,宇都宮,宇都宮競輪 レース結果 （2024年1月1日）,,,Ａ２,6,,丸山　勝也,44,静岡,,,0,0,0,0,0,0,0,0,0,0,6,,,,24,chariloto,7,0,,,,,,
20240101CL2408,2024-01-01,08,,宇都宮,宇都宮競輪 レース結果 （2024年1月1日）,,,Ａ２,3,,荻原　寿嗣,29,北海,,,B,0,B,0,0,0,0,0,0,0,7,,,,24,chariloto,7,0,,,,,,
20240101CL2409,2024-01-01,09,,宇都宮,宇都宮競輪 レース結果 （2024年1月1日）,,,Ａ２,2,,小坂 丈,28,茨城,,,S  B,0,S  B,0,0,0,1,0,0,0,1,,,,24,chariloto,7,0,,,,,,
20240101CL2409,2024-01-01,09,,宇都宮,宇都宮競輪 レース結果 （2024年1月1日）,,,Ａ２,7,,篠崎　高志,51,栃木,,,0,0,0,0,0,0,0,0,0,0,2,,,,24,chariloto,7,0,,,,,,
20240101CL2409,2024-01-01,09,,宇都宮,宇都宮競輪 レース結果 （2024年1月1日）,,,Ａ２,1,,煤賀　隆幸,48,秋田,,,0,0,0,0,0,0,0,0,0,0,3,,,,24,chariloto,7,0,,,,,,
20240101CL2409,2024-01-01,09,,宇都宮,宇都宮競輪 レース結果 （2024年1月1日）,,,Ａ１,3,,野村　純宏,47,神奈,,,0,0,0,0,0,0,0,0,0,0,4,,,,24,chariloto,7,0,,,,,,
20240101CL2409,2024-01-01,09,,宇都宮,宇都宮競輪 レース結果 （2024年1月1日）,,,Ａ２,4,,渡邉　藤男,57,栃木,,,0,0,0,0,0,0,0,0,0,0,5,,,,24,chariloto,7,0,,,,,,
20240101CL2409,2024-01-01,09,,宇都宮,宇都宮競輪 レース結果 （2024年1月1日）,,,Ａ２,6,,林 邦彦,50,千葉,,,0,0,0,0,0,0,0,0,0,0,6,,,,24,chariloto,7,0,,,,,,
20240101CL2409,2024-01-01,09,,宇都宮,宇都宮競輪 レース結果 （2024年1月1日）,,,Ａ２,5,,田中　誇士,30,静岡,,,0,0,0,0,0,0,0,0,0,0,7,,,,24,chariloto,7,0,,,,,,
20240101CL2410,2024-01-01,10,,宇都宮,宇都宮競輪 レース結果 （2024年1月1日）,,,Ａ１,3,,金澤　幸司,38,福島,,,0,0,0,0,0,0,0,0,1,0,1,,,,24,chariloto,7,0,,,,,,
20240101CL2410,2024-01-01,10,,宇都宮,宇都宮競輪 レース結果 （2024年1月1日）,,,Ａ１,4,,菊池 翔,29,福島,,,0,0,0,0,0,0,0,0,0,0,2,,,,24,chariloto,7,0,,,,,,
20240101CL2410,2024-01-01,10,,宇都宮,宇都宮競輪 レース結果 （2024年1月1日）,,,Ａ２,1,,井上　雄三,40,埼玉,,,S,0,S,0,0,0,0,0,0,0,3,,,,24,chariloto,7,0,,,,,,
20240101CL2410,2024-01-01,10,,宇都宮,宇都宮競輪 レース結果 （2024年1月1日）,,,Ａ２,2,,薮田　貴幸,36,茨城,,,0,0,0,0,0,0,0,0,0,0,4,,,,24,chariloto,7,0,,,,,,
20240101CL2410,2024-01-01,10,,宇都宮,宇都宮競輪 レース結果 （2024年1月1日）,,,Ａ２,5,,横田　政直,37,群馬,,,B,0,B,0,0,0,0,0,0,0,5,,,,24,chariloto,7,0,,,,,,
20240101CL2410,2024-01-01,10,,宇都宮,宇都宮競輪 レース結果 （2024年1月1日）,,,Ａ２,7,,中野 良,48,北海,,,0,0,0,0,0,0,0,0,0,0,6,,,,24,chariloto,7,0,,,,,,
20240101CL2410,2024-01-01,10,,宇都宮,宇都宮競輪 レース結果 （2024年1月1日）,,,Ａ２,6,,長崎　達也,42,神奈,,,0,0,0,0,0,0,0,0,0,0,失,,,,24,chariloto,7,0,,,,,,
20240101CL2411,2024-01-01,11,,宇都宮,宇都宮競輪 レース結果 （2024年1月1日）,,,Ａ１,7,,宮下　一歩,31,長野,,,B,0,B,0,0,0,0,1,0,0,1,,,,24,chariloto,7,0,,,,,,
20240101CL2411,2024-01-01,11,,宇都宮,宇都宮競輪 レース結果 （2024年1月1日）,,,Ａ１,4,,北村　貴幸,52,群馬,,,0,0,0,0,0,0,0,0,0,0,2,,,,24,chariloto,7,0,,,,,,
20240101CL2411,2024-01-01,11,,宇都宮,宇都宮競輪 レース結果 （2024年1月1日）,,,Ａ１,2,,小島　雅章,48,埼玉,,,0,0,0,0,0,0,0,0,0,0,3,,,,24,chariloto,7,0,,,,,,
20240101CL2411,2024-01-01,11,,宇都宮,宇都宮競輪 レース結果 （2024年1月1日）,,,Ａ２,6,,相澤　恵一,36,宮城,,,0,0,0,0,0,0,0,0,0,0,4,,,,24,chariloto,7,0,,,,,,
20240101CL2411,2024-01-01,11,,宇都宮,宇都宮競輪 レース結果 （2024年1月1日）,,,Ａ１,1,,田原　宥明,33,北海,,,S,0,S,0,0,0,0,0,0,0,5,,,,24,chariloto,7,0,,,,,,
20240101CL2411,2024-01-01,11,,宇都宮,宇都宮競輪 レース結果 （2024年1月1日）,,,Ａ２,5,,櫻川　雅彦,39,千葉,,,0,0,0,0,0,0,0,0,0,0,6,,,,24,chariloto,7,0,,,,,,
20240101CL2411,2024-01-01,11,,宇都宮,宇都宮競輪 レース結果 （2024年1月1日）,,,Ａ２,3,,斯波　雅貴,54,静岡,,,0,0,0,0,0,0,0,0,0,0,7,,,,24,chariloto,7,0,,,,,,
20240101CL2412,2024-01-01,12,,宇都宮,宇都宮競輪 レース結果 （2024年1月1日）,,,Ａ１,2,,佐々木和紀,26,神奈,,,0,0,0,0,0,0,0,0,1,0,1,,,,24,chariloto,7,0,,,,,,
20240101CL2412,2024-01-01,12,,宇都宮,宇都宮競輪 レース結果 （2024年1月1日）,,,Ａ１,4,,藤田　周磨,26,埼玉,,,B,0,B,0,0,0,0,0,0,0,2,,,,24,chariloto,7,0,,,,,,
20240101CL2412,2024-01-01,12,,宇都宮,宇都宮競輪 レース結果 （2024年1月1日）,,,Ａ１,5,,内山　雅貴,28,静岡,,,0,0,0,0,0,0,0,0,0,0,3,,,,24,chariloto,7,0,,,,,,
20240101CL2412,2024-01-01,12,,宇都宮,宇都宮競輪 レース結果 （2024年1月1日）,,,Ａ１,6,,田頭　寛之,35,千葉,,,0,0,0,0,0,0,0,0,0,0,4,,,,24,chariloto,7,0,,,,,,
20240101CL2412,2024-01-01,12,,宇都宮,宇都宮競輪 レース結果 （2024年1月1日）,,,Ａ１,1,,高塩　讓次,40,栃木,,,S,0,S,0,0,0,0,0,0,0,5,,,,24,chariloto,7,0,,,,,,
20240101CL2412,2024-01-01,12,,宇都宮,宇都宮競輪 レース結果 （2024年1月1日）,,,Ａ１,7,,大矢　将大,44,埼玉,,,0,0,0,0,0,0,0,0,0,0,6,,,,24,chariloto,7,0,,,,,,
20240101CL2412,2024-01-01,12,,宇都宮,宇都宮競輪 レース結果 （2024年1月1日）,,,Ａ１,3,,鈴木　良太,46,静岡,,,0,0,0,0,0,0,0,0,0,0,7,,,,24,chariloto,7,0,,,,,,
20240101CL2701,2024-01-01,01,,京王閣,京王閣競輪 レース結果 （2024年1月1日）,,,Ａ１,2,,太田　将成,27,宮城,,,0,0,0,0,0,0,0,1,0,0,1,,,,27,chariloto,7,0,,,,,,
20240101CL2701,2024-01-01,01,,京王閣,京王閣競輪 レース結果 （2024年1月1日）,,,Ａ１,5,,金子　兼久,46,宮城,,,0,0,0,0,0,0,0,0,0,0,2,,,,27,chariloto,7,0,,,,,,
20240101CL2701,2024-01-01,01,,京王閣,京王閣競輪 レース結果 （2024年1月1日）,,,Ａ２,3,,藤岡　徹也,35,兵庫,,,S,0,S,0,0,0,0,0,0,0,3,,,,27,chariloto,7,0,,,,,,
20240101CL2701,2024-01-01,01,,京王閣,京王閣競輪 レース結果 （2024年1月1日）,,,Ａ２,1,,齋藤　一茂,35,群馬,,,B,0,B,0,0,0,0,0,0,0,4,,,,27,chariloto,7,0,,,,,,
20240101CL2701,2024-01-01,01,,京王閣,京王閣競輪 レース結果 （2024年1月1日）,,,Ａ１,7,,太田　真一,48,埼玉,,,0,0,0,0,0,0,0,0,0,0,5,,,,27,chariloto,7,0,,,,,,
20240101CL2701,2024-01-01,01,,京王閣,京王閣競輪 レース結果 （2024年1月1日）,,,Ａ２,4,,飯島 淳,47,東京,,,0,0,0,0,0,0,0,0,0,0,6,,,,27,chariloto,7,0,,,,,,
20240101CL2701,2024-01-01,01,,京王閣,京王閣競輪 レース結果 （2024年1月1日）,,,Ａ２,6,,岡崎　和久,47,奈良,,,0,0,0,0,0,0,0,0,0,0,7,,,,27,chariloto,7,0,,,,,,
20240101CL2702,2024-01-01,02,,京王閣,京王閣競輪 レース結果 （2024年1月1日）,,,Ａ２,4,,井上　公利,42,宮城,,,0,0,0,0,0,0,0,1,0,0,1,,,,27,chariloto,7,0,,,,,,
20240101CL2702,2024-01-01,02,,京王閣,京王閣競輪 レース結果 （2024年1月1日）,,,Ａ１,2,,山田　雅之,51,岐阜,,,0,0,0,0,0,0,0,0,0,0,2,,,,27,chariloto,7,0,,,,,,
20240101CL2702,2024-01-01,02,,京王閣,京王閣競輪 レース結果 （2024年1月1日）,,,Ａ１,1,,大崎　和也,36,青森,,,S,0,S,0,0,0,0,0,0,0,3,,,,27,chariloto,7,0,,,,,,
20240101CL2702,2024-01-01,02,,京王閣,京王閣競輪 レース結果 （2024年1月1日）,,,Ａ２,7,,山崎 晃,38,石川,,,B,0,B,0,0,0,0,0,0,0,4,,,,27,chariloto,7,0,,,,,,
20240101CL2702,2024-01-01,02,,京王閣,京王閣競輪 レース結果 （2024年1月1日）,,,Ａ２,5,,安達　隆己,27,栃木,,,0,0,0,0,0,0,0,0,0,0,5,,,,27,chariloto,7,0,,,,,,
20240101CL2702,2024-01-01,02,,京王閣,京王閣競輪 レース結果 （2024年1月1日）,,,Ａ２,3,,若林　耕司,43,群馬,,,0,0,0,0,0,0,0,0,0,0,6,,,,27,chariloto,7,0,,,,,,
20240101CL2702,2024-01-01,02,,京王閣,京王閣競輪 レース結果 （2024年1月1日）,,,Ａ２,6,,吉野 猛,50,愛知,,,0,0,0,0,0,0,0,0,0,0,7,,,,27,chariloto,7,0,,,,,,
20240101CL2703,2024-01-01,03,,京王閣,京王閣競輪 レース結果 （2024年1月1日）,,,Ａ１,4,,佐藤 亙,44,愛知,,,0,0,0,0,0,0,0,0,1,0,1,,,,27,chariloto,7,0,,,,,,
20240101CL2703,2024-01-01,03,,京王閣,京王閣競輪 レース結果 （2024年1月1日）,,,Ａ１,1,,丹波　孝佑,35,大阪,,,S  B,0,S  B,0,0,0,0,0,0,0,2,,,,27,chariloto,7,0,,,,,,
20240101CL2703,2024-01-01,03,,京王閣,京王閣競輪 レース結果 （2024年1月1日）,,,Ａ１,5,,眞原　健一,50,神奈,,,0,0,0,0,0,0,0,0,0,0,3,,,,27,chariloto,7,0,,,,,,
20240101CL2703,2024-01-01,03,,京王閣,京王閣競輪 レース結果 （2024年1月1日）,,,Ａ２,6,,安藤　宜明,53,神奈,,,0,0,0,0,0,0,0,0,0,0,4,,,,27,chariloto,7,0,,,,,,
20240101CL2703,2024-01-01,03,,京王閣,京王閣競輪 レース結果 （2024年1月1日）,,,Ａ２,3,,黒崎　直行,57,栃木,,,0,0,0,0,0,0,0,0,0,0,5,,,,27,chariloto,7,0,,,,,,
20240101CL2703,2024-01-01,03,,京王閣,京王閣競輪 レース結果 （2024年1月1日）,,,Ａ２,7,,鈴木　宏章,48,栃木,,,0,0,0,0,0,0,0,0,0,0,6,,,,27,chariloto,7,0,,,,,,
20240101CL2703,2024-01-01,03,,京王閣,京王閣競輪 レース結果 （2024年1月1日）,,,Ａ２,2,,松本　一成,48,新潟,,,0,0,0,0,0,0,0,0,0,0,7,,,,27,chariloto,7,0,,,,,,
20240101CL2704,2024-01-01,04,,京王閣,京王閣競輪 レース結果 （2024年1月1日）,,,Ａ１,7,,内藤　久文,31,愛知,,,0,0,0,0,0,0,0,1,0,0,1,,,,27,chariloto,7,0,,,,,,
20240101CL2704,2024-01-01,04,,京王閣,京王閣競輪 レース結果 （2024年1月1日）,,,Ａ１,1,,古川　宗行,37,東京,,,S,0,S,0,0,0,0,0,0,0,2,,,,27,chariloto,7,0,,,,,,
20240101CL2704,2024-01-01,04,,京王閣,京王閣競輪 レース結果 （2024年1月1日）,,,Ａ２,3,,山内　大作,48,静岡,,,0,0,0,0,0,0,0,0,0,0,3,,,,27,chariloto,7,0,,,,,,
20240101CL2704,2024-01-01,04,,京王閣,京王閣競輪 レース結果 （2024年1月1日）,,,Ａ２,2,,坂本　昌宏,39,青森,,,0,0,0,0,0,0,0,0,0,0,4,,,,27,chariloto,7,0,,,,,,
20240101CL2704,2024-01-01,04,,京王閣,京王閣競輪 レース結果 （2024年1月1日）,,,Ａ２,6,,竹内　優也,43,北海,,,0,0,0,0,0,0,0,0,0,0,5,,,,27,chariloto,7,0,,,,,,
20240101CL2704,2024-01-01,04,,京王閣,京王閣競輪 レース結果 （2024年1月1日）,,,Ａ２,5,,勝俣 亮,46,神奈,,,B,0,B,0,0,0,0,0,0,0,6,,,,27,chariloto,7,0,,,,,,
20240101CL2704,2024-01-01,04,,京王閣,京王閣競輪 レース結果 （2024年1月1日）,,,Ａ１,4,,佐山　俊樹,33,埼玉,,,0,0,0,0,0,0,0,0,0,0,落,,,,27,chariloto,7,0,,,,,,
20240101CL2705,2024-01-01,05,,京王閣,京王閣競輪 レース結果 （2024年1月1日）,,,Ａ１,1,,山田　幸司,52,神奈,,,0,0,0,0,0,0,0,0,1,0,1,,,,27,chariloto,7,0,,,,,,
20240101CL2705,2024-01-01,05,,京王閣,京王閣競輪 レース結果 （2024年1月1日）,,,Ａ１,7,,岡本　英之,44,千葉,,,0,0,0,0,0,0,0,0,0,0,2,,,,27,chariloto,7,0,,,,,,
20240101CL2705,2024-01-01,05,,京王閣,京王閣競輪 レース結果 （2024年1月1日）,,,Ａ１,6,,堀 政美,54,茨城,,,0,0,0,0,0,0,0,0,0,0,3,,,,27,chariloto,7,0,,,,,,
20240101CL2705,2024-01-01,05,,京王閣,京王閣競輪 レース結果 （2024年1月1日）,,,Ａ１,5,,本多　哲也,35,千葉,,,B,0,B,0,0,0,0,0,0,0,4,,,,27,chariloto,7,0,,,,,,
20240101CL2705,2024-01-01,05,,京王閣,京王閣競輪 レース結果 （2024年1月1日）,,,Ａ１,3,,城 幸弘,37,山梨,,,0,0,0,0,0,0,0,0,0,0,5,,,,27,chariloto,7,0,,,,,,
20240101CL2705,2024-01-01,05,,京王閣,京王閣競輪 レース結果 （2024年1月1日）,,,Ａ１,4,,佐山　寛明,36,奈良,,,0,0,0,0,0,0,0,0,0,0,6,,,,27,chariloto,7,0,,,,,,
20240101CL2705,2024-01-01,05,,京王閣,京王閣競輪 レース結果 （2024年1月1日）,,,Ａ１,2,,冨尾　享平,38,大阪,,,S,0,S,0,0,0,0,0,0,0,7,,,,27,chariloto,7,0,,,,,,
20240101CL2706,2024-01-01,06,,京王閣,京王閣競輪 レース結果 （2024年1月1日）,,,Ｓ２,4,,寺沼　拓摩,24,東京,,,B,0,B,0,0,0,1,0,0,0,1,,,,27,chariloto,6,0,,,,,,
20240101CL2706,2024-01-01,06,,京王閣,京王閣競輪 レース結果 （2024年1月1日）,,,Ｓ２,1,,鈴木 薫,24,東京,,,S,0,S,0,0,0,0,0,0,0,2,,,,27,chariloto,6,0,,,,,,
20240101CL2706,2024-01-01,06,,京王閣,京王閣競輪 レース結果 （2024年1月1日）,,,Ｓ２,5,,大槻　寛徳,44,宮城,,,0,0,0,0,0,0,0,0,0,0,3,,,,27,chariloto,6,0,,,,,,
20240101CL2706,2024-01-01,06,,京王閣,京王閣競輪 レース結果 （2024年1月1日）,,,Ｓ２,6,,矢島　一弥,38,群馬,,,0,0,0,0,0,0,0,0,0,0,4,,,,27,chariloto,6,0,,,,,,
20240101CL2706,2024-01-01,06,,京王閣,京王閣競輪 レース結果 （2024年1月1日）,,,Ｓ２,2,,泉 慶輔,33,宮城,,,0,0,0,0,0,0,0,0,0,0,5,,,,27,chariloto,6,0,,,,,,
20240101CL2706,2024-01-01,06,,京王閣,京王閣競輪 レース結果 （2024年1月1日）,,,Ｓ２,3,,真船圭一郎,35,福島,,,0,0,0,0,0,0,0,0,0,0,落,,,,27,chariloto,6,0,,,,,,
20240101CL2707,2024-01-01,07,,京王閣,京王閣競輪 レース結果 （2024年1月1日）,,,Ｓ２,1,,川村　晃司,47,京都,,,0,0,0,0,0,0,0,1,0,0,1,,,,27,chariloto,6,0,,,,,,
20240101CL2707,2024-01-01,07,,京王閣,京王閣競輪 レース結果 （2024年1月1日）,,,Ｓ２,5,,北野　武史,51,石川,,,0,0,0,0,0,0,0,0,0,0,2,,,,27,chariloto,6,0,,,,,,
20240101CL2707,2024-01-01,07,,京王閣,京王閣競輪 レース結果 （2024年1月1日）,,,Ｓ２,3,,岡 光良,42,埼玉,,,0,0,0,0,0,0,0,0,0,0,3,,,,27,chariloto,6,0,,,,,,
20240101CL2707,2024-01-01,07,,京王閣,京王閣競輪 レース結果 （2024年1月1日）,,,Ｓ２,2,,相澤　政宏,44,宮城,,,S,0,S,0,0,0,0,0,0,0,4,,,,27,chariloto,6,0,,,,,,
20240101CL2707,2024-01-01,07,,京王閣,京王閣競輪 レース結果 （2024年1月1日）,,,Ｓ２,6,,小笠原昭太,47,青森,,,0,0,0,0,0,0,0,0,0,0,5,,,,27,chariloto,6,0,,,,,,
20240101CL2707,2024-01-01,07,,京王閣,京王閣競輪 レース結果 （2024年1月1日）,,,Ｓ２,4,,吉田　昌司,26,茨城,,,B,0,B,0,0,0,0,0,0,0,6,,,,27,chariloto,6,0,,,,,,
20240101CL2708,2024-01-01,08,,京王閣,京王閣競輪 レース結果 （2024年1月1日）,,,Ｓ２,5,,村田　祐樹,25,富山,,,S  B,0,S  B,0,0,0,1,0,0,0,1,,,,27,chariloto,7,0,,,,,,
20240101CL2708,2024-01-01,08,,京王閣,京王閣競輪 レース結果 （2024年1月1日）,,,Ｓ２,2,,山口　泰生,42,岐阜,,,0,0,0,0,0,0,0,0,0,0,2,,,,27,chariloto,7,0,,,,,,
20240101CL2708,2024-01-01,08,,京王閣,京王閣競輪 レース結果 （2024年1月1日）,,,Ｓ２,7,,鈴木　庸之,38,新潟,,,0,0,0,0,0,0,0,0,0,0,3,,,,27,chariloto,7,0,,,,,,
20240101CL2708,2024-01-01,08,,京王閣,京王閣競輪 レース結果 （2024年1月1日）,,,Ｓ２,1,,宿口　潤平,41,埼玉,,,0,0,0,0,0,0,0,0,0,0,4,,,,27,chariloto,7,0,,,,,,
20240101CL2708,2024-01-01,08,,京王閣,京王閣競輪 レース結果 （2024年1月1日）,,,Ｓ２,6,,小野　裕次,35,千葉,,,0,0,0,0,0,0,0,0,0,0,5,,,,27,chariloto,7,0,,,,,,
20240101CL2708,2024-01-01,08,,京王閣,京王閣競輪 レース結果 （2024年1月1日）,,,Ｓ２,4,,尾崎 剛,46,埼玉,,,0,0,0,0,0,0,0,0,0,0,6,,,,27,chariloto,7,0,,,,,,
20240101CL2708,2024-01-01,08,,京王閣,京王閣競輪 レース結果 （2024年1月1日）,,,Ｓ２,3,,坂本　匡洋,40,大阪,,,0,0,0,0,0,0,0,0,0,0,7,,,,27,chariloto,7,0,,,,,,
20240101CL2709,2024-01-01,09,,京王閣,京王閣競輪 レース結果 （2024年1月1日）,,,Ｓ２,7,,佐藤 壮,32,千葉,,,S,0,S,0,0,0,0,0,1,0,1,,,,27,chariloto,7,0,,,,,,
20240101CL2709,2024-01-01,09,,京王閣,京王閣競輪 レース結果 （2024年1月1日）,,,Ｓ２,5,,新村 穣,30,神奈,,,B,0,B,0,0,0,0,0,0,0,2,,,,27,chariloto,7,0,,,,,,
20240101CL2709,2024-01-01,09,,京王閣,京王閣競輪 レース結果 （2024年1月1日）,,,Ｓ２,3,,渡邉　晴智,50,静岡,,,0,0,0,0,0,0,0,0,0,0,3,,,,27,chariloto,7,0,,,,,,
20240101CL2709,2024-01-01,09,,京王閣,京王閣競輪 レース結果 （2024年1月1日）,,,Ｓ１,4,,菊地　圭尚,43,北海,,,0,0,0,0,0,0,0,0,0,0,4,,,,27,chariloto,7,0,,,,,,
20240101CL2709,2024-01-01,09,,京王閣,京王閣競輪 レース結果 （2024年1月1日）,,,Ｓ２,1,,坂本　周輝,32,青森,,,0,0,0,0,0,0,0,0,0,0,5,,,,27,chariloto,7,0,,,,,,
20240101CL2709,2024-01-01,09,,京王閣,京王閣競輪 レース結果 （2024年1月1日）,,,Ｓ２,6,,長井　妙樹,35,東京,,,0,0,0,0,0,0,0,0,0,0,6,,,,27,chariloto,7,0,,,,,,
20240101CL2709,2024-01-01,09,,京王閣,京王閣競輪 レース結果 （2024年1月1日）,,,Ｓ２,2,,山口　多聞,22,埼玉,,,0,0,0,0,0,0,0,0,0,0,7,,,,27,chariloto,7,0,,,,,,
20240101CL2710,2024-01-01,10,,京王閣,京王閣競輪 レース結果 （2024年1月1日）,,,Ｓ１,1,,佐藤　礼文,32,茨城,,,0,0,0,0,0,0,0,0,1,0,1,,,,27,chariloto,7,0,,,,,,
20240101CL2710,2024-01-01,10,,京王閣,京王閣競輪 レース結果 （2024年1月1日）,,,Ｓ１,5,,鈴木　輝大,28,東京,,,B,0,B,0,0,0,0,0,0,0,2,,,,27,chariloto,7,0,,,,,,
20240101CL2710,2024-01-01,10,,京王閣,京王閣競輪 レース結果 （2024年1月1日）,,,Ｓ１,3,,萩原　孝之,46,静岡,,,0,0,0,0,0,0,0,0,0,0,3,,,,27,chariloto,7,0,,,,,,
20240101CL2710,2024-01-01,10,,京王閣,京王閣競輪 レース結果 （2024年1月1日）,,,Ｓ２,4,,酒井　拳蔵,27,大阪,,,0,0,0,0,0,0,0,0,0,0,4,,,,27,chariloto,7,0,,,,,,
20240101CL2710,2024-01-01,10,,京王閣,京王閣競輪 レース結果 （2024年1月1日）,,,Ｓ２,6,,原田　亮太,27,千葉,,,0,0,0,0,0,0,0,0,0,0,5,,,,27,chariloto,7,0,,,,,,
20240101CL2710,2024-01-01,10,,京王閣,京王閣競輪 レース結果 （2024年1月1日）,,,Ｓ２,2,,内山　貴裕,35,京都,,,S,0,S,0,0,0,0,0,0,0,6,,,,27,chariloto,7,0,,,,,,
20240101CL2710,2024-01-01,10,,京王閣,京王閣競輪 レース結果 （2024年1月1日）,,,Ｓ２,7,,鰐淵　圭佑,40,群馬,,,0,0,0,0,0,0,0,0,0,0,6,,,,27,chariloto,7,0,,,,,,
20240101CL2711,2024-01-01,11,,京王閣,京王閣競輪 レース結果 （2024年1月1日）,,,Ｓ２,3,,中田　雄喜,36,福島,,,0,0,0,0,0,0,0,0,1,0,1,,,,27,chariloto,7,0,,,,,,
20240101CL2711,2024-01-01,11,,京王閣,京王閣競輪 レース結果 （2024年1月1日）,,,Ｓ１,5,,野口　裕史,40,千葉,,,B,0,B,0,0,0,0,0,0,0,2,,,,27,chariloto,7,0,,,,,,
20240101CL2711,2024-01-01,11,,京王閣,京王閣競輪 レース結果 （2024年1月1日）,,,Ｓ１,2,,柿澤　大貴,34,長野,,,S,0,S,0,0,0,0,0,0,0,3,,,,27,chariloto,7,0,,,,,,
20240101CL2711,2024-01-01,11,,京王閣,京王閣競輪 レース結果 （2024年1月1日）,,,Ｓ２,4,,杉山　悠也,40,秋田,,,0,0,0,0,0,0,0,0,0,0,4,,,,27,chariloto,7,0,,,,,,
20240101CL2711,2024-01-01,11,,京王閣,京王閣競輪 レース結果 （2024年1月1日）,,,Ｓ２,6,,梁島　邦友,24,茨城,,,0,0,0,0,0,0,0,0,0,0,5,,,,27,chariloto,7,0,,,,,,
20240101CL2711,2024-01-01,11,,京王閣,京王閣競輪 レース結果 （2024年1月1日）,,,Ｓ２,7,,小島 歩,34,神奈,,,0,0,0,0,0,0,0,0,0,0,6,,,,27,chariloto,7,0,,,,,,
20240101CL2711,2024-01-01,11,,京王閣,京王閣競輪 レース結果 （2024年1月1日）,,,Ｓ２,1,,大塚 玲,42,神奈,,,0,0,0,0,0,0,0,0,0,0,7,,,,27,chariloto,7,0,,,,,,
20240101CL2712,2024-01-01,12,,京王閣,京王閣競輪 レース結果 （2024年1月1日）,,,Ｓ１,6,,福田　知也,41,神奈,,,0,0,0,0,0,0,0,0,1,0,1,,,,27,chariloto,7,0,,,,,,
20240101CL2712,2024-01-01,12,,京王閣,京王閣競輪 レース結果 （2024年1月1日）,,,Ｓ１,5,,長島　大介,34,栃木,,,B,0,B,0,0,0,0,0,0,0,2,,,,27,chariloto,7,0,,,,,,
20240101CL2712,2024-01-01,12,,京王閣,京王閣競輪 レース結果 （2024年1月1日）,,,Ｓ１,2,,竹内　智彦,46,宮城,,,0,0,0,0,0,0,0,0,0,0,3,,,,27,chariloto,7,0,,,,,,
20240101CL2712,2024-01-01,12,,京王閣,京王閣競輪 レース結果 （2024年1月1日）,,,Ｓ１,7,,神山　拓弥,36,栃木,,,S,0,S,0,0,0,0,0,0,0,4,,,,27,chariloto,7,0,,,,,,
20240101CL2712,2024-01-01,12,,京王閣,京王閣競輪 レース結果 （2024年1月1日）,,,Ｓ１,3,,吉澤　純平,38,茨城,,,0,0,0,0,0,0,0,0,0,0,5,,,,27,chariloto,7,0,,,,,,
20240101CL2712,2024-01-01,12,,京王閣,京王閣競輪 レース結果 （2024年1月1日）,,,Ｓ１,1,,窓場千加頼,32,京都,,,0,0,0,0,0,0,0,0,0,0,6,,,,27,chariloto,7,0,,,,,,
20240101CL2712,2024-01-01,12,,京王閣,京王閣競輪 レース結果 （2024年1月1日）,,,Ｓ１,4,,村田　雅一,39,兵庫,,,0,0,0,0,0,0,0,0,0,0,7,,,,27,chariloto,7,0,,,,,,
20240101CL3501,2024-01-01,01,,平塚チャリロト レース結果 （2024年1月1日）,平塚チャリロト レース結果 （2024年1月1日）,,,Ａ２,1,,山根　慶太,24,岡山,,,0,0,0,0,0,0,0,1,0,0,1,,,,35,chariloto,7,0,,,,,,
20240101CL3501,2024-01-01,01,,平塚チャリロト レース結果 （2024年1月1日）,平塚チャリロト レース結果 （2024年1月1日）,,,Ａ１,3,,坂本　晃輝,44,佐賀,,,0,0,0,0,0,0,0,0,0,0,2,,,,35,chariloto,7,0,,,,,,
20240101CL3501,2024-01-01,01,,平塚チャリロト レース結果 （2024年1月1日）,平塚チャリロト レース結果 （2024年1月1日）,,,Ａ２,6,,竹内　真一,42,福岡,,,0,0,0,0,0,0,0,0,0,0,3,,,,35,chariloto,7,0,,,,,,
20240101CL3501,2024-01-01,01,,平塚チャリロト レース結果 （2024年1月1日）,平塚チャリロト レース結果 （2024年1月1日）,,,Ａ１,4,,泉 文人,33,福島,,,0,0,0,0,0,0,0,0,0,0,4,,,,35,chariloto,7,0,,,,,,
20240101CL3501,2024-01-01,01,,平塚チャリロト レース結果 （2024年1月1日）,平塚チャリロト レース結果 （2024年1月1日）,,,Ａ２,2,,吉竹　尚城,30,静岡,,,0,0,0,0,0,0,0,0,0,0,5,,,,35,chariloto,7,0,,,,,,
20240101CL3501,2024-01-01,01,,平塚チャリロト レース結果 （2024年1月1日）,平塚チャリロト レース結果 （2024年1月1日）,,,Ａ２,7,,山田　祐太,35,福島,,,B,0,B,0,0,0,0,0,0,0,6,,,,35,chariloto,7,0,,,,,,
20240101CL3501,2024-01-01,01,,平塚チャリロト レース結果 （2024年1月1日）,平塚チャリロト レース結果 （2024年1月1日）,,,Ａ２,5,,安坂　洋一,47,神奈,,,0,0,0,0,0,0,0,0,0,0,7,,,,35,chariloto,7,0,,,,,,
20240101CL3502,2024-01-01,02,,平塚チャリロト レース結果 （2024年1月1日）,平塚チャリロト レース結果 （2024年1月1日）,,,Ａ２,5,,才迫　勇馬,34,広島,,,S,0,S,0,0,0,0,0,1,0,1,,,,35,chariloto,7,0,,,,,,
20240101CL3502,2024-01-01,02,,平塚チャリロト レース結果 （2024年1月1日）,平塚チャリロト レース結果 （2024年1月1日）,,,Ａ１,7,,三澤　康人,38,宮城,,,0,0,0,0,0,0,0,0,0,0,2,,,,35,chariloto,7,0,,,,,,
20240101CL3502,2024-01-01,02,,平塚チャリロト レース結果 （2024年1月1日）,平塚チャリロト レース結果 （2024年1月1日）,,,Ａ１,4,,高井　流星,28,岡山,,,B,0,B,0,0,0,0,0,0,0,3,,,,35,chariloto,7,0,,,,,,
20240101CL3502,2024-01-01,02,,平塚チャリロト レース結果 （2024年1月1日）,平塚チャリロト レース結果 （2024年1月1日）,,,Ａ２,3,,吉松　賢二,38,群馬,,,0,0,0,0,0,0,0,0,0,0,4,,,,35,chariloto,7,0,,,,,,
20240101CL3502,2024-01-01,02,,平塚チャリロト レース結果 （2024年1月1日）,平塚チャリロト レース結果 （2024年1月1日）,,,Ａ２,2,,佐々木孝司,44,青森,,,0,0,0,0,0,0,0,0,0,0,5,,,,35,chariloto,7,0,,,,,,
20240101CL3502,2024-01-01,02,,平塚チャリロト レース結果 （2024年1月1日）,平塚チャリロト レース結果 （2024年1月1日）,,,Ａ２,1,,山田　隼司,37,岐阜,,,0,0,0,0,0,0,0,0,0,0,6,,,,35,chariloto,7,0,,,,,,
20240101CL3502,2024-01-01,02,,平塚チャリロト レース結果 （2024年1月1日）,平塚チャリロト レース結果 （2024年1月1日）,,,Ａ２,6,,中村　秀幸,56,高知,,,0,0,0,0,0,0,0,0,0,0,7,,,,35,chariloto,7,0,,,,,,
20240101CL3503,2024-01-01,03,,平塚チャリロト レース結果 （2024年1月1日）,平塚チャリロト レース結果 （2024年1月1日）,,,Ａ２,4,,中曽　直彦,51,千葉,,,0,0,0,0,0,0,0,0,1,0,1,,,,35,chariloto,7,0,,,,,,
20240101CL3503,2024-01-01,03,,平塚チャリロト レース結果 （2024年1月1日）,平塚チャリロト レース結果 （2024年1月1日）,,,Ａ２,1,,三ッ井　武,38,神奈,,,S,0,S,0,0,0,0,0,0,0,2,,,,35,chariloto,7,0,,,,,,
20240101CL3503,2024-01-01,03,,平塚チャリロト レース結果 （2024年1月1日）,平塚チャリロト レース結果 （2024年1月1日）,,,Ａ２,3,,北川　紋部,49,福井,,,0,0,0,0,0,0,0,0,0,0,3,,,,35,chariloto,7,0,,,,,,
20240101CL3503,2024-01-01,03,,平塚チャリロト レース結果 （2024年1月1日）,平塚チャリロト レース結果 （2024年1月1日）,,,Ａ１,7,,山崎　光展,37,京都,,,0,0,0,0,0,0,0,0,0,0,4,,,,35,chariloto,7,0,,,,,,
20240101CL3503,2024-01-01,03,,平塚チャリロト レース結果 （2024年1月1日）,平塚チャリロト レース結果 （2024年1月1日）,,,Ａ１,6,,塚本　瑠羽,26,神奈,,,B,0,B,0,0,0,0,0,0,0,5,,,,35,chariloto,7,0,,,,,,
20240101CL3503,2024-01-01,03,,平塚チャリロト レース結果 （2024年1月1日）,平塚チャリロト レース結果 （2024年1月1日）,,,Ａ２,2,,林 洋二,47,岐阜,,,0,0,0,0,0,0,0,0,0,0,6,,,,35,chariloto,7,0,,,,,,
20240101CL3503,2024-01-01,03,,平塚チャリロト レース結果 （2024年1月1日）,平塚チャリロト レース結果 （2024年1月1日）,,,Ａ１,5,,勝谷　勝治,33,三重,,,0,0,0,0,0,0,0,0,0,0,7,,,,35,chariloto,7,0,,,,,,
20240101CL3504,2024-01-01,04,,平塚チャリロト レース結果 （2024年1月1日）,平塚チャリロト レース結果 （2024年1月1日）,,,Ａ２,4,,安倍　大成,25,埼玉,,,S,0,S,0,0,0,0,1,0,0,1,,,,35,chariloto,7,0,,,,,,
20240101CL3504,2024-01-01,04,,平塚チャリロト レース結果 （2024年1月1日）,平塚チャリロト レース結果 （2024年1月1日）,,,Ａ２,1,,新井　剛央,45,埼玉,,,0,0,0,0,0,0,0,0,0,0,2,,,,35,chariloto,7,0,,,,,,
20240101CL3504,2024-01-01,04,,平塚チャリロト レース結果 （2024年1月1日）,平塚チャリロト レース結果 （2024年1月1日）,,,Ａ２,5,,外崎　一成,36,北海,,,0,0,0,0,0,0,0,0,0,0,3,,,,35,chariloto,7,0,,,,,,
20240101CL3504,2024-01-01,04,,平塚チャリロト レース結果 （2024年1月1日）,平塚チャリロト レース結果 （2024年1月1日）,,,Ａ２,7,,佐藤　有輝,45,神奈,,,0,0,0,0,0,0,0,0,0,0,4,,,,35,chariloto,7,0,,,,,,
20240101CL3504,2024-01-01,04,,平塚チャリロト レース結果 （2024年1月1日）,平塚チャリロト レース結果 （2024年1月1日）,,,Ａ１,6,,宮崎　一彰,48,高知,,,B,0,B,0,0,0,0,0,0,0,5,,,,35,chariloto,7,0,,,,,,
20240101CL3504,2024-01-01,04,,平塚チャリロト レース結果 （2024年1月1日）,平塚チャリロト レース結果 （2024年1月1日）,,,Ａ１,2,,佐伯　辰哉,27,広島,,,0,0,0,0,0,0,0,0,0,0,6,,,,35,chariloto,7,0,,,,,,
20240101CL3504,2024-01-01,04,,平塚チャリロト レース結果 （2024年1月1日）,平塚チャリロト レース結果 （2024年1月1日）,,,Ａ１,3,,引地　正人,43,秋田,,,0,0,0,0,0,0,0,0,0,0,7,,,,35,chariloto,7,0,,,,,,
20240101CL3505,2024-01-01,05,,平塚チャリロト レース結果 （2024年1月1日）,平塚チャリロト レース結果 （2024年1月1日）,,,Ａ１,5,,室井蓮太朗,22,徳島,,,S  B,0,S  B,0,0,0,1,0,0,0,1,,,,35,chariloto,7,0,,,,,,
20240101CL3505,2024-01-01,05,,平塚チャリロト レース結果 （2024年1月1日）,平塚チャリロト レース結果 （2024年1月1日）,,,Ａ１,7,,原田　泰志,37,新潟,,,0,0,0,0,0,0,0,0,0,0,2,,,,35,chariloto,7,0,,,,,,
20240101CL3505,2024-01-01,05,,平塚チャリロト レース結果 （2024年1月1日）,平塚チャリロト レース結果 （2024年1月1日）,,,Ａ１,1,,房州　輝也,37,福島,,,0,0,0,0,0,0,0,0,0,0,3,,,,35,chariloto,7,0,,,,,,
20240101CL3505,2024-01-01,05,,平塚チャリロト レース結果 （2024年1月1日）,平塚チャリロト レース結果 （2024年1月1日）,,,Ａ１,3,,伊豆田浩人,44,神奈,,,0,0,0,0,0,0,0,0,0,0,4,,,,35,chariloto,7,0,,,,,,
20240101CL3505,2024-01-01,05,,平塚チャリロト レース結果 （2024年1月1日）,平塚チャリロト レース結果 （2024年1月1日）,,,Ａ１,6,,浦川　尊明,47,茨城,,,0,0,0,0,0,0,0,0,0,0,5,,,,35,chariloto,7,0,,,,,,
20240101CL3505,2024-01-01,05,,平塚チャリロト レース結果 （2024年1月1日）,平塚チャリロト レース結果 （2024年1月1日）,,,Ａ１,2,,佐藤　成人,49,奈良,,,0,0,0,0,0,0,0,0,0,0,6,,,,35,chariloto,7,0,,,,,,
20240101CL3505,2024-01-01,05,,平塚チャリロト レース結果 （2024年1月1日）,平塚チャリロト レース結果 （2024年1月1日）,,,Ａ１,4,,藤井　準也,29,岐阜,,,0,0,0,0,0,0,0,0,0,0,7,,,,35,chariloto,7,0,,,,,,
20240101CL3506,2024-01-01,06,,平塚チャリロト レース結果 （2024年1月1日）,平塚チャリロト レース結果 （2024年1月1日）,,,Ｓ１,5,,三谷　将太,38,奈良,,,0,0,0,0,0,0,0,0,1,0,1,,,,35,chariloto,7,0,,,,,,
20240101CL3506,2024-01-01,06,,平塚チャリロト レース結果 （2024年1月1日）,平塚チャリロト レース結果 （2024年1月1日）,,,Ｓ１,7,,室井　健一,53,徳島,,,0,0,0,0,0,0,0,0,0,0,2,,,,35,chariloto,7,0,,,,,,
20240101CL3506,2024-01-01,06,,平塚チャリロト レース結果 （2024年1月1日）,平塚チャリロト レース結果 （2024年1月1日）,,,Ｓ２,6,,山崎　将幸,36,宮城,,,0,0,0,0,0,0,0,0,0,0,3,,,,35,chariloto,7,0,,,,,,
20240101CL3506,2024-01-01,06,,平塚チャリロト レース結果 （2024年1月1日）,平塚チャリロト レース結果 （2024年1月1日）,,,Ｓ２,3,,庄子　信弘,44,宮城,,,0,0,0,0,0,0,0,0,0,0,4,,,,35,chariloto,7,0,,,,,,
20240101CL3506,2024-01-01,06,,平塚チャリロト レース結果 （2024年1月1日）,平塚チャリロト レース結果 （2024年1月1日）,,,Ｓ２,1,,真鍋　顕汰,29,三重,,,S  B,0,S  B,0,0,0,0,0,0,0,5,,,,35,chariloto,7,0,,,,,,
20240101CL3506,2024-01-01,06,,平塚チャリロト レース結果 （2024年1月1日）,平塚チャリロト レース結果 （2024年1月1日）,,,Ｓ１,4,,根本　哲吏,37,秋田,,,0,0,0,0,0,0,0,0,0,0,6,,,,35,chariloto,7,0,,,,,,
20240101CL3506,2024-01-01,06,,平塚チャリロト レース結果 （2024年1月1日）,平塚チャリロト レース結果 （2024年1月1日）,,,Ｓ２,2,,寺沼　伊織,25,東京,,,0,0,0,0,0,0,0,0,0,0,7,,,,35,chariloto,7,0,,,,,,
20240101CL3507,2024-01-01,07,,平塚チャリロト レース結果 （2024年1月1日）,平塚チャリロト レース結果 （2024年1月1日）,,,Ｓ１,4,,松岡　貴久,39,熊本,,,0,0,0,0,0,0,0,0,1,0,1,,,,35,chariloto,7,0,,,,,,
20240101CL3507,2024-01-01,07,,平塚チャリロト レース結果 （2024年1月1日）,平塚チャリロト レース結果 （2024年1月1日）,,,Ｓ２,3,,松尾信太郎,40,福岡,,,0,0,0,0,0,0,0,0,0,0,2,,,,35,chariloto,7,0,,,,,,
20240101CL3507,2024-01-01,07,,平塚チャリロト レース結果 （2024年1月1日）,平塚チャリロト レース結果 （2024年1月1日）,,,Ｓ１,5,,道場　晃規,26,静岡,,,B,0,B,0,0,0,0,0,0,0,3,,,,35,chariloto,7,0,,,,,,
20240101CL3507,2024-01-01,07,,平塚チャリロト レース結果 （2024年1月1日）,平塚チャリロト レース結果 （2024年1月1日）,,,Ｓ２,1,,佐藤　龍二,35,神奈,,,S,0,S,0,0,0,0,0,0,0,4,,,,35,chariloto,7,0,,,,,,
20240101CL3507,2024-01-01,07,,平塚チャリロト レース結果 （2024年1月1日）,平塚チャリロト レース結果 （2024年1月1日）,,,Ｓ２,6,,関根健太郎,33,神奈,,,0,0,0,0,0,0,0,0,0,0,5,,,,35,chariloto,7,0,,,,,,
20240101CL3507,2024-01-01,07,,平塚チャリロト レース結果 （2024年1月1日）,平塚チャリロト レース結果 （2024年1月1日）,,,Ｓ２,2,,阿久津　修,43,栃木,,,0,0,0,0,0,0,0,0,0,0,6,,,,35,chariloto,7,0,,,,,,
20240101CL3507,2024-01-01,07,,平塚チャリロト レース結果 （2024年1月1日）,平塚チャリロト レース結果 （2024年1月1日）,,,Ｓ２,7,,中村　隆生,23,栃木,,,0,0,0,0,0,0,0,0,0,0,7,,,,35,chariloto,7,0,,,,,,
20240101CL3508,2024-01-01,08,,平塚チャリロト レース結果 （2024年1月1日）,平塚チャリロト レース結果 （2024年1月1日）,,,Ｓ１,3,,谷口　遼平,29,三重,,,B,0,B,0,0,0,1,0,0,0,1,,,,35,chariloto,7,0,,,,,,
20240101CL3508,2024-01-01,08,,平塚チャリロト レース結果 （2024年1月1日）,平塚チャリロト レース結果 （2024年1月1日）,,,Ｓ２,7,,渡辺　十夢,43,福井,,,0,0,0,0,0,0,0,0,0,0,2,,,,35,chariloto,7,0,,,,,,
20240101CL3508,2024-01-01,08,,平塚チャリロト レース結果 （2024年1月1日）,平塚チャリロト レース結果 （2024年1月1日）,,,Ｓ２,1,,田中　勇二,36,岡山,,,S,0,S,0,0,0,0,0,0,0,3,,,,35,chariloto,7,0,,,,,,
20240101CL3508,2024-01-01,08,,平塚チャリロト レース結果 （2024年1月1日）,平塚チャリロト レース結果 （2024年1月1日）,,,Ｓ２,2,,坂本　周作,31,青森,,,0,0,0,0,0,0,0,0,0,0,4,,,,35,chariloto,7,0,,,,,,
20240101CL3508,2024-01-01,08,,平塚チャリロト レース結果 （2024年1月1日）,平塚チャリロト レース結果 （2024年1月1日）,,,Ｓ２,4,,佐藤　真一,49,東京,,,0,0,0,0,0,0,0,0,0,0,5,,,,35,chariloto,7,0,,,,,,
20240101CL3508,2024-01-01,08,,平塚チャリロト レース結果 （2024年1月1日）,平塚チャリロト レース結果 （2024年1月1日）,,,Ｓ２,6,,長井　優斗,36,東京,,,0,0,0,0,0,0,0,0,0,0,6,,,,35,chariloto,7,0,,,,,,
20240101CL3508,2024-01-01,08,,平塚チャリロト レース結果 （2024年1月1日）,平塚チャリロト レース結果 （2024年1月1日）,,,Ｓ２,5,,高市　訓但,35,愛媛,,,0,0,0,0,0,0,0,0,0,0,7,,,,35,chariloto,7,0,,,,,,
20240101CL3509,2024-01-01,09,,平塚チャリロト レース結果 （2024年1月1日）,平塚チャリロト レース結果 （2024年1月1日）,,,Ｓ２,2,,松坂　洋平,41,神奈,,,0,0,0,0,0,0,0,0,1,0,1,,,,35,chariloto,7,0,,,,,,
20240101CL3509,2024-01-01,09,,平塚チャリロト レース結果 （2024年1月1日）,平塚チャリロト レース結果 （2024年1月1日）,,,Ｓ１,5,,中井　太祐,34,奈良,,,0,0,0,0,0,0,0,0,0,0,2,,,,35,chariloto,7,0,,,,,,
20240101CL3509,2024-01-01,09,,平塚チャリロト レース結果 （2024年1月1日）,平塚チャリロト レース結果 （2024年1月1日）,,,Ｓ２,1,,藤井　昭吾,37,滋賀,,,0,0,0,0,0,0,0,0,0,0,3,,,,35,chariloto,7,0,,,,,,
20240101CL3509,2024-01-01,09,,平塚チャリロト レース結果 （2024年1月1日）,平塚チャリロト レース結果 （2024年1月1日）,,,Ｓ２,7,,武井　大介,43,千葉,,,S,0,S,0,0,0,0,0,0,0,4,,,,35,chariloto,7,0,,,,,,
20240101CL3509,2024-01-01,09,,平塚チャリロト レース結果 （2024年1月1日）,平塚チャリロト レース結果 （2024年1月1日）,,,Ｓ２,4,,堀江　省吾,26,長野,,,B,0,B,0,0,0,0,0,0,0,5,,,,35,chariloto,7,0,,,,,,
20240101CL3509,2024-01-01,09,,平塚チャリロト レース結果 （2024年1月1日）,平塚チャリロト レース結果 （2024年1月1日）,,,Ｓ２,3,,佐藤　雅春,36,宮城,,,0,0,0,0,0,0,0,0,0,0,6,,,,35,chariloto,7,0,,,,,,
20240101CL3509,2024-01-01,09,,平塚チャリロト レース結果 （2024年1月1日）,平塚チャリロト レース結果 （2024年1月1日）,,,Ｓ２,6,,磯島　康祐,31,青森,,,0,0,0,0,0,0,0,0,0,0,7,,,,35,chariloto,7,0,,,,,,
20240101CL3510,2024-01-01,10,,平塚チャリロト レース結果 （2024年1月1日）,平塚チャリロト レース結果 （2024年1月1日）,,,Ｓ２,1,,堤 洋,48,徳島,,,0,0,0,0,0,0,0,0,1,0,1,,,,35,chariloto,7,0,,,,,,
20240101CL3510,2024-01-01,10,,平塚チャリロト レース結果 （2024年1月1日）,平塚チャリロト レース結果 （2024年1月1日）,,,Ｓ２,7,,久田　裕也,24,徳島,,,B,0,B,0,0,0,0,0,0,0,2,,,,35,chariloto,7,0,,,,,,
20240101CL3510,2024-01-01,10,,平塚チャリロト レース結果 （2024年1月1日）,平塚チャリロト レース結果 （2024年1月1日）,,,Ｓ２,5,,大崎飛雄馬,45,愛媛,,,S,0,S,0,0,0,0,0,0,0,3,,,,35,chariloto,7,0,,,,,,
20240101CL3510,2024-01-01,10,,平塚チャリロト レース結果 （2024年1月1日）,平塚チャリロト レース結果 （2024年1月1日）,,,Ｓ２,4,,長尾　拳太,30,岐阜,,,0,0,0,0,0,0,0,0,0,0,4,,,,35,chariloto,7,0,,,,,,
20240101CL3510,2024-01-01,10,,平塚チャリロト レース結果 （2024年1月1日）,平塚チャリロト レース結果 （2024年1月1日）,,,Ｓ２,2,,荒澤　貴史,45,北海,,,0,0,0,0,0,0,0,0,0,0,5,,,,35,chariloto,7,0,,,,,,
20240101CL3510,2024-01-01,10,,平塚チャリロト レース結果 （2024年1月1日）,平塚チャリロト レース結果 （2024年1月1日）,,,Ｓ２,3,,鈴木　幸紀,47,三重,,,0,0,0,0,0,0,0,0,0,0,6,,,,35,chariloto,7,0,,,,,,
20240101CL3510,2024-01-01,10,,平塚チャリロト レース結果 （2024年1月1日）,平塚チャリロト レース結果 （2024年1月1日）,,,Ｓ２,6,,花田　将司,37,千葉,,,0,0,0,0,0,0,0,0,0,0,7,,,,35,chariloto,7,0,,,,,,
20240101CL3511,2024-01-01,11,,平塚チャリロト レース結果 （2024年1月1日）,平塚チャリロト レース結果 （2024年1月1日）,,,Ｓ２,2,,永澤 剛,38,青森,,,0,0,0,0,0,0,0,0,1,0,1,,,,35,chariloto,7,0,,,,,,
20240101CL3511,2024-01-01,11,,平塚チャリロト レース結果 （2024年1月1日）,平塚チャリロト レース結果 （2024年1月1日）,,,Ｓ１,7,,吉田　拓矢,28,茨城,,,0,0,0,0,0,0,0,0,0,0,2,,,,35,chariloto,7,0,,,,,,
20240101CL3511,2024-01-01,11,,平塚チャリロト レース結果 （2024年1月1日）,平塚チャリロト レース結果 （2024年1月1日）,,,Ｓ２,6,,大野　悟郎,44,大分,,,0,0,0,0,0,0,0,0,0,0,3,,,,35,chariloto,7,0,,,,,,
20240101CL3511,2024-01-01,11,,平塚チャリロト レース結果 （2024年1月1日）,平塚チャリロト レース結果 （2024年1月1日）,,,Ｓ２,5,,木村　幸希,31,広島,,,0,0,0,0,0,0,0,0,0,0,4,,,,35,chariloto,7,0,,,,,,
20240101CL3511,2024-01-01,11,,平塚チャリロト レース結果 （2024年1月1日）,平塚チャリロト レース結果 （2024年1月1日）,,,Ｓ２,4,,伊藤　大志,44,青森,,,0,0,0,0,0,0,0,0,0,0,5,,,,35,chariloto,7,0,,,,,,
20240101CL3511,2024-01-01,11,,平塚チャリロト レース結果 （2024年1月1日）,平塚チャリロト レース結果 （2024年1月1日）,,,Ｓ２,3,,大屋　健司,42,広島,,,0,0,0,0,0,0,0,0,0,0,6,,,,35,chariloto,7,0,,,,,,
20240101CL3511,2024-01-01,11,,平塚チャリロト レース結果 （2024年1月1日）,平塚チャリロト レース結果 （2024年1月1日）,,,Ｓ２,1,,森山　智徳,40,熊本,,,S  B,0,S  B,0,0,0,0,0,0,0,7,,,,35,chariloto,7,0,,,,,,
20240101CL3512,2024-01-01,12,,平塚チャリロト レース結果 （2024年1月1日）,平塚チャリロト レース結果 （2024年1月1日）,,,Ｓ１,7,,町田　太我,23,広島,,,B,0,B,0,0,0,1,0,0,0,1,,,,35,chariloto,7,0,,,,,,
20240101CL3512,2024-01-01,12,,平塚チャリロト レース結果 （2024年1月1日）,平塚チャリロト レース結果 （2024年1月1日）,,,Ｓ１,1,,佐々木　龍,33,神奈,,,S,0,S,0,0,0,0,0,0,0,2,,,,35,chariloto,7,0,,,,,,
20240101CL3512,2024-01-01,12,,平塚チャリロト レース結果 （2024年1月1日）,平塚チャリロト レース結果 （2024年1月1日）,,,Ｓ１,6,,武田　豊樹,49,茨城,,,0,0,0,0,0,0,0,0,0,0,3,,,,35,chariloto,7,0,,,,,,
20240101CL3512,2024-01-01,12,,平塚チャリロト レース結果 （2024年1月1日）,平塚チャリロト レース結果 （2024年1月1日）,,,Ｓ１,5,,内藤　秀久,41,神奈,,,0,0,0,0,0,0,0,0,0,0,4,,,,35,chariloto,7,0,,,,,,
20240101CL3512,2024-01-01,12,,平塚チャリロト レース結果 （2024年1月1日）,平塚チャリロト レース結果 （2024年1月1日）,,,Ｓ１,2,,守澤　太志,38,秋田,,,0,0,0,0,0,0,0,0,0,0,5,,,,35,chariloto,7,0,,,,,,
20240101CL3512,2024-01-01,12,,平塚チャリロト レース結果 （2024年1月1日）,平塚チャリロト レース結果 （2024年1月1日）,,,Ｓ１,4,,伊藤 旭,23,熊本,,,0,0,0,0,0,0,0,0,0,0,6,,,,35,chariloto,7,0,,,,,,
20240101CL3512,2024-01-01,12,,平塚チャリロト レース結果 （2024年1月1日）,平塚チャリロト レース結果 （2024年1月1日）,,,Ｓ１,3,,野田　源一,45,福岡,,,0,0,0,0,0,0,0,0,0,0,7,,,,35,chariloto,7,0,,,,,,
20240101CL4401,2024-01-01,01,,大垣,大垣競輪 レース結果 （2024年1月1日）,,,Ａ２,5,,塚本　貴雄,52,岐阜,,,0,0,0,0,0,0,0,0,1,0,1,,,,44,chariloto,6,0,,,,,,
20240101CL4401,2024-01-01,01,,大垣,大垣競輪 レース結果 （2024年1月1日）,,,Ａ２,1,,山田　純也,35,岐阜,,,S  B,0,S  B,0,0,0,0,0,0,0,2,,,,44,chariloto,6,0,,,,,,
20240101CL4401,2024-01-01,01,,大垣,大垣競輪 レース結果 （2024年1月1日）,,,Ａ２,2,,西巻　秀太,39,新潟,,,0,0,0,0,0,0,0,0,0,0,3,,,,44,chariloto,6,0,,,,,,
20240101CL4401,2024-01-01,01,,大垣,大垣競輪 レース結果 （2024年1月1日）,,,Ａ１,6,,手島　志誠,45,群馬,,,0,0,0,0,0,0,0,0,0,0,4,,,,44,chariloto,6,0,,,,,,
20240101CL4401,2024-01-01,01,,大垣,大垣競輪 レース結果 （2024年1月1日）,,,Ａ２,3,,阿部　英光,41,宮城,,,0,0,0,0,0,0,0,0,0,0,5,,,,44,chariloto,6,0,,,,,,
20240101CL4401,2024-01-01,01,,大垣,大垣競輪 レース結果 （2024年1月1日）,,,Ａ２,4,,中川　博文,56,福井,,,0,0,0,0,0,0,0,0,0,0,6,,,,44,chariloto,6,0,,,,,,
20240101CL4402,2024-01-01,02,,大垣,大垣競輪 レース結果 （2024年1月1日）,,,Ａ２,2,,田中　雅史,47,愛知,,,B,0,B,0,0,0,1,0,0,0,1,,,,44,chariloto,6,0,,,,,,
20240101CL4402,2024-01-01,02,,大垣,大垣競輪 レース結果 （2024年1月1日）,,,Ａ２,6,,根藤　浩二,37,千葉,,,0,0,0,0,0,0,0,0,0,0,2,,,,44,chariloto,6,0,,,,,,
20240101CL4402,2024-01-01,02,,大垣,大垣競輪 レース結果 （2024年1月1日）,,,Ａ１,4,,高橋　秀吉,40,秋田,,,0,0,0,0,0,0,0,0,0,0,3,,,,44,chariloto,6,0,,,,,,
20240101CL4402,2024-01-01,02,,大垣,大垣競輪 レース結果 （2024年1月1日）,,,Ａ１,1,,山口 茂,44,福島,,,S,0,S,0,0,0,0,0,0,0,4,,,,44,chariloto,6,0,,,,,,
20240101CL4402,2024-01-01,02,,大垣,大垣競輪 レース結果 （2024年1月1日）,,,Ａ２,5,,三浦 靖,59,岐阜,,,0,0,0,0,0,0,0,0,0,0,5,,,,44,chariloto,6,0,,,,,,
20240101CL4402,2024-01-01,02,,大垣,大垣競輪 レース結果 （2024年1月1日）,,,Ａ２,3,,竜門　孝宗,37,兵庫,,,0,0,0,0,0,0,0,0,0,0,6,,,,44,chariloto,6,0,,,,,,
20240101CL4403,2024-01-01,03,,大垣,大垣競輪 レース結果 （2024年1月1日）,,,Ａ１,1,,上田 隼,34,岐阜,,,0,0,0,0,0,0,0,0,1,0,1,,,,44,chariloto,7,0,,,,,,
20240101CL4403,2024-01-01,03,,大垣,大垣競輪 レース結果 （2024年1月1日）,,,Ａ２,5,,枠元　一葵,24,福井,,,B,0,B,0,0,0,0,0,0,0,2,,,,44,chariloto,7,0,,,,,,
20240101CL4403,2024-01-01,03,,大垣,大垣競輪 レース結果 （2024年1月1日）,,,Ａ１,4,,成清　貴之,50,千葉,,,0,0,0,0,0,0,0,0,0,0,3,,,,44,chariloto,7,0,,,,,,
20240101CL4403,2024-01-01,03,,大垣,大垣競輪 レース結果 （2024年1月1日）,,,Ａ２,3,,宇賀神浩幸,49,栃木,,,0,0,0,0,0,0,0,0,0,0,4,,,,44,chariloto,7,0,,,,,,
20240101CL4403,2024-01-01,03,,大垣,大垣競輪 レース結果 （2024年1月1日）,,,Ａ２,6,,遠藤　勝行,49,静岡,,,0,0,0,0,0,0,0,0,0,0,5,,,,44,chariloto,7,0,,,,,,
20240101CL4403,2024-01-01,03,,大垣,大垣競輪 レース結果 （2024年1月1日）,,,Ａ２,7,,小峰 烈,43,長野,,,0,0,0,0,0,0,0,0,0,0,6,,,,44,chariloto,7,0,,,,,,
20240101CL4403,2024-01-01,03,,大垣,大垣競輪 レース結果 （2024年1月1日）,,,Ａ１,2,,金田　涼馬,25,神奈,,,S,0,S,0,0,0,0,0,0,0,7,,,,44,chariloto,7,0,,,,,,
20240101CL4404,2024-01-01,04,,大垣,大垣競輪 レース結果 （2024年1月1日）,,,Ａ１,1,,中村　一将,47,兵庫,,,B,0,B,0,0,0,1,0,0,0,1,,,,44,chariloto,7,0,,,,,,
20240101CL4404,2024-01-01,04,,大垣,大垣競輪 レース結果 （2024年1月1日）,,,Ａ１,6,,森田　康嗣,42,北海,,,S,0,S,0,0,0,0,0,0,0,2,,,,44,chariloto,7,0,,,,,,
20240101CL4404,2024-01-01,04,,大垣,大垣競輪 レース結果 （2024年1月1日）,,,Ａ１,3,,荻野 哲,49,神奈,,,0,0,0,0,0,0,0,0,0,0,3,,,,44,chariloto,7,0,,,,,,
20240101CL4404,2024-01-01,04,,大垣,大垣競輪 レース結果 （2024年1月1日）,,,Ａ１,7,,西村 豊,43,三重,,,0,0,0,0,0,0,0,0,0,0,4,,,,44,chariloto,7,0,,,,,,
20240101CL4404,2024-01-01,04,,大垣,大垣競輪 レース結果 （2024年1月1日）,,,Ａ１,5,,山崎　敦雄,51,静岡,,,0,0,0,0,0,0,0,0,0,0,5,,,,44,chariloto,7,0,,,,,,
20240101CL4404,2024-01-01,04,,大垣,大垣競輪 レース結果 （2024年1月1日）,,,Ａ１,2,,岡部　芳幸,53,福島,,,0,0,0,0,0,0,0,0,0,0,6,,,,44,chariloto,7,0,,,,,,
20240101CL4404,2024-01-01,04,,大垣,大垣競輪 レース結果 （2024年1月1日）,,,Ａ１,4,,宗景　祐樹,47,栃木,,,0,0,0,0,0,0,0,0,0,0,7,,,,44,chariloto,7,0,,,,,,
20240101CL4405,2024-01-01,05,,大垣,大垣競輪 レース結果 （2024年1月1日）,,,Ａ２,1,,篠田　幸希,24,群馬,,,0,0,0,0,0,0,0,1,0,0,1,,,,44,chariloto,7,0,,,,,,
20240101CL4405,2024-01-01,05,,大垣,大垣競輪 レース結果 （2024年1月1日）,,,Ａ１,5,,野間 司,37,茨城,,,0,0,0,0,0,0,0,0,0,0,2,,,,44,chariloto,7,0,,,,,,
20240101CL4405,2024-01-01,05,,大垣,大垣競輪 レース結果 （2024年1月1日）,,,Ａ２,4,,伊藤 奎,25,福島,,,B,0,B,0,0,0,0,0,0,0,3,,,,44,chariloto,7,0,,,,,,
20240101CL4405,2024-01-01,05,,大垣,大垣競輪 レース結果 （2024年1月1日）,,,Ａ１,3,,出澤　拓也,32,神奈,,,0,0,0,0,0,0,0,0,0,0,4,,,,44,chariloto,7,0,,,,,,
20240101CL4405,2024-01-01,05,,大垣,大垣競輪 レース結果 （2024年1月1日）,,,Ａ２,6,,夏目　新吾,35,静岡,,,0,0,0,0,0,0,0,0,0,0,5,,,,44,chariloto,7,0,,,,,,
20240101CL4405,2024-01-01,05,,大垣,大垣競輪 レース結果 （2024年1月1日）,,,Ａ１,2,,明田　春喜,42,北海,,,0,0,0,0,0,0,0,0,0,0,6,,,,44,chariloto,7,0,,,,,,
20240101CL4405,2024-01-01,05,,大垣,大垣競輪 レース結果 （2024年1月1日）,,,Ａ１,7,,矢口啓一郎,43,群馬,,,0,0,0,0,0,0,0,0,0,0,7,,,,44,chariloto,7,0,,,,,,
20240101CL4406,2024-01-01,06,,大垣,大垣競輪 レース結果 （2024年1月1日）,,,Ｓ２,6,,松岡　篤哉,41,岐阜,,,B,0,B,0,0,0,0,1,0,0,1,,,,44,chariloto,6,0,,,,,,
20240101CL4406,2024-01-01,06,,大垣,大垣競輪 レース結果 （2024年1月1日）,,,Ｓ２,1,,不破　将登,35,岐阜,,,S,0,S,0,0,0,0,0,0,0,2,,,,44,chariloto,6,0,,,,,,
20240101CL4406,2024-01-01,06,,大垣,大垣競輪 レース結果 （2024年1月1日）,,,Ｓ２,2,,金成　和幸,44,福島,,,0,0,0,0,0,0,0,0,0,0,3,,,,44,chariloto,6,0,,,,,,
20240101CL4406,2024-01-01,06,,大垣,大垣競輪 レース結果 （2024年1月1日）,,,Ｓ２,5,,伊藤 亮,41,埼玉,,,0,0,0,0,0,0,0,0,0,0,4,,,,44,chariloto,6,0,,,,,,
20240101CL4406,2024-01-01,06,,大垣,大垣競輪 レース結果 （2024年1月1日）,,,Ｓ２,3,,伊藤慶太郎,30,埼玉,,,0,0,0,0,0,0,0,0,0,0,5,,,,44,chariloto,6,0,,,,,,
20240101CL4406,2024-01-01,06,,大垣,大垣競輪 レース結果 （2024年1月1日）,,,Ｓ２,4,,下井 竜,29,三重,,,0,0,0,0,0,0,0,0,0,0,6,,,,44,chariloto,6,0,,,,,,
20240101CL4407,2024-01-01,07,,大垣,大垣競輪 レース結果 （2024年1月1日）,,,Ｓ２,1,,蒔田　英彦,40,千葉,,,S,0,S,0,0,0,0,1,0,0,1,,,,44,chariloto,7,0,,,,,,
20240101CL4407,2024-01-01,07,,大垣,大垣競輪 レース結果 （2024年1月1日）,,,Ｓ２,5,,成田　健児,49,神奈,,,0,0,0,0,0,0,0,0,0,0,2,,,,44,chariloto,7,0,,,,,,
20240101CL4407,2024-01-01,07,,大垣,大垣競輪 レース結果 （2024年1月1日）,,,Ｓ２,3,,佐藤愼太郎,45,福島,,,0,0,0,0,0,0,0,0,0,0,3,,,,44,chariloto,7,0,,,,,,
20240101CL4407,2024-01-01,07,,大垣,大垣競輪 レース結果 （2024年1月1日）,,,Ｓ２,6,,佐々木吉徳,36,秋田,,,0,0,0,0,0,0,0,0,0,0,4,,,,44,chariloto,7,0,,,,,,
20240101CL4407,2024-01-01,07,,大垣,大垣競輪 レース結果 （2024年1月1日）,,,Ｓ２,7,,早坂　秀悟,37,茨城,,,0,0,0,0,0,0,0,0,0,0,5,,,,44,chariloto,7,0,,,,,,
20240101CL4407,2024-01-01,07,,大垣,大垣競輪 レース結果 （2024年1月1日）,,,Ｓ２,4,,遠藤　勝弥,34,静岡,,,B,0,B,0,0,0,0,0,0,0,6,,,,44,chariloto,7,0,,,,,,
20240101CL4407,2024-01-01,07,,大垣,大垣競輪 レース結果 （2024年1月1日）,,,Ｓ２,2,,志村　龍己,37,山梨,,,0,0,0,0,0,0,0,0,0,0,欠,,,,44,chariloto,7,0,,,,,,
20240101CL4408,2024-01-01,08,,大垣,大垣競輪 レース結果 （2024年1月1日）,,,Ｓ２,1,,中島　詩音,25,山梨,,,B,0,B,0,0,0,1,0,0,0,1,,,,44,chariloto,7,0,,,,,,
20240101CL4408,2024-01-01,08,,大垣,大垣競輪 レース結果 （2024年1月1日）,,,Ｓ２,7,,元砂　勇雪,32,奈良,,,0,0,0,0,0,0,0,0,0,0,2,,,,44,chariloto,7,0,,,,,,
20240101CL4408,2024-01-01,08,,大垣,大垣競輪 レース結果 （2024年1月1日）,,,Ｓ２,5,,望月　永悟,46,静岡,,,0,0,0,0,0,0,0,0,0,0,3,,,,44,chariloto,7,0,,,,,,
20240101CL4408,2024-01-01,08,,大垣,大垣競輪 レース結果 （2024年1月1日）,,,Ｓ１,3,,東　龍之介,33,神奈,,,0,0,0,0,0,0,0,0,0,0,4,,,,44,chariloto,7,0,,,,,,
20240101CL4408,2024-01-01,08,,大垣,大垣競輪 レース結果 （2024年1月1日）,,,Ｓ２,4,,高橋　広大,36,埼玉,,,0,0,0,0,0,0,0,0,0,0,5,,,,44,chariloto,7,0,,,,,,
20240101CL4408,2024-01-01,08,,大垣,大垣競輪 レース結果 （2024年1月1日）,,,Ｓ１,6,,山下 渡,40,茨城,,,0,0,0,0,0,0,0,0,0,0,6,,,,44,chariloto,7,0,,,,,,
20240101CL4408,2024-01-01,08,,大垣,大垣競輪 レース結果 （2024年1月1日）,,,Ｓ２,2,,八日市屋浩,48,石川,,,S,0,S,0,0,0,0,0,0,0,7,,,,44,chariloto,7,0,,,,,,
20240101CL4409,2024-01-01,09,,大垣,大垣競輪 レース結果 （2024年1月1日）,,,Ｓ１,4,,一戸　康宏,36,埼玉,,,B,0,B,0,0,0,1,0,0,0,1,,,,44,chariloto,7,0,,,,,,
20240101CL4409,2024-01-01,09,,大垣,大垣競輪 レース結果 （2024年1月1日）,,,Ｓ２,2,,相川　永伍,40,埼玉,,,0,0,0,0,0,0,0,0,0,0,2,,,,44,chariloto,7,0,,,,,,
20240101CL4409,2024-01-01,09,,大垣,大垣競輪 レース結果 （2024年1月1日）,,,Ｓ２,7,,松岡　健介,45,兵庫,,,0,0,0,0,0,0,0,0,0,0,2,,,,44,chariloto,7,0,,,,,,
20240101CL4409,2024-01-01,09,,大垣,大垣競輪 レース結果 （2024年1月1日）,,,Ｓ２,5,,原 真司,46,岐阜,,,0,0,0,0,0,0,0,0,0,0,4,,,,44,chariloto,7,0,,,,,,
20240101CL4409,2024-01-01,09,,大垣,大垣競輪 レース結果 （2024年1月1日）,,,Ｓ２,1,,森川　大輔,36,岐阜,,,0,0,0,0,0,0,0,0,0,0,5,,,,44,chariloto,7,0,,,,,,
20240101CL4409,2024-01-01,09,,大垣,大垣競輪 レース結果 （2024年1月1日）,,,Ｓ２,3,,古賀　勝大,32,和歌,,,S,0,S,0,0,0,0,0,0,0,6,,,,44,chariloto,7,0,,,,,,
20240101CL4409,2024-01-01,09,,大垣,大垣競輪 レース結果 （2024年1月1日）,,,Ｓ２,6,,鈴木　謙二,38,東京,,,0,0,0,0,0,0,0,0,0,0,7,,,,44,chariloto,7,0,,,,,,
20240101CL4410,2024-01-01,10,,大垣,大垣競輪 レース結果 （2024年1月1日）,,,Ｓ２,6,,纐纈　洸翔,21,愛知,,,0,0,0,0,0,0,0,0,1,0,1,,,,44,chariloto,7,0,,,,,,
20240101CL4410,2024-01-01,10,,大垣,大垣競輪 レース結果 （2024年1月1日）,,,Ｓ１,4,,根田　空史,35,千葉,,,B,0,B,0,0,0,0,0,0,0,2,,,,44,chariloto,7,0,,,,,,
20240101CL4410,2024-01-01,10,,大垣,大垣競輪 レース結果 （2024年1月1日）,,,Ｓ１,5,,椎木尾拓哉,38,和歌,,,0,0,0,0,0,0,0,0,0,0,3,,,,44,chariloto,7,0,,,,,,
20240101CL4410,2024-01-01,10,,大垣,大垣競輪 レース結果 （2024年1月1日）,,,Ｓ１,1,,飯野　祐太,39,福島,,,0,0,0,0,0,0,0,0,0,0,4,,,,44,chariloto,7,0,,,,,,
20240101CL4410,2024-01-01,10,,大垣,大垣競輪 レース結果 （2024年1月1日）,,,Ｓ２,7,,保科　千春,32,宮城,,,S,0,S,0,0,0,0,0,0,0,5,,,,44,chariloto,7,0,,,,,,
20240101CL4410,2024-01-01,10,,大垣,大垣競輪 レース結果 （2024年1月1日）,,,Ｓ２,2,,伊藤　正樹,51,愛知,,,0,0,0,0,0,0,0,0,0,0,6,,,,44,chariloto,7,0,,,,,,
20240101CL4410,2024-01-01,10,,大垣,大垣競輪 レース結果 （2024年1月1日）,,,Ｓ２,3,,池野　健太,31,兵庫,,,0,0,0,0,0,0,0,0,0,0,7,,,,44,chariloto,7,0,,,,,,
20240101CL4411,2024-01-01,11,,大垣,大垣競輪 レース結果 （2024年1月1日）,,,Ｓ１,3,,皿屋 豊,41,三重,,,0,0,0,0,0,0,0,1,0,0,1,,,,44,chariloto,7,0,,,,,,
20240101CL4411,2024-01-01,11,,大垣,大垣競輪 レース結果 （2024年1月1日）,,,Ｓ１,2,,木暮　安由,38,群馬,,,0,0,0,0,0,0,0,0,0,0,2,,,,44,chariloto,7,0,,,,,,
20240101CL4411,2024-01-01,11,,大垣,大垣競輪 レース結果 （2024年1月1日）,,,Ｓ２,4,,木村　皆斗,22,茨城,,,B,0,B,0,0,0,0,0,0,0,3,,,,44,chariloto,7,0,,,,,,
20240101CL4411,2024-01-01,11,,大垣,大垣競輪 レース結果 （2024年1月1日）,,,Ｓ１,1,,山本　伸一,40,奈良,,,S,0,S,0,0,0,0,0,0,0,4,,,,44,chariloto,7,0,,,,,,
20240101CL4411,2024-01-01,11,,大垣,大垣競輪 レース結果 （2024年1月1日）,,,Ｓ２,6,,太刀川一成,43,千葉,,,0,0,0,0,0,0,0,0,0,0,5,,,,44,chariloto,7,0,,,,,,
20240101CL4411,2024-01-01,11,,大垣,大垣競輪 レース結果 （2024年1月1日）,,,Ｓ１,7,,吉田　敏洋,44,愛知,,,0,0,0,0,0,0,0,0,0,0,6,,,,44,chariloto,7,0,,,,,,
20240101CL4411,2024-01-01,11,,大垣,大垣競輪 レース結果 （2024年1月1日）,,,Ｓ２,5,,土生　敦弘,24,大阪,,,0,0,0,0,0,0,0,0,0,0,7,,,,44,chariloto,7,0,,,,,,
20240101CL4412,2024-01-01,12,,大垣,大垣競輪 レース結果 （2024年1月1日）,,,Ｓ１,1,,山田 諒,24,岐阜,,,0,0,0,0,0,0,0,1,0,0,1,,,,44,chariloto,7,0,,,,,,
20240101CL4412,2024-01-01,12,,大垣,大垣競輪 レース結果 （2024年1月1日）,,,Ｓ１,5,,山口　富生,53,岐阜,,,0,0,0,0,0,0,0,0,0,0,2,,,,44,chariloto,7,0,,,,,,
20240101CL4412,2024-01-01,12,,大垣,大垣競輪 レース結果 （2024年1月1日）,,,Ｓ１,3,,内藤　宣彦,52,秋田,,,0,0,0,0,0,0,0,0,0,0,3,,,,44,chariloto,7,0,,,,,,
20240101CL4412,2024-01-01,12,,大垣,大垣競輪 レース結果 （2024年1月1日）,,,Ｓ２,6,,山本　紳貴,38,千葉,,,0,0,0,0,0,0,0,0,0,0,4,,,,44,chariloto,7,0,,,,,,
20240101CL4412,2024-01-01,12,,大垣,大垣競輪 レース結果 （2024年1月1日）,,,Ｓ２,4,,坂本　紘規,27,青森,,,B,0,B,0,0,0,0,0,0,0,5,,,,44,chariloto,7,0,,,,,,
20240101CL4412,2024-01-01,12,,大垣,大垣競輪 レース結果 （2024年1月1日）,,,Ｓ２,2,,川口　直人,47,神奈,,,0,0,0,0,0,0,0,0,0,0,6,,,,44,chariloto,7,0,,,,,,
20240101CL4412,2024-01-01,12,,大垣,大垣競輪 レース結果 （2024年1月1日）,,,Ｓ２,7,,藤田　勝也,35,和歌,,,0,0,0,0,0,0,0,0,0,0,7,,,,44,chariloto,7,0,,,,,,
20240101CL4701,2024-01-01,01,,松阪チャリロト レース結果 （2024年1月1日）,松阪チャリロト レース結果 （2024年1月1日）,,,Ａ３,2,,平野　想真,24,愛知,,,S,0,S,0,0,0,0,1,0,0,1,,,,47,chariloto,6,0,,,,,,
20240101CL4701,2024-01-01,01,,松阪チャリロト レース結果 （2024年1月1日）,松阪チャリロト レース結果 （2024年1月1日）,,,Ａ３,5,,小西　誠也,47,三重,,,0,0,0,0,0,0,0,0,0,0,2,,,,47,chariloto,6,0,,,,,,
20240101CL4701,2024-01-01,01,,松阪チャリロト レース結果 （2024年1月1日）,松阪チャリロト レース結果 （2024年1月1日）,,,Ａ３,6,,内田 淳,31,千葉,,,0,0,0,0,0,0,0,0,0,0,3,,,,47,chariloto,6,0,,,,,,
20240101CL4701,2024-01-01,01,,松阪チャリロト レース結果 （2024年1月1日）,松阪チャリロト レース結果 （2024年1月1日）,,,Ａ３,3,,須永　勝太,33,福島,,,B,0,B,0,0,0,0,0,0,0,4,,,,47,chariloto,6,0,,,,,,
20240101CL4701,2024-01-01,01,,松阪チャリロト レース結果 （2024年1月1日）,松阪チャリロト レース結果 （2024年1月1日）,,,Ａ３,1,,齊藤紳一朗,46,青森,,,0,0,0,0,0,0,0,0,0,0,5,,,,47,chariloto,6,0,,,,,,
20240101CL4701,2024-01-01,01,,松阪チャリロト レース結果 （2024年1月1日）,松阪チャリロト レース結果 （2024年1月1日）,,,Ａ３,4,,岡崎 徹,51,神奈,,,0,0,0,0,0,0,0,0,0,0,6,,,,47,chariloto,6,0,,,,,,
20240101CL4702,2024-01-01,02,,松阪チャリロト レース結果 （2024年1月1日）,松阪チャリロト レース結果 （2024年1月1日）,,,Ａ３,2,,松本　京太,25,静岡,,,S  B,0,S  B,0,0,0,1,0,0,0,1,,,,47,chariloto,7,0,,,,,,
20240101CL4702,2024-01-01,02,,松阪チャリロト レース結果 （2024年1月1日）,松阪チャリロト レース結果 （2024年1月1日）,,,Ａ３,1,,浅沼　聖士,42,静岡,,,0,0,0,0,0,0,0,0,0,0,2,,,,47,chariloto,7,0,,,,,,
20240101CL4702,2024-01-01,02,,松阪チャリロト レース結果 （2024年1月1日）,松阪チャリロト レース結果 （2024年1月1日）,,,Ａ３,5,,志村　正洋,49,神奈,,,0,0,0,0,0,0,0,0,0,0,3,,,,47,chariloto,7,0,,,,,,
20240101CL4702,2024-01-01,02,,松阪チャリロト レース結果 （2024年1月1日）,松阪チャリロト レース結果 （2024年1月1日）,,,Ａ３,4,,菅藤 智,40,群馬,,,0,0,0,0,0,0,0,0,0,0,4,,,,47,chariloto,7,0,,,,,,
20240101CL4702,2024-01-01,02,,松阪チャリロト レース結果 （2024年1月1日）,松阪チャリロト レース結果 （2024年1月1日）,,,Ａ３,7,,邊見 斎,38,福島,,,0,0,0,0,0,0,0,0,0,0,5,,,,47,chariloto,7,0,,,,,,
20240101CL4702,2024-01-01,02,,松阪チャリロト レース結果 （2024年1月1日）,松阪チャリロト レース結果 （2024年1月1日）,,,Ａ３,6,,古寺　伸洋,51,埼玉,,,0,0,0,0,0,0,0,0,0,0,6,,,,47,chariloto,7,0,,,,,,
20240101CL4702,2024-01-01,02,,松阪チャリロト レース結果 （2024年1月1日）,松阪チャリロト レース結果 （2024年1月1日）,,,Ａ３,3,,山崎　功也,35,宮城,,,0,0,0,0,0,0,0,0,0,0,落,,,,47,chariloto,7,0,,,,,,
20240101CL4703,2024-01-01,03,,松阪チャリロト レース結果 （2024年1月1日）,松阪チャリロト レース結果 （2024年1月1日）,,,Ａ３,2,,佐々木祐太,23,岩手,,,B,0,B,0,0,0,1,0,0,0,1,,,,47,chariloto,7,0,,,,,,
20240101CL4703,2024-01-01,03,,松阪チャリロト レース結果 （2024年1月1日）,松阪チャリロト レース結果 （2024年1月1日）,,,Ａ３,3,,堀 勝政,45,群馬,,,S,0,S,0,0,0,0,0,0,0,2,,,,47,chariloto,7,0,,,,,,
20240101CL4703,2024-01-01,03,,松阪チャリロト レース結果 （2024年1月1日）,松阪チャリロト レース結果 （2024年1月1日）,,,Ａ３,1,,石田　宏樹,42,青森,,,0,0,0,0,0,0,0,0,0,0,3,,,,47,chariloto,7,0,,,,,,
20240101CL4703,2024-01-01,03,,松阪チャリロト レース結果 （2024年1月1日）,松阪チャリロト レース結果 （2024年1月1日）,,,Ａ３,7,,北村　匡章,50,静岡,,,0,0,0,0,0,0,0,0,0,0,4,,,,47,chariloto,7,0,,,,,,
20240101CL4703,2024-01-01,03,,松阪チャリロト レース結果 （2024年1月1日）,松阪チャリロト レース結果 （2024年1月1日）,,,Ａ３,4,,加賀美智史,41,山梨,,,0,0,0,0,0,0,0,0,0,0,5,,,,47,chariloto,7,0,,,,,,
20240101CL4703,2024-01-01,03,,松阪チャリロト レース結果 （2024年1月1日）,松阪チャリロト レース結果 （2024年1月1日）,,,Ａ３,6,,町田　勝志,48,静岡,,,0,0,0,0,0,0,0,0,0,0,6,,,,47,chariloto,7,0,,,,,,
20240101CL4703,2024-01-01,03,,松阪チャリロト レース結果 （2024年1月1日）,松阪チャリロト レース結果 （2024年1月1日）,,,Ａ３,5,,齋藤 明,56,北海,,,0,0,0,0,0,0,0,0,0,0,7,,,,47,chariloto,7,0,,,,,,
20240101CL4704,2024-01-01,04,,松阪チャリロト レース結果 （2024年1月1日）,松阪チャリロト レース結果 （2024年1月1日）,,,Ａ３,4,,竹澤　雅也,22,福井,,,B,0,B,0,0,0,0,1,0,0,1,,,,47,chariloto,7,0,,,,,,
20240101CL4704,2024-01-01,04,,松阪チャリロト レース結果 （2024年1月1日）,松阪チャリロト レース結果 （2024年1月1日）,,,Ａ３,2,,渡会　啓介,47,愛知,,,0,0,0,0,0,0,0,0,0,0,2,,,,47,chariloto,7,0,,,,,,
20240101CL4704,2024-01-01,04,,松阪チャリロト レース結果 （2024年1月1日）,松阪チャリロト レース結果 （2024年1月1日）,,,Ａ３,5,,嶋貫　高大,42,宮城,,,0,0,0,0,0,0,0,0,0,0,3,,,,47,chariloto,7,0,,,,,,
20240101CL4704,2024-01-01,04,,松阪チャリロト レース結果 （2024年1月1日）,松阪チャリロト レース結果 （2024年1月1日）,,,Ａ３,6,,小田桐義継,45,北海,,,0,0,0,0,0,0,0,0,0,0,4,,,,47,chariloto,7,0,,,,,,
20240101CL4704,2024-01-01,04,,松阪チャリロト レース結果 （2024年1月1日）,松阪チャリロト レース結果 （2024年1月1日）,,,Ａ３,7,,井上　善裕,48,埼玉,,,0,0,0,0,0,0,0,0,0,0,5,,,,47,chariloto,7,0,,,,,,
20240101CL4704,2024-01-01,04,,松阪チャリロト レース結果 （2024年1月1日）,松阪チャリロト レース結果 （2024年1月1日）,,,Ａ３,1,,桜井　大地,30,静岡,,,S,0,S,0,0,0,0,0,0,0,6,,,,47,chariloto,7,0,,,,,,
20240101CL4704,2024-01-01,04,,松阪チャリロト レース結果 （2024年1月1日）,松阪チャリロト レース結果 （2024年1月1日）,,,Ａ３,3,,海野　敦男,52,静岡,,,0,0,0,0,0,0,0,0,0,0,7,,,,47,chariloto,7,0,,,,,,
20240101CL4705,2024-01-01,05,,松阪チャリロト レース結果 （2024年1月1日）,松阪チャリロト レース結果 （2024年1月1日）,,,Ａ３,2,,山村　慮太,37,大阪,,,0,0,0,0,0,0,0,0,1,0,1,,,,47,chariloto,7,0,,,,,,
20240101CL4705,2024-01-01,05,,松阪チャリロト レース結果 （2024年1月1日）,松阪チャリロト レース結果 （2024年1月1日）,,,Ａ３,7,,大崎龍一郎,31,滋賀,,,0,0,0,0,0,0,0,0,0,0,2,,,,47,chariloto,7,0,,,,,,
20240101CL4705,2024-01-01,05,,松阪チャリロト レース結果 （2024年1月1日）,松阪チャリロト レース結果 （2024年1月1日）,,,Ａ３,1,,本田　拓也,41,新潟,,,0,0,0,0,0,0,0,0,0,0,3,,,,47,chariloto,7,0,,,,,,
20240101CL4705,2024-01-01,05,,松阪チャリロト レース結果 （2024年1月1日）,松阪チャリロト レース結果 （2024年1月1日）,,,Ａ３,3,,村上　翔馬,25,兵庫,,,S  B,0,S  B,0,0,0,0,0,0,0,4,,,,47,chariloto,7,0,,,,,,
20240101CL4705,2024-01-01,05,,松阪チャリロト レース結果 （2024年1月1日）,松阪チャリロト レース結果 （2024年1月1日）,,,Ａ３,5,,本間　慎吾,36,新潟,,,0,0,0,0,0,0,0,0,0,0,5,,,,47,chariloto,7,0,,,,,,
20240101CL4705,2024-01-01,05,,松阪チャリロト レース結果 （2024年1月1日）,松阪チャリロト レース結果 （2024年1月1日）,,,Ａ３,6,,福間 力,49,神奈,,,0,0,0,0,0,0,0,0,0,0,6,,,,47,chariloto,7,0,,,,,,
20240101CL4705,2024-01-01,05,,松阪チャリロト レース結果 （2024年1月1日）,松阪チャリロト レース結果 （2024年1月1日）,,,Ａ３,4,,助川翔太郎,27,埼玉,,,0,0,0,0,0,0,0,0,0,0,7,,,,47,chariloto,7,0,,,,,,
20240101CL4706,2024-01-01,06,,松阪チャリロト レース結果 （2024年1月1日）,松阪チャリロト レース結果 （2024年1月1日）,,,Ａ３,3,,花村　直人,54,三重,,,0,0,0,0,0,0,0,0,1,0,1,,,,47,chariloto,7,0,,,,,,
20240101CL4706,2024-01-01,06,,松阪チャリロト レース結果 （2024年1月1日）,松阪チャリロト レース結果 （2024年1月1日）,,,Ａ３,1,,野崎 翼,26,岐阜,,,S  B,0,S  B,0,0,0,0,0,0,0,2,,,,47,chariloto,7,0,,,,,,
20240101CL4706,2024-01-01,06,,松阪チャリロト レース結果 （2024年1月1日）,松阪チャリロト レース結果 （2024年1月1日）,,,Ａ３,6,,古田　義明,50,三重,,,0,0,0,0,0,0,0,0,0,0,3,,,,47,chariloto,7,0,,,,,,
20240101CL4706,2024-01-01,06,,松阪チャリロト レース結果 （2024年1月1日）,松阪チャリロト レース結果 （2024年1月1日）,,,Ａ３,4,,渡辺福太郎,38,神奈,,,0,0,0,0,0,0,0,0,0,0,4,,,,47,chariloto,7,0,,,,,,
20240101CL4706,2024-01-01,06,,松阪チャリロト レース結果 （2024年1月1日）,松阪チャリロト レース結果 （2024年1月1日）,,,Ａ３,7,,松本　昌士,40,福島,,,0,0,0,0,0,0,0,0,0,0,5,,,,47,chariloto,7,0,,,,,,
20240101CL4706,2024-01-01,06,,松阪チャリロト レース結果 （2024年1月1日）,松阪チャリロト レース結果 （2024年1月1日）,,,Ａ３,5,,梶原　亜湖,53,静岡,,,0,0,0,0,0,0,0,0,0,0,6,,,,47,chariloto,7,0,,,,,,
20240101CL4706,2024-01-01,06,,松阪チャリロト レース結果 （2024年1月1日）,松阪チャリロト レース結果 （2024年1月1日）,,,Ａ３,2,,里見　恒平,47,千葉,,,0,0,0,0,0,0,0,0,0,0,7,,,,47,chariloto,7,0,,,,,,
20240101CL4707,2024-01-01,07,,松阪チャリロト レース結果 （2024年1月1日）,松阪チャリロト レース結果 （2024年1月1日）,,,Ａ３,2,,松田　昂己,22,茨城,,,S  B,0,S  B,0,0,0,1,0,0,0,1,,,,47,chariloto,7,0,,,,,,
20240101CL4707,2024-01-01,07,,松阪チャリロト レース結果 （2024年1月1日）,松阪チャリロト レース結果 （2024年1月1日）,,,Ａ３,1,,福田　拓也,32,栃木,,,0,0,0,0,0,0,0,0,0,0,2,,,,47,chariloto,7,0,,,,,,
20240101CL4707,2024-01-01,07,,松阪チャリロト レース結果 （2024年1月1日）,松阪チャリロト レース結果 （2024年1月1日）,,,Ａ３,3,,三澤　勝成,46,宮城,,,0,0,0,0,0,0,0,0,0,0,3,,,,47,chariloto,7,0,,,,,,
20240101CL4707,2024-01-01,07,,松阪チャリロト レース結果 （2024年1月1日）,松阪チャリロト レース結果 （2024年1月1日）,,,Ａ３,6,,浦野　慈生,37,神奈,,,0,0,0,0,0,0,0,0,0,0,4,,,,47,chariloto,7,0,,,,,,
20240101CL4707,2024-01-01,07,,松阪チャリロト レース結果 （2024年1月1日）,松阪チャリロト レース結果 （2024年1月1日）,,,Ａ３,4,,石川　一浩,56,静岡,,,0,0,0,0,0,0,0,0,0,0,5,,,,47,chariloto,7,0,,,,,,
20240101CL4707,2024-01-01,07,,松阪チャリロト レース結果 （2024年1月1日）,松阪チャリロト レース結果 （2024年1月1日）,,,Ａ３,7,,田中　智也,51,静岡,,,0,0,0,0,0,0,0,0,0,0,6,,,,47,chariloto,7,0,,,,,,
20240101CL4707,2024-01-01,07,,松阪チャリロト レース結果 （2024年1月1日）,松阪チャリロト レース結果 （2024年1月1日）,,,Ａ３,5,,椿 佳友,55,北海,,,0,0,0,0,0,0,0,0,0,0,7,,,,47,chariloto,7,0,,,,,,
